player_name,position,nfl_team,projected_points,floor,ceiling,risk_tier,explanation,projected_rank
Bills,DEF,Bills,214.5,167.3,268.1,medium,"Elite-tier defensive projection from a 10.5-win Vegas total (team quality is a real, if imperfect, proxy for scoring defense -- DEF is 0.9% of this league's historical spend, so this gets a lighter-touch treatment than skill positions). Scored against the league's exact real DEF rules: ~3.1 sacks/g (1pt), ~1.05 INT/g (2pt), ~0.65 fumble rec/g (2pt), ~6.0 defensive/return TDs/season (6pt), ~18.5 points allowed/g, and ~305 yards allowed/g (both scored on the league's tiered scale). Median 214 pts, floor 167, ceiling 268.",4
Chiefs,DEF,Chiefs,214.5,167.3,268.1,medium,"Elite-tier defensive projection from a 10.5-win Vegas total (team quality is a real, if imperfect, proxy for scoring defense -- DEF is 0.9% of this league's historical spend, so this gets a lighter-touch treatment than skill positions). Scored against the league's exact real DEF rules: ~3.1 sacks/g (1pt), ~1.05 INT/g (2pt), ~0.65 fumble rec/g (2pt), ~6.0 defensive/return TDs/season (6pt), ~18.5 points allowed/g, and ~305 yards allowed/g (both scored on the league's tiered scale). Median 214 pts, floor 167, ceiling 268.",5
Bengals,DEF,Bengals,214.5,167.3,268.1,medium,"Elite-tier defensive projection from a 10.5-win Vegas total (team quality is a real, if imperfect, proxy for scoring defense -- DEF is 0.9% of this league's historical spend, so this gets a lighter-touch treatment than skill positions). Scored against the league's exact real DEF rules: ~3.1 sacks/g (1pt), ~1.05 INT/g (2pt), ~0.65 fumble rec/g (2pt), ~6.0 defensive/return TDs/season (6pt), ~18.5 points allowed/g, and ~305 yards allowed/g (both scored on the league's tiered scale). Median 214 pts, floor 167, ceiling 268.",7
Packers,DEF,Packers,214.5,167.3,268.1,medium,"Elite-tier defensive projection from a 10.5-win Vegas total (team quality is a real, if imperfect, proxy for scoring defense -- DEF is 0.9% of this league's historical spend, so this gets a lighter-touch treatment than skill positions). Scored against the league's exact real DEF rules: ~3.1 sacks/g (1pt), ~1.05 INT/g (2pt), ~0.65 fumble rec/g (2pt), ~6.0 defensive/return TDs/season (6pt), ~18.5 points allowed/g, and ~305 yards allowed/g (both scored on the league's tiered scale). Median 214 pts, floor 167, ceiling 268.",9
Lions,DEF,Lions,214.5,167.3,268.1,medium,"Elite-tier defensive projection from a 10.5-win Vegas total (team quality is a real, if imperfect, proxy for scoring defense -- DEF is 0.9% of this league's historical spend, so this gets a lighter-touch treatment than skill positions). Scored against the league's exact real DEF rules: ~3.1 sacks/g (1pt), ~1.05 INT/g (2pt), ~0.65 fumble rec/g (2pt), ~6.0 defensive/return TDs/season (6pt), ~18.5 points allowed/g, and ~305 yards allowed/g (both scored on the league's tiered scale). Median 214 pts, floor 167, ceiling 268.",10
49ers,DEF,49ers,154.9,120.8,193.6,medium,"Good-tier defensive projection from a 9.5-win Vegas total (team quality is a real, if imperfect, proxy for scoring defense -- DEF is 0.9% of this league's historical spend, so this gets a lighter-touch treatment than skill positions). Scored against the league's exact real DEF rules: ~2.7 sacks/g (1pt), ~0.90 INT/g (2pt), ~0.60 fumble rec/g (2pt), ~4.0 defensive/return TDs/season (6pt), ~20.5 points allowed/g, and ~330 yards allowed/g (both scored on the league's tiered scale). Median 155 pts, floor 121, ceiling 194.",11
Cowboys,DEF,Cowboys,154.9,120.8,193.6,medium,"Good-tier defensive projection from a 9.5-win Vegas total (team quality is a real, if imperfect, proxy for scoring defense -- DEF is 0.9% of this league's historical spend, so this gets a lighter-touch treatment than skill positions). Scored against the league's exact real DEF rules: ~2.7 sacks/g (1pt), ~0.90 INT/g (2pt), ~0.60 fumble rec/g (2pt), ~4.0 defensive/return TDs/season (6pt), ~20.5 points allowed/g, and ~330 yards allowed/g (both scored on the league's tiered scale). Median 155 pts, floor 121, ceiling 194.",13
Hunter Henry,TE,Patriots,92.1,58.0,130.8,high,"TE1, clear lead pass-catcher role; 5.9 targets/g (6.0 baseline x 1.00 scheme/pace x 0.98 game-script); 68% catch rate, 5.5 yds/target; plays in Patriots' 24.5 implied pts/g; top-tier offense; average O-line; balanced; ascending pass offense scheme; 2026 change: Has been a Patriot since 2021 and just signed a 2yr/up-to-$20M extension (Aug 10, 2026) -- 'Chargers TE1a in crowded room' was a completely wrong team. Light real competition: rookie Eli Raridon is raw, and TE Julian Hill tore his ACL in OTAs.; risk (high): Real, clean lead TE role in New England -- career-high 728 yards in 2025 with even less competition now.; projected for 14 games (injury/role-share discount already applied). Median 92 pts, floor 58, ceiling 131.",15
T.J. Hockenson,TE,Vikings,87.9,65.9,112.5,medium,"TE1 confirmed role; 4.6 targets/g (4.6 baseline x 1.00 scheme/pace x 1.00 game-script); 77% catch rate, 6.6 yds/target; plays in Vikings' 21.5 implied pts/g; average O-line; balanced; o'connell scheme adaptable to qb skill set scheme; QB change: yes (open competition); risk (medium): Real 2025 (15 games): 4.4 targets/g (below this row's old 5.5), 77.3% catch rate, 6.6 yds/target -- corrected to the real per-target rate.; projected for 15 games (injury/role-share discount already applied). Median 88 pts, floor 66, ceiling 112.",16
Mike Gesicki,TE,Bengals,85.2,63.9,109.1,medium,"TE1 -- real target-competition cleared for 2026 role; 4.3 targets/g (4.2 baseline x 1.05 scheme/pace x 0.98 game-script); 68% catch rate, 7.5 yds/target; plays in Bengals' 26.5 implied pts/g; top-tier offense; good O-line; pass-heavy; burrow/chase/higgins vertical passing scheme; Real 2024 line with Cincinnati (65 rec, 665 yds, 2 TD, full health, Burrow healthy) is the real precedent for what a clean target share looks like here; 2025 (28 rec/307 yds in 13 games) was suppressed by his own 4-game injury absence, Burrow's 8-game absence, and the since-departed Fant target split.; 2026 change: Missing from the dataset entirely. Noah Fant (42 targets in 2025, nearly matching Gesicki's own 42) left for New Orleans in free agency, clearing the target competition that split Cincinnati's TE room last year; Joe Burrow is back healthy after missing 8 games in 2025. Real Week 1 2026 confirmation: 5-of-7 targets for 78 yds and a TD, led all Bengals pass-catchers, 17 of 21 snaps running routes -- with Chase and Higgins both healthy and playing, not a Higgins-out fluke.; risk (medium): Real, sourced positive-context change (not a guess) -- but one game of confirmation, and TE volume is famously touchdown-dependent/boom-bust week to week.; projected for 14 games (injury/role-share discount already applied). Median 85 pts, floor 64, ceiling 109.",17
David Njoku,TE,Chargers,78.0,58.5,99.8,medium,"TE1 new team role; 4.7 targets/g (5.0 baseline x 0.95 scheme/pace x 0.99 game-script); 68% catch rate, 6.0 yds/target; plays in Chargers' 23.0 implied pts/g; average O-line; run-funnel/balanced under harbaugh scheme; new coaching: new OC reported (Mike McDaniel, per one source - unconfirmed); 2026 change: Signed with the Chargers in free agency after leaving Cleveland; the presumed starting TE, though a rookie TE is seen as the long-term heir apparent.; risk (medium): Fully healthy from a left PCL sprain; new offense/QB chemistry and a rookie waiting behind him are the real 2026 variables.; projected for 14 games (injury/role-share discount already applied). Median 78 pts, floor 58, ceiling 100.",18
Commanders,DEF,Commanders,135.3,105.5,169.1,medium,"Average-tier defensive projection from a 7.5-win Vegas total (team quality is a real, if imperfect, proxy for scoring defense -- DEF is 0.9% of this league's historical spend, so this gets a lighter-touch treatment than skill positions). Scored against the league's exact real DEF rules: ~2.3 sacks/g (1pt), ~0.75 INT/g (2pt), ~0.55 fumble rec/g (2pt), ~3.0 defensive/return TDs/season (6pt), ~22.5 points allowed/g, and ~350 yards allowed/g (both scored on the league's tiered scale). Median 135 pts, floor 106, ceiling 169.",18
Giants,DEF,Giants,135.3,105.5,169.1,medium,"Average-tier defensive projection from a 7.5-win Vegas total (team quality is a real, if imperfect, proxy for scoring defense -- DEF is 0.9% of this league's historical spend, so this gets a lighter-touch treatment than skill positions). Scored against the league's exact real DEF rules: ~2.3 sacks/g (1pt), ~0.75 INT/g (2pt), ~0.55 fumble rec/g (2pt), ~3.0 defensive/return TDs/season (6pt), ~22.5 points allowed/g, and ~350 yards allowed/g (both scored on the league's tiered scale). Median 135 pts, floor 106, ceiling 169.",19
AJ Barner,TE,Seahawks,75.1,56.3,96.1,medium,"TE1 real starter, real target-share risk role; 3.4 targets/g (3.5 baseline x 1.00 scheme/pace x 0.98 game-script); 72% catch rate, 7.0 yds/target; plays in Seahawks' 25.0 implied pts/g; top-tier offense; good O-line; balanced; defending super bowl champion identity scheme; 2026 change: Missing from the dataset entirely -- real 2025 breakout: 52 rec on 68 targets for 519 yds, 6 TD over 17 games (2nd on the team in TD catches behind only Jaxon Smith-Njigba), real red-zone chemistry with Sam Darnold.; risk (medium): Real target-competition risk from 2025 2nd-round TE Elijah Arroyo, who Seattle may feature more in 2026, plus two real undisclosed offseason surgeries that kept Barner out of OTAs -- trimmed slightly off his real 2025 rate rather than assuming a repeat workload.; projected for 15 games (injury/role-share discount already applied). Median 75 pts, floor 56, ceiling 96.",19
Daniel Jones,QB,Colts,161.5,101.7,229.3,high,"QB1 bounce-back, paid starter role; 30.3 pass att/g x 6.8 YPA, 3.2% TD rate; 6.0 rush att/g at 4.5 YPC (2.7% rush-TD rate); +5 pts from expected 300/500-pass-yard (and rush-yard) game bonuses; plays in Colts' 20.5 implied pts/g; bottom-tier offense; good O-line; run-funnel/balanced; strong zone-run ol (top-5 run-block unit) scheme; 2026 change: Re-signed on a new $88M contract, confirmed starter over Anthony Richardson and rookie Riley Leonard.; market signal: Comeback Player of the Year dark horse (+1500 to +2000 across books); risk (high): Coming back from an Achilles tear (and a fractured fibula); rushing floor is real but the passing-efficiency track record is thin.; projected for 15 games (injury/role-share discount already applied). Median 162 pts, floor 102, ceiling 229.",20
Saints,DEF,Saints,135.3,105.5,169.1,medium,"Average-tier defensive projection from a 7.5-win Vegas total (team quality is a real, if imperfect, proxy for scoring defense -- DEF is 0.9% of this league's historical spend, so this gets a lighter-touch treatment than skill positions). Scored against the league's exact real DEF rules: ~2.3 sacks/g (1pt), ~0.75 INT/g (2pt), ~0.55 fumble rec/g (2pt), ~3.0 defensive/return TDs/season (6pt), ~22.5 points allowed/g, and ~350 yards allowed/g (both scored on the league's tiered scale). Median 135 pts, floor 106, ceiling 169.",20
Greg Dulcich,TE,Dolphins,74.9,47.2,106.4,high,"Real TE1 on a remade, unproven Dolphins TE room role; 4.2 targets/g (4.0 baseline x 1.00 scheme/pace x 1.04 game-script); 65% catch rate, 8.0 yds/target; plays in Dolphins' 18.0 implied pts/g; bottom-tier offense; below-average O-line; pass-funnel expected under new staff; scheme details tbd scheme; new coaching: yes - new HC (replaced Mike McDaniel); QB change: yes; 2026 change: Missing from the dataset entirely. Signed back to Miami on a 1-year deal and sits atop a remade TE room (rookies Kacmarek/Traore, FAs Sims/Turner) with real thin competition -- 2025 real line with Miami: 26 catches, 335 yds, 1 TD in 10 games.; risk (high): A real path to the starting job by default rather than proven target volume -- Miami's passing game itself lacks proven pass-catching talent beyond Tyreek Hill/Jaylen Waddle-caliber names.; projected for 16 games (injury/role-share discount already applied). Median 75 pts, floor 47, ceiling 106.",20
Panthers,DEF,Panthers,135.3,105.5,169.1,medium,"Average-tier defensive projection from a 7.5-win Vegas total (team quality is a real, if imperfect, proxy for scoring defense -- DEF is 0.9% of this league's historical spend, so this gets a lighter-touch treatment than skill positions). Scored against the league's exact real DEF rules: ~2.3 sacks/g (1pt), ~0.75 INT/g (2pt), ~0.55 fumble rec/g (2pt), ~3.0 defensive/return TDs/season (6pt), ~22.5 points allowed/g, and ~350 yards allowed/g (both scored on the league's tiered scale). Median 135 pts, floor 106, ceiling 169.",21
Evan Engram,TE,Broncos,73.7,55.3,94.3,medium,"TE1 confirmed, efficiency risk role; 5.0 targets/g (5.0 baseline x 1.00 scheme/pace x 0.99 game-script); 65% catch rate, 5.5 yds/target; plays in Broncos' 23.5 implied pts/g; elite O-line; balanced; payton scheme with heavy play-action scheme; risk (medium): Remains the primary TE despite a down 2025 (50/461/1); per-target efficiency, not opportunity, is the concern.; projected for 14 games (injury/role-share discount already applied). Median 74 pts, floor 55, ceiling 94.",22
Michael Mayer,TE,Raiders,66.8,50.1,85.5,medium,"TE2, real backup behind Brock Bowers role; 4.0 targets/g (3.9 baseline x 1.00 scheme/pace x 1.03 game-script); 70% catch rate, 6.6 yds/target; plays in Raiders' 18.5 implied pts/g; bottom-tier offense; below-average O-line; pass-funnel under kubiak (seahawks-style scheme) scheme; new coaching: yes - new HC (replaced Pete Carroll); QB change: yes; Brock Bowers had a meniscus trim and is expected out 'a game or two' to start 2026, with Mayer's role 'expected to grow' into a TE1 stint (he averaged 6.0 targets/10.9 fantasy PPG in a similar stretch in 2025) -- but that stretch lands in Weeks 1-2, before Rivals FCL's Week 4-12 scoring window even starts, so it's mostly moot for this league's value.; 2026 change: Missing from the dataset entirely. Real, sourced 2025 role: 35 rec/50 targets, 328 yds, 1 TD in 13 games as Bowers' backup -- targets_pg here is his full-season blended rate.; risk (medium): His real season-long value here is the TE2/backup rate once Bowers returns healthy, not the temporary TE1 bump most other leagues would price in.; projected for 15 games (injury/role-share discount already applied). Median 67 pts, floor 50, ceiling 86.",23
Bryce Young,QB,Panthers,145.6,91.7,206.8,high,"QB2 improving role; 31.3 pass att/g x 6.5 YPA, 3.3% TD rate; 4.0 rush att/g at 4.0 YPC (1.9% rush-TD rate); +4 pts from expected 300/500-pass-yard (and rush-yard) game bonuses; plays in Panthers' 21.0 implied pts/g; average O-line; balanced/run-funnel around chuba hubbard scheme; market signal: Season passing yards O/U prop set at 3250.5 (DraftKings, Jul 2026); risk (high): Strong 2nd-half-of-2025 flash after a rough start; sample size on the good version is still small.; projected for 16 games (injury/role-share discount already applied). Median 146 pts, floor 92, ceiling 207.",23
Geno Smith,QB,Jets,143.1,107.3,183.2,medium,"QB1 game manager role; 34.0 pass att/g x 6.8 YPA, 3.0% TD rate; 2.0 rush att/g at 3.5 YPC (0.8% rush-TD rate); +14 pts from expected 300/500-pass-yard (and rush-yard) game bonuses; plays in Jets' 19.0 implied pts/g; bottom-tier offense; below-average O-line; pass-funnel; rebuilding offense scheme; QB change: yes; 2026 change: Traded from Las Vegas to New York (Mar. 2026) to start for a rebuilding Jets offense.; risk (medium): Solid, unspectacular floor with a thin receiving corps after changing teams for the second time in three years.; projected for 16 games (injury/role-share discount already applied). Median 143 pts, floor 107, ceiling 183.",24
Colts,DEF,Colts,135.3,105.5,169.1,medium,"Average-tier defensive projection from a 7.5-win Vegas total (team quality is a real, if imperfect, proxy for scoring defense -- DEF is 0.9% of this league's historical spend, so this gets a lighter-touch treatment than skill positions). Scored against the league's exact real DEF rules: ~2.3 sacks/g (1pt), ~0.75 INT/g (2pt), ~0.55 fumble rec/g (2pt), ~3.0 defensive/return TDs/season (6pt), ~22.5 points allowed/g, and ~350 yards allowed/g (both scored on the league's tiered scale). Median 135 pts, floor 106, ceiling 169.",24
Pat Freiermuth,TE,Steelers,66.0,49.5,84.5,medium,"TE1, unquestioned lead role role; 4.5 targets/g (4.5 baseline x 1.00 scheme/pace x 1.00 game-script); 65% catch rate, 5.5 yds/target; plays in Steelers' 21.5 implied pts/g; average O-line; pass-funnel under mccarthy but aging roster scheme; new coaching: yes - new HC (replaced Mike Tomlin); 2026 change: Jonnu Smith (who tied Freiermuth for the team's TE target lead in 2025) was released in March 2026; new HC Mike McCarthy's scheme is reported as more seam/TE-friendly, and current outlets are calling Freiermuth a 2026 bounce-back TE1 sleeper now that he's the unquestioned lead TE.; risk (medium): Complementary role behind a WR-heavy Steelers passing game (Metcalf, Pittman).; projected for 14 games (injury/role-share discount already applied). Median 66 pts, floor 50, ceiling 84.",24
Cade Otton,TE,Buccaneers,51.9,38.9,66.4,medium,"TE2 role; 3.5 targets/g (3.5 baseline x 1.00 scheme/pace x 1.00 game-script); 65% catch rate, 5.5 yds/target; plays in Buccaneers' 23.0 implied pts/g; average O-line; pass-heavy; mayfield/evans-godwin-egbuka spread attack scheme; risk (medium): Steady complementary role in Tampa Bay's passing game.; projected for 14 games (injury/role-share discount already applied). Median 52 pts, floor 39, ceiling 66.",25
Buccaneers,DEF,Buccaneers,135.3,105.5,169.1,medium,"Average-tier defensive projection from a 8.5-win Vegas total (team quality is a real, if imperfect, proxy for scoring defense -- DEF is 0.9% of this league's historical spend, so this gets a lighter-touch treatment than skill positions). Scored against the league's exact real DEF rules: ~2.3 sacks/g (1pt), ~0.75 INT/g (2pt), ~0.55 fumble rec/g (2pt), ~3.0 defensive/return TDs/season (6pt), ~22.5 points allowed/g, and ~350 yards allowed/g (both scored on the league's tiered scale). Median 135 pts, floor 106, ceiling 169.",25
Browns,DEF,Browns,120.3,93.8,150.4,medium,"Below-average-tier defensive projection from a 6.5-win Vegas total (team quality is a real, if imperfect, proxy for scoring defense -- DEF is 0.9% of this league's historical spend, so this gets a lighter-touch treatment than skill positions). Scored against the league's exact real DEF rules: ~2.0 sacks/g (1pt), ~0.65 INT/g (2pt), ~0.50 fumble rec/g (2pt), ~2.2 defensive/return TDs/season (6pt), ~24.5 points allowed/g, and ~370 yards allowed/g (both scored on the league's tiered scale). Median 120 pts, floor 94, ceiling 150.",26
Chig Okonkwo,TE,Titans,47.0,29.6,66.7,high,"TE2 role; 3.4 targets/g (3.5 baseline x 0.95 scheme/pace x 1.02 game-script); 65% catch rate, 6.0 yds/target; plays in Titans' 17.5 implied pts/g; bottom-tier offense; poor O-line; run-funnel expected under new staff; sophomore ward developing scheme; new coaching: yes - new HC (replaced Brian Callahan, fired in-season 2025); risk (high): Complementary role on a bad-offense team with the league's worst projected O-line.; projected for 13 games (injury/role-share discount already applied). Median 47 pts, floor 30, ceiling 67.",26
Cam Ward,QB,Titans,129.4,64.7,207.0,very_high,"QB1 2nd-year role; 31.0 pass att/g x 6.5 YPA, 2.7% TD rate; 4.0 rush att/g at 4.5 YPC (1.6% rush-TD rate); +4 pts from expected 300/500-pass-yard (and rush-yard) game bonuses; plays in Titans' 17.5 implied pts/g; bottom-tier offense; poor O-line; run-funnel expected under new staff; sophomore ward developing scheme; new coaching: yes - new HC (replaced Brian Callahan, fired in-season 2025); 2026 change: New HC Robert Saleh (replacing Callahan, fired in-season) around a still-developing 2nd-year passer.; risk (very_high): League-worst projected O-line in front of him is a major drag on both efficiency and protection.; projected for 16 games (injury/role-share discount already applied). Median 129 pts, floor 65, ceiling 207.",27
Falcons,DEF,Falcons,120.3,93.8,150.4,medium,"Below-average-tier defensive projection from a 6.5-win Vegas total (team quality is a real, if imperfect, proxy for scoring defense -- DEF is 0.9% of this league's historical spend, so this gets a lighter-touch treatment than skill positions). Scored against the league's exact real DEF rules: ~2.0 sacks/g (1pt), ~0.65 INT/g (2pt), ~0.50 fumble rec/g (2pt), ~2.2 defensive/return TDs/season (6pt), ~24.5 points allowed/g, and ~370 yards allowed/g (both scored on the league's tiered scale). Median 120 pts, floor 94, ceiling 150.",27
Kenneth Gainwell,RB,Buccaneers,142.8,107.1,182.8,medium,"RB1b real receiving-down co-starter role; 7.0 carries/g (7.0 baseline x 1.00 scheme/OL x 1.00 game-script); 3.90 YPC efficiency; 5.2 targets/g as receiver; plays in Buccaneers' 23.0 implied pts/g; average O-line; pass-heavy; mayfield/evans-godwin-egbuka spread attack scheme; 2026 change: Real, sourced role correction (Sept 2026): previously modeled as a thin, standalone-value-only backup, but Bucs HC Todd Bowles has publicly called him a real '1B to Irving's 1A' -- not a token handcuff. Real 2025: finished 4th among ALL NFL running backs in receptions (73) on his prior team, an elite receiving-back workload; Irving himself is projected for only ~61% of Tampa Bay's real backfield touches, leaving a genuine ~39% share here. Multiple fantasy outlets (ESPN's Karabell/Moody among them) have him as a real 2026 sleeper with three-down/RB2 upside if Irving's role dips at all.; risk (medium): Backup role with a clear starter ahead of him; standalone value is thin barring an injury.; projected for 16 games (injury/role-share discount already applied). Median 143 pts, floor 107, ceiling 183.",27
Kirk Cousins,QB,Raiders,123.9,78.1,175.9,high,"QB1 veteran starter role; 34.0 pass att/g x 6.8 YPA, 2.9% TD rate; pocket passer, minimal rushing equity; +13 pts from expected 300/500-pass-yard (and rush-yard) game bonuses; plays in Raiders' 18.5 implied pts/g; bottom-tier offense; below-average O-line; pass-funnel under kubiak (seahawks-style scheme) scheme; new coaching: yes - new HC (replaced Pete Carroll); QB change: yes; 2026 change: Released by Atlanta, signed by Las Vegas and named starter over rookie #1-overall pick Fernando Mendoza.; risk (high): Steady veteran in a new pass-funnel scheme under HC Klint Kubiak; the rookie waiting behind him is a real in-season bench risk on a non-contender.; projected for 15 games (injury/role-share discount already applied). Median 124 pts, floor 78, ceiling 176.",28
Cole Kmet,TE,Bears,42.3,26.6,60.1,high,"TE2 demoted role; 3.1 targets/g (3.0 baseline x 1.05 scheme/pace x 0.99 game-script); 62% catch rate, 5.5 yds/target; plays in Bears' 23.0 implied pts/g; average O-line; pass-heavy under johnson's scheme (year 2) scheme; 2026 change: Now clearly TE2 behind 2nd-year Colston Loveland, though Chicago's heavy 12/13-personnel usage should keep him relevant.; risk (high): A real, sourced demotion from lead to complementary tight end.; projected for 13 games (injury/role-share discount already applied). Median 42 pts, floor 27, ceiling 60.",28
Titans,DEF,Titans,120.3,93.8,150.4,medium,"Below-average-tier defensive projection from a 6.5-win Vegas total (team quality is a real, if imperfect, proxy for scoring defense -- DEF is 0.9% of this league's historical spend, so this gets a lighter-touch treatment than skill positions). Scored against the league's exact real DEF rules: ~2.0 sacks/g (1pt), ~0.65 INT/g (2pt), ~0.50 fumble rec/g (2pt), ~2.2 defensive/return TDs/season (6pt), ~24.5 points allowed/g, and ~370 yards allowed/g (both scored on the league's tiered scale). Median 120 pts, floor 94, ceiling 150.",28
Aaron Rodgers,QB,Steelers,116.7,73.5,165.7,high,"QB1 veteran stopgap role; 32.0 pass att/g x 6.9 YPA, 4.0% TD rate; pocket passer, minimal rushing equity; +8 pts from expected 300/500-pass-yard (and rush-yard) game bonuses; plays in Steelers' 21.5 implied pts/g; average O-line; pass-funnel under mccarthy but aging roster scheme; new coaching: yes - new HC (replaced Mike Tomlin); 2026 change: Returning for a farewell season under new HC Mike McCarthy (his old Green Bay OC); Steelers added WR Michael Pittman Jr. via trade.; risk (high): Age-42 stopgap on a new-coaching-staff team; a rookie and Will Howard behind him mean any injury likely ends his season, not just a game.; projected for 13 games (injury/role-share discount already applied). Median 117 pts, floor 74, ceiling 166.",29
Kenyon Sadiq,TE,Jets,41.1,20.6,65.8,very_high,"Rookie, real 1st-round draft capital, currently recovering from hernia surgery role; 3.6 targets/g (3.5 baseline x 1.00 scheme/pace x 1.03 game-script); 68% catch rate, 8.0 yds/target; plays in Jets' 19.0 implied pts/g; bottom-tier offense; below-average O-line; pass-funnel; rebuilding offense scheme; QB change: yes; 2026 change: 16th overall pick, 2026 draft -- ran the fastest TE 40-yard dash at the combine in 20+ years, real athletic upside. Currently working back from a real setback following hernia surgery in May 2026.; risk (very_high): Real, elite athletic profile and draft capital, but a real, current injury setback makes early-season availability genuinely uncertain -- games_proj discounted for that, not for talent.; projected for 10 games (injury/role-share discount already applied). Median 41 pts, floor 21, ceiling 66.",29
Raiders,DEF,Raiders,105.9,82.6,132.4,medium,"Poor-tier defensive projection from a 5.5-win Vegas total (team quality is a real, if imperfect, proxy for scoring defense -- DEF is 0.9% of this league's historical spend, so this gets a lighter-touch treatment than skill positions). Scored against the league's exact real DEF rules: ~1.7 sacks/g (1pt), ~0.55 INT/g (2pt), ~0.45 fumble rec/g (2pt), ~1.5 defensive/return TDs/season (6pt), ~27.0 points allowed/g, and ~390 yards allowed/g (both scored on the league's tiered scale). Median 106 pts, floor 83, ceiling 132.",29
Tua Tagovailoa,QB,Falcons,108.5,68.4,154.1,high,"QB1 favored in open competition role; 31.6 pass att/g x 7.2 YPA, 3.6% TD rate; 1.5 rush att/g at 3.0 YPC (0.4% rush-TD rate); +9 pts from expected 300/500-pass-yard (and rush-yard) game bonuses; plays in Falcons' 20.0 implied pts/g; bottom-tier offense; average O-line; balanced under new staff; new oc tommy rees (ex-browns) reported scheme; new coaching: yes - new HC (ex-Browns HC); QB change: yes (open competition); 2026 change: Released by Miami post-June-1 (~$99M dead cap) after being benched for a rookie; signed by Atlanta, and most camp reporting favors him to win the Week 1 job outright over an injured Penix.; risk (high): Concussion history plus a new offense, but he is the beat-reporter favorite for the job -- less uncertain than a true 50/50 competition.; projected for 12 games (injury/role-share discount already applied). Median 108 pts, floor 68, ceiling 154.",30
Dolphins,DEF,Dolphins,105.9,82.6,132.4,medium,"Poor-tier defensive projection from a 4.5-win Vegas total (team quality is a real, if imperfect, proxy for scoring defense -- DEF is 0.9% of this league's historical spend, so this gets a lighter-touch treatment than skill positions). Scored against the league's exact real DEF rules: ~1.7 sacks/g (1pt), ~0.55 INT/g (2pt), ~0.45 fumble rec/g (2pt), ~1.5 defensive/return TDs/season (6pt), ~27.0 points allowed/g, and ~390 yards allowed/g (both scored on the league's tiered scale). Median 106 pts, floor 83, ceiling 132.",30
Eli Raridon,TE,Patriots,29.0,18.3,41.2,high,"TE2, real backup/emerging role behind Hunter Henry role; 2.0 targets/g (2.0 baseline x 1.00 scheme/pace x 0.98 game-script); 65% catch rate, 6.0 yds/target; plays in Patriots' 24.5 implied pts/g; top-tier offense; average O-line; balanced; ascending pass offense scheme; College career at Notre Dame: 48 rec, 623 yds, 3 TD over 40 games (18 starts); 482 yds on 15.1 ypr in his final 2025 season. CBS Sports ranked him the No. 5 overall rookie TE for projected 2026 production (~200 rec yds, 1 TD).; 2026 change: Missing from the dataset entirely. 3rd-round rookie (95th overall, Notre Dame) who stepped straight into the Patriots' backup TE job -- competitor Austin Hooper left in FA and Julian Hill went on season-ending IR in June, clearing the room behind Henry. Already scored a real receiving TD from Drake Maye in the 2026 season opener.; risk (high): Real, sourced heir-apparent role, but still TE2 behind an entrenched, just-extended Henry -- a late-round dev stash, not a Week 1 lineup piece.; projected for 14 games (injury/role-share discount already applied). Median 29 pts, floor 18, ceiling 41.",31
Jacoby Brissett,QB,Cardinals,100.3,63.2,142.4,high,"QB1 replacement-level starter role; 30.9 pass att/g x 6.4 YPA, 2.4% TD rate; 3.0 rush att/g at 3.5 YPC (1.1% rush-TD rate); plays in Cardinals' 17.0 implied pts/g; bottom-tier offense; average O-line; balanced/run-funnel scheme; QB change: yes; 2026 change: Arizona moved on from Kyler Murray after his injury-plagued 2025; Brissett takes over as full-time starter.; risk (high): Replacement-level game manager on the league's lowest-implied-total offense (lowest 2026 win total, 3.5); floor and ceiling are both low.; projected for 14 games (injury/role-share discount already applied). Median 100 pts, floor 63, ceiling 142.",31
Jets,DEF,Jets,105.9,82.6,132.4,medium,"Poor-tier defensive projection from a 5.5-win Vegas total (team quality is a real, if imperfect, proxy for scoring defense -- DEF is 0.9% of this league's historical spend, so this gets a lighter-touch treatment than skill positions). Scored against the league's exact real DEF rules: ~1.7 sacks/g (1pt), ~0.55 INT/g (2pt), ~0.45 fumble rec/g (2pt), ~1.5 defensive/return TDs/season (6pt), ~27.0 points allowed/g, and ~390 yards allowed/g (both scored on the league's tiered scale). Median 106 pts, floor 83, ceiling 132.",31
Deshaun Watson,QB,Browns,94.9,47.5,151.8,very_high,"QB1 injury-return starter role; 31.6 pass att/g x 6.5 YPA, 2.9% TD rate; 4.0 rush att/g at 4.0 YPC (2.1% rush-TD rate); +3 pts from expected 300/500-pass-yard (and rush-yard) game bonuses; plays in Browns' 18.5 implied pts/g; bottom-tier offense; poor O-line; scheme in flux under new staff; likely more structured rpo/quick game scheme; new coaching: yes - new HC (ex-Ravens OC); 2026 change: Returning as the presumptive Week 1 starter after a long-term injury; Cleveland overhauled the O-line with as many as five new starters.; risk (very_high): Extended layoff plus a rebuilt, poor-tier O-line in front of him -- one of the thinnest starter profiles at the position.; projected for 11 games (injury/role-share discount already applied). Median 95 pts, floor 48, ceiling 152.",32
Ja'Tavion Sanders,TE,Panthers,26.0,16.4,36.9,high,"TE2 role; 2.5 targets/g (2.5 baseline x 1.00 scheme/pace x 1.01 game-script); 62% catch rate, 5.5 yds/target; plays in Panthers' 21.0 implied pts/g; average O-line; balanced/run-funnel around chuba hubbard scheme; risk (high): Complementary role in Carolina's passing game.; projected for 10 games (injury/role-share discount already applied). Median 26 pts, floor 16, ceiling 37.",32
Cardinals,DEF,Cardinals,105.9,82.6,132.4,medium,"Poor-tier defensive projection from a 3.5-win Vegas total (team quality is a real, if imperfect, proxy for scoring defense -- DEF is 0.9% of this league's historical spend, so this gets a lighter-touch treatment than skill positions). Scored against the league's exact real DEF rules: ~1.7 sacks/g (1pt), ~0.55 INT/g (2pt), ~0.45 fumble rec/g (2pt), ~1.5 defensive/return TDs/season (6pt), ~27.0 points allowed/g, and ~390 yards allowed/g (both scored on the league's tiered scale). Median 106 pts, floor 83, ceiling 132.",32
Zach Ertz,TE,Free agent,25.7,12.8,41.1,very_high,"TE2 unsigned, injury recovery role; 3.0 targets/g (3.0 baseline x 1.00 scheme/pace x 1.00 game-script); 68% catch rate, 5.5 yds/target; no confirmed 2026 team, so no team-environment adjustment is applied (treated as league-average); 2026 change: Tore his ACL in Week 14, 2025; plans to play a 14th season and is expected to be cleared right around Week 1, but remains unsigned (potential Eagles or Washington reunion mentioned).; risk (very_high): Real Week 1 availability risk given the ACL recovery timeline, on top of being unsigned as of camp.; projected for 8 games (injury/role-share discount already applied). Median 26 pts, floor 13, ceiling 41.",33
J.J. McCarthy,QB,Vikings,68.1,34.0,109.0,very_high,"QB1 demoted to competition/backup role; 28.0 pass att/g x 6.7 YPA, 3.3% TD rate; 4.0 rush att/g at 4.5 YPC (2.4% rush-TD rate); plays in Vikings' 21.5 implied pts/g; average O-line; balanced; o'connell scheme adaptable to qb skill set scheme; QB change: yes (open competition); 2026 change: Lost the presumptive starting job to free-agent signee Kyler Murray, who was named atop the depth chart entering camp.; risk (very_high): Essentially no NFL track record, now further muddied by losing the QB1 competition as camp opened.; projected for 8 games (injury/role-share discount already applied). Median 68 pts, floor 34, ceiling 109.",33
Noah Fant,TE,Saints,25.7,12.8,41.1,very_high,"TE2 new team role; 2.5 targets/g (2.5 baseline x 1.00 scheme/pace x 1.01 game-script); 62% catch rate, 5.5 yds/target; plays in Saints' 19.5 implied pts/g; bottom-tier offense; average O-line; balanced; west coast-style scheme scheme; 2026 change: Signed a 2-year, $8.75M deal with New Orleans in March 2026; competes with/behind Juwan Johnson.; risk (very_high): A real but contested role -- not a clear path to lead-TE volume.; projected for 10 games (injury/role-share discount already applied). Median 26 pts, floor 13, ceiling 41.",34
Michael Penix Jr.,QB,Falcons,46.0,23.0,73.6,very_high,"QB2 injury recovery/competition underdog role; 28.6 pass att/g x 7.0 YPA, 3.6% TD rate; 2.0 rush att/g at 3.5 YPC (0.9% rush-TD rate); plays in Falcons' 20.0 implied pts/g; bottom-tier offense; average O-line; balanced under new staff; new oc tommy rees (ex-browns) reported scheme; new coaching: yes - new HC (ex-Browns HC); QB change: yes (open competition); 2026 change: Atlanta signed Tua Tagovailoa to compete with him, and most camp reporting favors Tua to win Week 1.; risk (very_high): Coming back from a third career ACL tear (full clearance reportedly still weeks away as of camp) while also the underdog in his own QB competition.; projected for 6 games (injury/role-share discount already applied). Median 46 pts, floor 23, ceiling 74.",34
Anthony Richardson Sr.,QB,Colts,26.8,13.4,42.9,very_high,"QB3 backup role; 18.2 pass att/g x 6.5 YPA, 3.2% TD rate; 7.0 rush att/g at 5.0 YPC (4.6% rush-TD rate); plays in Colts' 20.5 implied pts/g; bottom-tier offense; good O-line; run-funnel/balanced; strong zone-run ol (top-5 run-block unit) scheme; 2026 change: Colts declined his 5th-year option; buried behind Daniel Jones and 2nd-year Riley Leonard after a trade request went nowhere.; risk (very_high): Huge weekly variance if he ever plays, but the path to snaps is now third-string, not backup.; projected for 3 games (injury/role-share discount already applied). Median 27 pts, floor 13, ceiling 43.",35
Luke Musgrave,TE,Packers,19.9,9.9,31.8,very_high,"TE3 depth role; 2.0 targets/g (2.0 baseline x 1.00 scheme/pace x 0.98 game-script); 60% catch rate, 5.5 yds/target; plays in Packers' 24.5 implied pts/g; top-tier offense; good O-line; balanced; play-action heavy scheme; risk (very_high): Deep depth-chart piece in a deep Packers pass-catching room.; projected for 10 games (injury/role-share discount already applied). Median 20 pts, floor 10, ceiling 32.",35
Justin Fields,QB,Chiefs,21.2,10.6,33.9,very_high,"QB2 backup role; 18.5 pass att/g x 6.2 YPA, 3.4% TD rate; 8.0 rush att/g at 5.5 YPC (4.5% rush-TD rate); plays in Chiefs' 25.5 implied pts/g; top-tier offense; good O-line; pass-heavy; tempo/no-huddle elements scheme; new coaching: new OC (Eric Bieniemy, 2nd stint, per multiple reports); 2026 change: Traded from the Jets (who acquired Geno Smith to start instead) to Kansas City for a 2027 6th-rounder; confirmed as Mahomes' backup, not a starting role.; risk (very_high): Zero standalone value unless Mahomes is hurt -- but a genuinely explosive rushing floor if that happens.; projected for 2 games (injury/role-share discount already applied). Median 21 pts, floor 11, ceiling 34.",36
Jonnu Smith,TE,Free agent,19.0,9.5,30.4,very_high,"TE2 unsigned role; 3.0 targets/g (3.0 baseline x 1.00 scheme/pace x 1.00 game-script); 65% catch rate, 5.5 yds/target; no confirmed 2026 team, so no team-environment adjustment is applied (treated as league-average); 2026 change: Released by Pittsburgh in March 2026 after one disappointing season (traded there from Miami in June 2025); unsigned per the most recent reports.; risk (very_high): No team as of camp -- real availability risk on top of a down 2025.; projected for 6 games (injury/role-share discount already applied). Median 19 pts, floor 10, ceiling 30.",36
Brenton Strange,TE,Jaguars,17.9,8.9,28.6,very_high,"TE3 depth role; 2.0 targets/g (2.0 baseline x 1.00 scheme/pace x 1.00 game-script); 60% catch rate, 5.5 yds/target; plays in Jaguars' 22.0 implied pts/g; average O-line; balanced; coen scheme emphasizes play-action scheme; risk (very_high): Deep bench in a crowded Jacksonville passing game.; projected for 9 games (injury/role-share discount already applied). Median 18 pts, floor 9, ceiling 29.",37
Fernando Mendoza,QB,Raiders,14.9,7.5,23.8,very_high,"QB2 rookie waiting for his shot role; 18.5 pass att/g x 6.5 YPA, 2.6% TD rate; 3.0 rush att/g at 4.5 YPC (1.6% rush-TD rate); plays in Raiders' 18.5 implied pts/g; bottom-tier offense; below-average O-line; pass-funnel under kubiak (seahawks-style scheme) scheme; new coaching: yes - new HC (replaced Pete Carroll); QB change: yes; 2026 change: #1 overall pick in the 2026 draft on a $57M deal, but veteran Kirk Cousins is the confirmed Week 1 starter.; market signal: OROY 350; risk (very_high): Zero NFL game experience; only fantasy-relevant if Cousins is benched or hurt, which is plausible on a rebuilding roster but far from guaranteed.; projected for 3 games (injury/role-share discount already applied). Median 15 pts, floor 8, ceiling 24.",37
Russell Wilson,QB,Not on NFL roster (retired to broadcasting),0.0,0.0,0.0,very_high,"Not playing in 2026 role; 22.0 pass att/g x 6.7 YPA, 3.3% TD rate; 1.5 rush att/g at 3.0 YPC (1.0% rush-TD rate); plays in Not on NFL roster (retired to broadcasting)'s 22.5 implied pts/g; average O-line; balanced scheme; 2026 change: Finalizing a CBS broadcasting deal; not signed with any NFL team for 2026. Giants QB2 behind Jaxson Dart is actually Jameis Winston, not Wilson.; risk (very_high): Not a real 2026 NFL player -- zero draftable value.; projected for 0 games (injury/role-share discount already applied). Median 0 pts, floor 0, ceiling 0.",38
Mason Taylor,TE,Giants,17.8,8.9,28.5,very_high,"TE2 role; 2.0 targets/g (2.0 baseline x 1.00 scheme/pace x 1.01 game-script); 60% catch rate, 5.5 yds/target; plays in Giants' 19.5 implied pts/g; bottom-tier offense; below-average O-line; unclear under brand-new staff (harbaugh known for run-heavy, physical identity in baltimore) scheme; new coaching: yes - new HC (ex-Ravens HC, hired to replace Brian Daboll who was fired in-season); QB change: yes (uncertain who exactly); 2026 change: Giants also added a rookie TE in the draft, adding depth-chart competition.; risk (very_high): Real target need in a pass-catcher-needy offense, offset by a new rookie behind him.; projected for 9 games (injury/role-share discount already applied). Median 18 pts, floor 9, ceiling 28.",39
Terrance Ferguson,TE,Rams,12.1,6.0,19.4,very_high,"TE3 depth role; 1.5 targets/g (1.5 baseline x 1.05 scheme/pace x 0.97 game-script); 58% catch rate, 5.5 yds/target; plays in Rams' 27.5 implied pts/g; top-tier offense; elite O-line; balanced; mcvay play-action/motion-heavy scheme scheme; risk (very_high): Deep depth-chart piece behind the Rams' loaded WR room.; projected for 8 games (injury/role-share discount already applied). Median 12 pts, floor 6, ceiling 19.",40
Elijah Arroyo,TE,Seahawks,11.4,5.7,18.2,very_high,"TE3 depth role; 1.5 targets/g (1.5 baseline x 1.00 scheme/pace x 0.98 game-script); 58% catch rate, 5.5 yds/target; plays in Seahawks' 25.0 implied pts/g; top-tier offense; good O-line; balanced; defending super bowl champion identity scheme; risk (very_high): Deep depth-chart rookie in a WR-heavy Seattle passing game.; projected for 8 games (injury/role-share discount already applied). Median 11 pts, floor 6, ceiling 18.",41
Gunnar Helm,TE,Titans,10.9,5.5,17.4,very_high,"TE3 depth role; 1.5 targets/g (1.5 baseline x 0.95 scheme/pace x 1.02 game-script); 58% catch rate, 5.5 yds/target; plays in Titans' 17.5 implied pts/g; bottom-tier offense; poor O-line; run-funnel expected under new staff; sophomore ward developing scheme; new coaching: yes - new HC (replaced Brian Callahan, fired in-season 2025); risk (very_high): Deep depth-chart rookie on the league's worst-projected-O-line offense.; projected for 8 games (injury/role-share discount already applied). Median 11 pts, floor 6, ceiling 17.",42
George Holani,RB,Seahawks,95.2,60.0,135.2,high,"Real passing-down/receiving-back role, listed atop the early depth chart role; 5.3 carries/g (5.0 baseline x 1.02 scheme/OL x 1.04 game-script); 4.23 YPC efficiency; 4.0 targets/g as receiver; plays in Seahawks' 25.0 implied pts/g; top-tier offense; good O-line; balanced; defending super bowl champion identity scheme; 2026 change: Missing from the dataset entirely -- listed as the top back on Seattle's first unofficial 2026 depth chart, ahead of rookie Jadarian Price, with Zach Charbonnet out to open the year (ACL/PUP, see his own note). Real, sourced role split: the team trusts his receiving/pass-blocking specifically, so Price is expected to get most of the early rushing work while Holani's role leans passing-down -- not a clean lead-back workload despite the depth-chart listing.; risk (high): Genuinely full-PPR-relevant if the passing-down role is real (every catch matters more here than in Top Teamz), but this is a real committee with Price and eventually a recovering Charbonnet, not a workhorse projection -- treat the touch split as unresolved until real Week 1-plus usage confirms it.; projected for 13 games (injury/role-share discount already applied). Median 95 pts, floor 60, ceiling 135.",42
Jalen Nailor,WR,Raiders,111.0,83.2,142.1,medium,"WR1/2, real free-agent signing role; 5.7 targets/g (5.5 baseline x 1.00 scheme/pace x 1.03 game-script); 65% catch rate, 9.0 yds/target; plays in Raiders' 18.5 implied pts/g; bottom-tier offense; below-average O-line; pass-funnel under kubiak (seahawks-style scheme) scheme; new coaching: yes - new HC (replaced Pete Carroll); QB change: yes; 2026 change: Signed a real 3-year, $35M deal with Las Vegas in March 2026 free agency -- the lone premium receiver addition the Raiders made this offseason, real signal of an intended featured role.; risk (medium): Real receiving role but shares real target competition with Tre Tucker in a Raiders passing game that's not yet proven explosive.; projected for 16 games (injury/role-share discount already applied). Median 111 pts, floor 83, ceiling 142.",44
Samaje Perine,RB,Bengals,80.8,50.9,114.7,high,"RB2 committee/red-zone-share backup role; 5.9 carries/g (5.6 baseline x 1.02 scheme/OL x 1.04 game-script); 4.54 YPC efficiency; 1.4 targets/g as receiver; plays in Bengals' 26.5 implied pts/g; top-tier offense; good O-line; pass-heavy; burrow/chase/higgins vertical passing scheme; Real 2025: 84 carries for 382 yds (4.5 ypc), 3 rush TD, plus 17 catches on 20 targets for 87 yds (0 TD) across 15 games (101 touches, 469 scrimmage yds) -- lowest receiving usage since 2020 but still a real complementary role.; 2026 change: Missing from the dataset entirely. Real, confirmed backup behind entrenched starter Chase Brown -- not a threat to the starting job, but Cincinnati has kept him involved as a reliable third-down/insurance back even when Brown is healthy.; risk (high): Turns 31 in September 2026, on a modest $1.4M deal, and not guaranteed a roster spot heading into next camp -- true bench-depth-only value here, not a breakout candidate.; projected for 15 games (injury/role-share discount already applied). Median 81 pts, floor 51, ceiling 115.",45
Tyrone Tracy Jr.,RB,Giants,78.5,39.2,125.6,very_high,"RB1 confirmed starter role; 6.1 carries/g (6.5 baseline x 0.96 scheme/OL x 0.98 game-script); 4.23 YPC efficiency; 2.5 targets/g as receiver; plays in Giants' 19.5 implied pts/g; bottom-tier offense; below-average O-line; unclear under brand-new staff (harbaugh known for run-heavy, physical identity in baltimore) scheme; new coaching: yes - new HC (ex-Ravens HC, hired to replace Brian Daboll who was fired in-season); QB change: yes (uncertain who exactly); 2026 change: Real, significant downgrade this row missed: Cam Skattebo sits UNCHALLENGED atop the real 2026 depth chart (not a co-starter situation), the Giants signed veteran Najee Harris in Aug 2026, and Tracy himself has a real, current neck injury from the preseason finale -- combined with uneven preseason play, that dropped him to co-No. 2 RB with Devin Singletary, well behind Skattebo, not 'confirmed starter.'; risk (very_high): Real, current neck injury on top of a real three-way timeshare (with Harris and Singletary) for what's left behind Skattebo -- both the health risk and the role were badly out of date.; projected for 13 games (injury/role-share discount already applied). Median 78 pts, floor 39, ceiling 126.",48
Isiah Pacheco,RB,Lions,72.7,45.8,103.2,high,"RB2 complementary/early-down role; 8.5 carries/g (8.0 baseline x 1.02 scheme/OL x 1.04 game-script); 4.13 YPC efficiency; 1.5 targets/g as receiver; plays in Lions' 26.5 implied pts/g; top-tier offense; good O-line; balanced; physical run-first identity with efficient play-action passing scheme; 2026 change: Left Kansas City in free agency; signed with Detroit as a lower-cost complementary back behind Gibbs after Montgomery's trade.; risk (high): Beyond the fibula injury history: dealing with a current camp MCL sprain plus a back injury as of late Aug 2026 (HC Dan Campbell called him ""touch-and-go""); Sione Vaki has been absorbing his camp reps. Real chance he opens the season limited or inactive.; projected for 10 games (injury/role-share discount already applied). Median 73 pts, floor 46, ceiling 103.",50
Pat Bryant,WR,Broncos,98.0,61.7,139.2,high,"Real 2nd-year breakout candidate, camp buzz for a bigger 2026 role role; 5.4 targets/g (5.5 baseline x 1.00 scheme/pace x 0.99 game-script); 65% catch rate, 8.0 yds/target; plays in Broncos' 23.5 implied pts/g; elite O-line; balanced; payton scheme with heavy play-action scheme; 2026 change: Missing from the dataset entirely -- real 2025 3rd-round rookie (31 catches, 378 yds, 1 TD in 15 games, 7 starts). Real, widely-reported 2026 camp breakout (""Patty Ice"") with HC Sean Payton publicly praising him ahead of the rest of Denver's WR room.; risk (high): Camp hype is real and widely corroborated, but still unconfirmed in actual regular-season usage -- treat as upside, not a locked-in target share yet.; projected for 16 games (injury/role-share discount already applied). Median 98 pts, floor 62, ceiling 139.",50
Khalil Shakir,WR,Bills,95.9,71.9,122.8,medium,"WR3 slot role; 5.1 targets/g (5.0 baseline x 1.05 scheme/pace x 0.98 game-script); 68% catch rate, 6.5 yds/target; plays in Bills' 27.0 implied pts/g; top-tier offense; good O-line; balanced/run-funnel; allen heavy designed qb runs scheme; new coaching: yes - new HC (promoted from OC after McDermott fired); risk (medium): Reliable slot role in a run-funnel offense; DJ Moore's arrival adds target competition at the top of the depth chart.; projected for 15 games (injury/role-share discount already applied). Median 96 pts, floor 72, ceiling 123.",51
Najee Harris,RB,Giants,65.7,41.4,93.3,high,"RB2 backup/committee role; 5.6 carries/g (6.0 baseline x 0.96 scheme/OL x 0.98 game-script); 3.94 YPC efficiency; 1.5 targets/g as receiver; plays in Giants' 19.5 implied pts/g; bottom-tier offense; below-average O-line; unclear under brand-new staff (harbaugh known for run-heavy, physical identity in baltimore) scheme; new coaching: yes - new HC (ex-Ravens HC, hired to replace Brian Daboll who was fired in-season); QB change: yes (uncertain who exactly); 2026 change: Real roster move this row missed entirely: signed a 1-year deal with the GIANTS (Aug 18, 2026), not the Chargers. Landed in a crowded backfield well behind clear RB1 Cam Skattebo -- listed as co-No. 2 RB alongside Tyrone Tracy Jr. and Devin Singletary, a three-way timeshare for what's left.; risk (high): Real backup role in a three-way committee behind an unchallenged starter -- touches are capped regardless of health.; projected for 14 games (injury/role-share discount already applied). Median 66 pts, floor 41, ceiling 93.",53
Devaughn Vele,WR,Saints,90.8,68.1,116.2,medium,"WR2/3, real expanding role role; 4.5 targets/g (4.5 baseline x 1.00 scheme/pace x 1.01 game-script); 70% catch rate, 8.0 yds/target; plays in Saints' 19.5 implied pts/g; bottom-tier offense; average O-line; balanced; west coast-style scheme scheme; 2026 change: Missing from the dataset entirely -- real 2024 rookie (with Denver): 41 rec on 55 targets for 475 yds, 3 TD in 13 games. Traded to New Orleans (for a 2026 4th + 2027 7th); real 2025 usage there was light (25 rec, 293 yds, 2 TD), but Saints OC Kellen Moore has publicly said he regrets not featuring him more and expects a bigger 2026 role.; risk (medium): Real, direct coaching comment supporting expanded usage, not just camp buzz -- but 2025's actual light usage is the more recent real data point, so treated as a moderate bump, not a full breakout assumption.; projected for 15 games (injury/role-share discount already applied). Median 91 pts, floor 68, ceiling 116.",54
Kayshon Boutte,WR,Texans,88.3,66.2,113.0,medium,"WR4/5 field-stretcher role; 3.2 targets/g (3.2 baseline x 1.00 scheme/pace x 0.99 game-script); 60% catch rate, 9.4 yds/target; plays in Texans' 23.5 implied pts/g; average O-line; pass-heavy with stroud/nico collins downfield shots scheme; 2026 change: Missing from the dataset entirely -- real Aug 2026 trade sent him from New England to Houston (for S Jaylen Reed + a 2028 7th-rounder); projected as the Texans' field-stretcher/2-WR-set complement to Nico Collins.; risk (medium): Real 2025 (with NE): 33 rec, 551 yds, 6 TD despite missing 3 games (WR51 in PPR) -- but steps into a crowded Houston room (Collins, Dell, Schultz, Hutchinson) that caps his real 2026 target share; matchup-dependent flex at best.; projected for 16 games (injury/role-share discount already applied). Median 88 pts, floor 66, ceiling 113.",55
Demond Claiborne,RB,Vikings,57.4,36.2,81.5,high,"Rookie complementary/change-of-pace back behind Aaron Jones role; 4.5 carries/g (4.5 baseline x 1.00 scheme/OL x 1.00 game-script); 4.30 YPC efficiency; 1.0 targets/g as receiver; plays in Vikings' 21.5 implied pts/g; average O-line; balanced; o'connell scheme adaptable to qb skill set scheme; QB change: yes (open competition); 2026 change: Missing from the dataset entirely -- real 2026 6th-round rookie (Wake Forest), drafted to add speed to a Vikings run game that ranked 23rd in rush YPG in 2025. Real camp buzz this summer (""electric camp"") for earning early complementary touches.; risk (high): Real path to more touches exists only if he keeps outplaying camp expectations or Aaron Jones slips -- a true rookie committee/depth role until proven otherwise, not a locked-in role.; projected for 16 games (injury/role-share discount already applied). Median 57 pts, floor 36, ceiling 82.",55
Malik Davis,RB,Cowboys,57.1,36.0,81.1,high,"RB2 change-of-pace role; 5.4 carries/g (5.2 baseline x 1.02 scheme/OL x 1.02 game-script); 4.84 YPC efficiency; 1.3 targets/g as receiver; plays in Cowboys' 24.0 implied pts/g; top-tier offense; good O-line; pass-heavy; up-tempo scheme; 2026 change: Cowboys waived Jaydon Blue and handed Davis the RB2 job after he dominated camp/preseason (68 yards on 12 carries, 5.7 YPC, plus an 8-yard receiving TD); real, locked-in role behind Javonte Williams entering 2026, ahead of waiver claim Emari Demercado.; risk (high): Real backup/change-of-pace role, not a bell-cow -- 2025 line was 52 carries for 250 yards (4.8 YPC) and 2 TDs across 10 games in a similar complementary role; touch share is entirely dependent on Javonte Williams (coming off a late-2025 shoulder IR stint, expected healthy for Week 1) staying on the field.; projected for 12 games (injury/role-share discount already applied). Median 57 pts, floor 36, ceiling 81.",56
Cooper Kupp,WR,Seahawks,86.2,64.7,110.3,medium,"WR3 veteran addition role; 4.9 targets/g (5.0 baseline x 1.00 scheme/pace x 0.98 game-script); 68% catch rate, 6.5 yds/target; plays in Seahawks' 25.0 implied pts/g; top-tier offense; good O-line; balanced; defending super bowl champion identity scheme; 2026 change: Already with Seattle after signing there in the 2025 offseason; part of a deep, retooled Seahawks WR room behind Smith-Njigba.; risk (medium): Clear talent, but no longer a true WR1 target share in a room this deep -- treat as a productive complementary piece.; projected for 14 games (injury/role-share discount already applied). Median 86 pts, floor 65, ceiling 110.",56
Chris Brooks,RB,Packers,55.9,35.2,79.4,high,"RB2, real complementary role behind Lloyd role; 6.4 carries/g (6.0 baseline x 1.02 scheme/OL x 1.04 game-script); 4.13 YPC efficiency; 1.5 targets/g as receiver; plays in Packers' 24.5 implied pts/g; top-tier offense; good O-line; balanced; play-action heavy scheme; 2026 change: Missing from the dataset entirely -- real Packers RB2 on the current depth chart, behind MarShawn Lloyd and ahead of Kaleb Johnson, in a backfield thrown wide open by Josh Jacobs' indefinite Commissioner Exempt List status. Was on the Non-Football Injury list to start camp (not detailed as serious) and is competing directly with Lloyd for early-season touches, not a clear-cut committee split yet.; risk (high): Real, immediate complementary-role opportunity in a genuinely unsettled backfield -- the NFI camp designation and the fact he's a real committee partner rather than a locked-in lead back are the offsetting risks.; projected for 11 games (injury/role-share discount already applied). Median 56 pts, floor 35, ceiling 79.",57
Calvin Ridley,WR,Titans,83.9,52.9,119.1,high,"WR3 demoted role; 4.8 targets/g (5.0 baseline x 0.95 scheme/pace x 1.02 game-script); 60% catch rate, 7.5 yds/target; plays in Titans' 17.5 implied pts/g; bottom-tier offense; poor O-line; run-funnel expected under new staff; sophomore ward developing scheme; new coaching: yes - new HC (replaced Brian Callahan, fired in-season 2025); 2026 change: Demoted on the depth chart -- rookie Carnell Tate and free-agent signee Wan'Dale Robinson (from NYG) are now listed ahead of him.; risk (high): A real, sourced demotion from clear WR1 to a contested WR3 role -- treat last year's per-target rate as no longer his expected usage.; projected for 14 games (injury/role-share discount already applied). Median 84 pts, floor 53, ceiling 119.",58
Justice Hill,RB,Ravens,53.6,26.8,85.8,very_high,"RB3 passing-down backup role; 3.2 carries/g (3.0 baseline x 1.02 scheme/OL x 1.06 game-script); 4.03 YPC efficiency; 2.2 targets/g as receiver; plays in Ravens' 27.5 implied pts/g; top-tier offense; good O-line; run-heavy/balanced; lamar-designed run scheme continuity expected scheme; new coaching: yes - new HC (replaced John Harbaugh, fired Jan 2026); 2026 change: Confirmed real No. 2 RB behind Derrick Henry with a real, consistent receiving-downs role in a new offensive system (OC Declan Doyle). games_proj was previously just his real 2025 total (an injury-shortened year) carried forward as this year's median with no current 2026 injury cited -- fixed.; risk (very_high): Passing-down complement behind Derrick Henry; standalone value is thin, but the offense around him is elite.; projected for 14 games (injury/role-share discount already applied). Median 54 pts, floor 27, ceiling 86.",59
Jordyn Tyson,WR,Saints,83.8,52.8,119.0,high,"Rookie, real WR1-track draft capital role; 5.6 targets/g (5.5 baseline x 1.00 scheme/pace x 1.01 game-script); 62% catch rate, 8.5 yds/target; plays in Saints' 19.5 implied pts/g; bottom-tier offense; average O-line; balanced; west coast-style scheme scheme; 2026 change: 8th overall pick, 2026 draft (Arizona State) -- one of the first receivers off the board, real top-of-class draft capital in a Saints offense that needed a true WR1.; risk (high): Real, confirmed: placed on IR (hamstring, designated to return) as the Saints cut to 53 -- out at least 4 games, earliest debut Week 5 vs. Minnesota (Oct 11). games_proj discounted from a full 16 to reflect the real missed time; still true rookie efficiency/target-share uncertainty on top of that once he's back.; projected for 13 games (injury/role-share discount already applied). Median 84 pts, floor 53, ceiling 119.",59
Malik Washington,WR,Dolphins,82.7,52.1,117.4,high,"WR1 on paper, thin/rebuilding offense role; 4.4 targets/g (4.2 baseline x 1.00 scheme/pace x 1.04 game-script); 70% catch rate, 5.0 yds/target; plays in Dolphins' 18.0 implied pts/g; bottom-tier offense; below-average O-line; pass-funnel expected under new staff; scheme details tbd scheme; new coaching: yes - new HC (replaced Mike McDaniel); QB change: yes; 2026 change: Missing from the dataset entirely -- real 2025: 46 rec on 65 targets for 317 yds (6.9 ypc, short-area/gadget profile) plus 17 rush att for 110 yds, 4 total TD over 17 games (2nd-most catches on the team behind De'Von Achane). Nominally Miami's WR1 by default given a thin, rebuilding receiver room.; risk (high): Real analyst consensus (Sept 2026): stay away outside deep leagues -- Miami projects as one of the lowest-scoring offenses in the NFL, and his own per-target efficiency is genuinely low (a short-area/complementary role, not a downfield threat).; projected for 16 games (injury/role-share discount already applied). Median 83 pts, floor 52, ceiling 117.",60
Devin Singletary,RB,Giants,50.9,32.1,72.3,high,"RB3 backup role; 4.7 carries/g (5.0 baseline x 0.96 scheme/OL x 0.98 game-script); 3.84 YPC efficiency; 2.0 targets/g as receiver; plays in Giants' 19.5 implied pts/g; bottom-tier offense; below-average O-line; unclear under brand-new staff (harbaugh known for run-heavy, physical identity in baltimore) scheme; new coaching: yes - new HC (ex-Ravens HC, hired to replace Brian Daboll who was fired in-season); QB change: yes (uncertain who exactly); 2026 change: Backup in a real three-way committee (with Tyrone Tracy Jr. and newly-signed Najee Harris) behind confirmed starter Cam Skattebo, not Tracy -- Skattebo sits unchallenged atop the real 2026 depth chart.; risk (high): Backup to confirmed starter Tyrone Tracy Jr.; touch share is capped barring an injury ahead of him.; projected for 12 games (injury/role-share discount already applied). Median 51 pts, floor 32, ceiling 72.",60
Troy Franklin,WR,Broncos,82.6,61.9,105.7,medium,"WR3, real reduced role after trade role; 4.0 targets/g (4.0 baseline x 1.00 scheme/pace x 0.99 game-script); 62% catch rate, 6.8 yds/target; plays in Broncos' 23.5 implied pts/g; elite O-line; balanced; payton scheme with heavy play-action scheme; 2026 change: Missing from the dataset entirely -- real 2025 career year (65 rec, 709 yds, 6 TD in 17 games), but Denver's real trade for Jaylen Waddle pushes him down the depth chart for 2026 -- reporting is explicit that he won't see anything close to his prior ~104-target workload.; risk (medium): Real, sourced role decrease (not injury or camp battle speculation) -- treat last year's per-target rate as no longer his expected volume.; projected for 16 games (injury/role-share discount already applied). Median 83 pts, floor 62, ceiling 106.",61
Jauan Jennings,WR,Vikings,79.4,59.6,101.6,medium,"WR3 new team role; 4.5 targets/g (4.5 baseline x 1.00 scheme/pace x 1.00 game-script); 65% catch rate, 6.5 yds/target; plays in Vikings' 21.5 implied pts/g; average O-line; balanced; o'connell scheme adaptable to qb skill set scheme; QB change: yes (open competition); 2026 change: Left San Francisco in free agency, signed with Minnesota; slots in as WR3 behind Jefferson/Addison in one of the league's best receiving corps.; risk (medium): Real role in a great offense, but WR3 in a crowded room caps the target ceiling.; projected for 15 games (injury/role-share discount already applied). Median 79 pts, floor 60, ceiling 102.",63
Austin Ekeler,RB,Free agent,42.6,21.3,68.2,very_high,"RB3 unsigned, passing-down specialist role; 4.0 carries/g (4.0 baseline x 1.00 scheme/OL x 1.00 game-script); 3.80 YPC efficiency; 3.0 targets/g as receiver; no confirmed 2026 team, so no team-environment adjustment is applied (treated as league-average); 2026 change: Not re-signed by Washington as the team got younger; fully recovered from his Achilles injury but unsigned as camps opened.; risk (very_high): No team as of Aug. 2026 camps -- real risk of a late signing, a reduced role, or no role at all.; projected for 8 games (injury/role-share discount already applied). Median 43 pts, floor 21, ceiling 68.",64
Rashod Bateman,WR,Ravens,77.4,58.1,99.1,medium,"WR2 complementary role; 4.4 targets/g (4.5 baseline x 1.00 scheme/pace x 0.97 game-script); 62% catch rate, 7.0 yds/target; plays in Ravens' 27.5 implied pts/g; top-tier offense; good O-line; run-heavy/balanced; lamar-designed run scheme continuity expected scheme; new coaching: yes - new HC (replaced John Harbaugh, fired Jan 2026); risk (medium): Steady complementary role in an elite offense behind Flowers.; projected for 14 games (injury/role-share discount already applied). Median 77 pts, floor 58, ceiling 99.",64
Jerome Ford,RB,Browns,39.3,24.8,55.8,high,"RB3 backup role; 4.3 carries/g (5.0 baseline x 0.90 scheme/OL x 0.96 game-script); 3.65 YPC efficiency; 2.0 targets/g as receiver; plays in Browns' 18.5 implied pts/g; bottom-tier offense; poor O-line; scheme in flux under new staff; likely more structured rpo/quick game scheme; new coaching: yes - new HC (ex-Ravens OC); 2026 change: Now a clear backup to rookie-turned-starter Quinshon Judkins, with Dylan Sampson also in the mix.; risk (high): Cleveland's backfield hierarchy is settled around Judkins now, capping Ford's role to true backup/change-of-pace.; projected for 10 games (injury/role-share discount already applied). Median 39 pts, floor 25, ceiling 56.",65
Travis Hunter,WR,Jaguars,73.4,46.2,104.2,high,"WR2/3 crowded competition role; 4.5 targets/g (4.5 baseline x 1.00 scheme/pace x 1.00 game-script); 62% catch rate, 6.5 yds/target; plays in Jaguars' 22.0 implied pts/g; average O-line; balanced; coen scheme emphasizes play-action scheme; 2026 change: Part of a genuinely crowded Jacksonville WR room (Thomas, Meyers, Washington). Rivals scores full IDP, so his real CB production (tackles, PD) is added on top of this receiving line as a separate row combined in the Rivals build (see rivals/build.py's TWO_WAY_PLAYERS) -- but targets_pg here is trimmed from his rookie-year rate (5.5) to 4.5 specifically because real 2026 reporting confirms a further uptick in his CB usage vs his rookie snap split: a two-way player's total snaps are a real, finite budget, so more defense plausibly costs some offense, not a pure add-on to an unchanged receiving role. See build_idp_inputs.py's ROLE_CHANGE_MULT for the matching defensive bump.; market signal: Comeback Player of the Year long shot (+2500); risk (high): Part of a genuinely crowded Jacksonville WR room (Thomas, Meyers, Washington) -- two-way NFL/CB snaps also cap his offensive-side ceiling.; projected for 14 games (injury/role-share discount already applied). Median 73 pts, floor 46, ceiling 104.",66
Zamir White,RB,Raiders,37.0,23.3,52.5,high,"RB3 backup role; 4.5 carries/g (5.0 baseline x 0.96 scheme/OL x 0.94 game-script); 3.94 YPC efficiency; 1.0 targets/g as receiver; plays in Raiders' 18.5 implied pts/g; bottom-tier offense; below-average O-line; pass-funnel under kubiak (seahawks-style scheme) scheme; new coaching: yes - new HC (replaced Pete Carroll); QB change: yes; risk (high): Backup behind Jeanty with a low standalone ceiling.; projected for 12 games (injury/role-share discount already applied). Median 37 pts, floor 23, ceiling 52.",66
Jaydon Blue,RB,Cowboys,36.5,18.2,58.4,very_high,"RB3 backup role; 4.2 carries/g (4.0 baseline x 1.02 scheme/OL x 1.02 game-script); 4.03 YPC efficiency; 1.6 targets/g as receiver; plays in Cowboys' 24.0 implied pts/g; top-tier offense; good O-line; pass-heavy; up-tempo scheme; 2026 change: Competing with Phil Mafah for the RB2 job behind confirmed starter Javonte Williams.; risk (very_high): Backup behind a newly-signed, clearly-installed starter -- limited standalone path.; projected for 10 games (injury/role-share discount already applied). Median 36 pts, floor 18, ceiling 58.",67
Marvin Mims Jr.,WR,Broncos,72.1,45.4,102.4,high,"WR3 target-share risk role; 4.0 targets/g (4.0 baseline x 1.00 scheme/pace x 0.99 game-script); 60% catch rate, 7.5 yds/target; plays in Broncos' 23.5 implied pts/g; elite O-line; balanced; payton scheme with heavy play-action scheme; 2026 change: Denver's trade for Jaylen Waddle sharply increases target competition in what had been a growing role for Mims.; risk (high): A sourced target-share risk, not a hopeful assumption -- Waddle's arrival directly threatens his snaps.; projected for 14 games (injury/role-share discount already applied). Median 72 pts, floor 45, ceiling 102.",68
Jaylen Wright,RB,Dolphins,36.3,22.9,51.5,high,"RB3 backup role; 4.4 carries/g (5.0 baseline x 0.96 scheme/OL x 0.92 game-script); 3.94 YPC efficiency; 1.0 targets/g as receiver; plays in Dolphins' 18.0 implied pts/g; bottom-tier offense; below-average O-line; pass-funnel expected under new staff; scheme details tbd scheme; new coaching: yes - new HC (replaced Mike McDaniel); QB change: yes; risk (high): Backup behind Achane in a backfield that's otherwise settled under the new coaching staff.; projected for 12 games (injury/role-share discount already applied). Median 36 pts, floor 23, ceiling 52.",68
Dylan Sampson,RB,Browns,36.3,22.9,51.5,high,"RB2, real passing-down role role; 4.8 carries/g (5.5 baseline x 0.90 scheme/OL x 0.96 game-script); 3.84 YPC efficiency; 2.5 targets/g as receiver; plays in Browns' 18.5 implied pts/g; bottom-tier offense; poor O-line; scheme in flux under new staff; likely more structured rpo/quick game scheme; new coaching: yes - new HC (ex-Ravens OC); 2026 change: Clear No. 2 back behind Quinshon Judkins; Cleveland let veteran passing-down back Jerome Ford walk in free agency, leaving that role genuinely open, and new HC Todd Monken has a real track record of featuring pass-catching backs.; risk (high): Real, meaningful receiving-down role given the Ford departure, not deep/inactive-tier depth -- upside is tied to Judkins' health and Monken's real usage pattern, both genuine open questions.; projected for 8 games (injury/role-share discount already applied). Median 36 pts, floor 23, ceiling 52.",69
Isaac Guerendo,RB,49ers,34.2,17.1,54.7,very_high,"RB3 standalone handcuff role; 4.3 carries/g (4.0 baseline x 1.06 scheme/OL x 1.02 game-script); 4.30 YPC efficiency; 1.0 targets/g as receiver; plays in 49ers' 24.0 implied pts/g; top-tier offense; elite O-line; pass-heavy west coast scheme; wide zone run game scheme; risk (very_high): Backup to McCaffrey with real standalone value given CMC's injury history, but capped touches while McCaffrey's healthy.; projected for 10 games (injury/role-share discount already applied). Median 34 pts, floor 17, ceiling 55.",70
Gus Edwards,RB,Uncertain,27.6,13.8,44.2,very_high,"RB4 backup role; 4.0 carries/g (4.0 baseline x 1.00 scheme/OL x 1.00 game-script); 4.10 YPC efficiency; 0.5 targets/g as receiver; no confirmed 2026 team, so no team-environment adjustment is applied (treated as league-average); 2026 change: Current 2026 team could not be confirmed with high confidence in research -- treat this projection as a placeholder until his roster spot is verified.; risk (very_high): Genuine situational unknown on top of an already deep-backup profile.; projected for 10 games (injury/role-share discount already applied). Median 28 pts, floor 14, ceiling 44.",71
Christian Kirk,WR,49ers,63.3,39.9,89.9,high,"WR, new team, opens season on IR role; 5.1 targets/g (5.2 baseline x 1.00 scheme/pace x 0.99 game-script); 65% catch rate, 7.0 yds/target; plays in 49ers' 24.0 implied pts/g; top-tier offense; elite O-line; pass-heavy west coast scheme; wide zone run game scheme; 2026 change: Signed a 1-year, up to $6M deal with San Francisco after a brief Texans stint (confirmed via ESPN, NBC Sports) -- previous 'Texans WR3 depth' note was stale. Placed on IR (calf, suffered in July practice) to open 2026 with a designation to return; officially out at least the first 4 regular-season games, eligible to return Week 5 at the earliest.; risk (high): Real role in San Francisco's WR room alongside Mike Evans and a returning Deebo Samuel, with Ricky Pearsall out for the season (PCL) and rookie De'Zhaun Stribling (real preseason helium, see his own note) also in the mix -- trimmed slightly from an initial estimate now that Stribling's real target share looks bigger than a camp-battle afterthought. The IR stint adds a real, separate floor hit on top of the target-competition question.; projected for 12 games (injury/role-share discount already applied). Median 63 pts, floor 40, ceiling 90.",71
Kaelon Black,RB,49ers,27.5,13.8,44.0,very_high,"Rookie, real depth/insurance role, currently recovering from injury role; 3.2 carries/g (3.0 baseline x 1.06 scheme/OL x 1.02 game-script); 4.40 YPC efficiency; 1.0 targets/g as receiver; plays in 49ers' 24.0 implied pts/g; top-tier offense; elite O-line; pass-heavy west coast scheme; wide zone run game scheme; 2026 change: 90th overall pick, 2026 draft (Indiana, real college production: 1,040 rush yds, 10 TD on a national-championship team) -- real depth/insurance role in San Francisco's backfield.; risk (very_high): Real current adductor injury (out since Day 6 of camp, since returned to full pads) adds a real, live availability question on top of the standard rookie-depth role.; projected for 10 games (injury/role-share discount already applied). Median 28 pts, floor 14, ceiling 44.",72
Zachariah Branch,WR,Falcons,62.1,39.1,88.2,high,"Rookie, real opportunity behind London role; 3.1 targets/g (3.0 baseline x 1.00 scheme/pace x 1.02 game-script); 58% catch rate, 8.5 yds/target; plays in Falcons' 20.0 implied pts/g; bottom-tier offense; average O-line; balanced under new staff; new oc tommy rees (ex-browns) reported scheme; new coaching: yes - new HC (ex-Browns HC); QB change: yes (open competition); 2026 change: Missing from the dataset entirely -- real rookie with an explosive-speed, undersized profile; real reporting notes there isn't much real depth behind Drake London in Atlanta, creating a real opportunity path.; risk (high): Real, sourced opportunity signal (thin depth chart), but still an unproven rookie role -- treat as upside, not a locked-in target share.; projected for 15 games (injury/role-share discount already applied). Median 62 pts, floor 39, ceiling 88.",72
Braelon Allen,RB,Jets,27.4,13.7,43.8,very_high,"RB3 backup role; 3.6 carries/g (4.0 baseline x 0.96 scheme/OL x 0.94 game-script); 3.94 YPC efficiency; 1.0 targets/g as receiver; plays in Jets' 19.0 implied pts/g; bottom-tier offense; below-average O-line; pass-funnel; rebuilding offense scheme; QB change: yes; risk (very_high): Competing with Isaiah Davis for the change-of-pace role behind franchise-tagged starter Breece Hall.; projected for 10 games (injury/role-share discount already applied). Median 27 pts, floor 14, ceiling 44.",73
Germie Bernard,WR,Steelers,60.5,38.1,85.9,high,"WR3, real clearer role role; 3.2 targets/g (3.2 baseline x 1.00 scheme/pace x 1.00 game-script); 62% catch rate, 7.0 yds/target; plays in Steelers' 21.5 implied pts/g; average O-line; pass-funnel under mccarthy but aging roster scheme; new coaching: yes - new HC (replaced Mike Tomlin); 2026 change: Missing from the dataset entirely -- real reporting has him projected as Pittsburgh's real WR3 for 2026, a clearer real role than most late-round rookie/depth WRs.; risk (high): Real, reasonably clear real role, but still unproven NFL production and shares real target competition with established Steelers weapons.; projected for 16 games (injury/role-share discount already applied). Median 60 pts, floor 38, ceiling 86.",73
Jaylin Noel,WR,Texans,60.0,37.8,85.2,high,"Real 2nd-year WR3/4 in a crowded Texans WR room, returning from injury role; 4.0 targets/g (4.0 baseline x 1.00 scheme/pace x 0.99 game-script); 62% catch rate, 7.0 yds/target; plays in Texans' 23.5 implied pts/g; average O-line; pass-heavy with stroud/nico collins downfield shots scheme; 2026 change: Missing from the dataset entirely -- real 2025 3rd-round rookie (26 catches, 292 yds, mostly a return-game role as a rookie). Returning to practice from a 2026 injury; real target competition from Nico Collins and the rest of Houston's WR room caps his immediate ceiling.; risk (high): Recovering from a real 2026 injury and has not yet proven a real every-down receiving role -- pure WR4/depth risk until he does.; projected for 15 games (injury/role-share discount already applied). Median 60 pts, floor 38, ceiling 85.",74
Trey Benson,RB,Cardinals,23.3,11.7,37.3,very_high,"RB4 buried on depth chart role; 3.6 carries/g (4.0 baseline x 1.00 scheme/OL x 0.90 game-script); 4.00 YPC efficiency; 0.9 targets/g as receiver; plays in Cardinals' 17.0 implied pts/g; bottom-tier offense; average O-line; balanced/run-funnel scheme; QB change: yes; 2026 change: Arizona used the No. 3 overall pick on RB Jeremiyah Love, and also has veteran James Conner ahead of him -- pushed to 3rd/4th on the depth chart.; risk (very_high): Path to touches is now blocked by a top-3-overall rookie and a proven veteran, not opened up as previously assumed.; projected for 9 games (injury/role-share discount already applied). Median 23 pts, floor 12, ceiling 37.",75
James Conner,RB,Cardinals,21.8,10.9,34.9,very_high,"Opens 2026 on IR, buried at RB3 even once back role; 4.0 carries/g (4.5 baseline x 1.00 scheme/OL x 0.90 game-script); 4.00 YPC efficiency; 0.9 targets/g as receiver; plays in Cardinals' 17.0 implied pts/g; bottom-tier offense; average O-line; balanced/run-funnel scheme; QB change: yes; 2026 change: Recovering from a 2025 season-ending foot/ankle injury (surgery in Sept 2025) -- confirmed opening 2026 on IR, out at least the first 4 regular-season games, HC LaFleur unclear even on a longer-term Week 1-plus timeline. Buried behind both Allgeier and Love on the depth chart even once healthy -- the opposite of the 'incumbent committee partner' framing his name recognition suggests.; risk (very_high): Real path back to relevance only if Allgeier fades and Love isn't ready, or on an injury to either, and he still has to actually return from IR first -- not a base-case starter's role right now, and not even a guaranteed early-season roster spot.; projected for 7 games (injury/role-share discount already applied). Median 22 pts, floor 11, ceiling 35.",76
Marquise Brown,WR,Eagles,55.0,34.6,78.1,high,"WR3 new team role; 3.4 targets/g (3.5 baseline x 1.00 scheme/pace x 0.98 game-script); 60% catch rate, 7.0 yds/target; plays in Eagles' 25.0 implied pts/g; top-tier offense; elite O-line; run-heavy (tush push/rpo); balanced overall scheme; 2026 change: Signed a 1-year deal with Philadelphia after two seasons in Kansas City; competing for a complementary WR3 role behind DeVonta Smith and rookie Makai Lemon.; risk (high): Real speed/talent, but a genuinely contested WR3 job, not a secured role.; projected for 13 games (injury/role-share discount already applied). Median 55 pts, floor 35, ceiling 78.",77
Ty Chandler,RB,Vikings,21.7,10.8,34.7,very_high,"RB4 backup role; 3.0 carries/g (3.0 baseline x 1.00 scheme/OL x 1.00 game-script); 4.00 YPC efficiency; 1.0 targets/g as receiver; plays in Vikings' 21.5 implied pts/g; average O-line; balanced; o'connell scheme adaptable to qb skill set scheme; QB change: yes (open competition); risk (very_high): Backup behind confirmed starter Aaron Jones with a thin path to touches.; projected for 9 games (injury/role-share discount already applied). Median 22 pts, floor 11, ceiling 35.",77
Roschon Johnson,RB,Bears,21.5,10.8,34.4,very_high,"RB4 backup role; 3.1 carries/g (3.0 baseline x 1.00 scheme/OL x 1.02 game-script); 3.90 YPC efficiency; 1.1 targets/g as receiver; plays in Bears' 23.0 implied pts/g; average O-line; pass-heavy under johnson's scheme (year 2) scheme; risk (very_high): Deep backup role in a backfield led by confirmed starter D'Andre Swift.; projected for 9 games (injury/role-share discount already applied). Median 22 pts, floor 11, ceiling 34.",78
Ted Hurst III,WR,Buccaneers,51.8,32.6,73.6,high,"Rookie, real opportunity given McMillan's injury role; 2.8 targets/g (2.8 baseline x 1.00 scheme/pace x 1.00 game-script); 60% catch rate, 7.5 yds/target; plays in Buccaneers' 23.0 implied pts/g; average O-line; pass-heavy; mayfield/evans-godwin-egbuka spread attack scheme; 2026 change: Missing from the dataset entirely -- real 3rd-round rookie pick, directly competing for the Bucs' WR3 job, with real added opportunity now that Jalen McMillan is dealing with a real, unresolved knee injury.; risk (high): Real, current opportunity given a real teammate injury -- but still an unproven rookie role behind Egbuka/Godwin.; projected for 15 games (injury/role-share discount already applied). Median 52 pts, floor 33, ceiling 74.",78
Ja'Kobi Lane,WR,Ravens,51.2,32.3,72.7,high,"Rookie, real early-role competition role; 2.9 targets/g (3.0 baseline x 1.00 scheme/pace x 0.97 game-script); 60% catch rate, 8.0 yds/target; plays in Ravens' 27.5 implied pts/g; top-tier offense; good O-line; run-heavy/balanced; lamar-designed run scheme continuity expected scheme; new coaching: yes - new HC (replaced John Harbaugh, fired Jan 2026); 2026 change: 3rd-round pick, 2026 draft (USC) for Baltimore -- real rookie draft capital in a receiver room behind established veterans.; risk (high): True rookie without an established target share yet in a run-heavy Baltimore offense -- real but limited standalone value expected early.; projected for 16 games (injury/role-share discount already applied). Median 51 pts, floor 32, ceiling 73.",79
Malachi Fields,WR,Giants,51.1,32.2,72.6,high,"Rookie, rotational WR2/3 competition role; 2.5 targets/g (2.5 baseline x 1.00 scheme/pace x 1.01 game-script); 58% catch rate, 8.5 yds/target; plays in Giants' 19.5 implied pts/g; bottom-tier offense; below-average O-line; unclear under brand-new staff (harbaugh known for run-heavy, physical identity in baltimore) scheme; new coaching: yes - new HC (ex-Ravens HC, hired to replace Brian Daboll who was fired in-season); QB change: yes (uncertain who exactly); 2026 change: Missing from the dataset entirely -- real 3rd-round rookie (74th overall, 2026 draft), 6'5"" with real downfield/contested-catch ability; battling Darnell Mooney and Darius Slayton for the No. 2 WR job behind Malik Nabers.; risk (high): Real college target share (20%+) and air-yard share (30%+) each of his last 3 college seasons, but never hit 60 catches in a season -- a big-play/size profile, not a proven volume one. Real ADP ~250 reflects a situational stash, not immediate redraft value.; projected for 15 games (injury/role-share discount already applied). Median 51 pts, floor 32, ceiling 73.",80
Darnell Mooney,WR,Giants,50.8,32.0,72.1,high,"WR3 backup role; 3.5 targets/g (3.5 baseline x 1.00 scheme/pace x 1.01 game-script); 60% catch rate, 6.5 yds/target; plays in Giants' 19.5 implied pts/g; bottom-tier offense; below-average O-line; unclear under brand-new staff (harbaugh known for run-heavy, physical identity in baltimore) scheme; new coaching: yes - new HC (ex-Ravens HC, hired to replace Brian Daboll who was fired in-season); QB change: yes (uncertain who exactly); 2026 change: Released by Atlanta (cap-saving move); signed a 1-year deal with the Giants as depth behind an injured Malik Nabers.; risk (high): Real path to early-season volume if Nabers opens on PUP, but purely a depth/complementary role once Nabers is back.; projected for 13 games (injury/role-share discount already applied). Median 51 pts, floor 32, ceiling 72.",81
Miles Sanders,RB,Cowboys,19.5,9.8,31.2,very_high,"RB4 veteran depth role; 3.1 carries/g (3.0 baseline x 1.02 scheme/OL x 1.02 game-script); 3.93 YPC efficiency; 1.1 targets/g as receiver; plays in Cowboys' 24.0 implied pts/g; top-tier offense; good O-line; pass-heavy; up-tempo scheme; 2026 change: Signed with Dallas as depth behind Javonte Williams.; risk (very_high): Veteran depth piece with minimal projected role.; projected for 8 games (injury/role-share discount already applied). Median 20 pts, floor 10, ceiling 31.",81
Kimani Vidal,RB,Chargers,19.4,9.7,31.0,very_high,"RB4 deep depth role; 3.1 carries/g (3.0 baseline x 1.00 scheme/OL x 1.02 game-script); 4.00 YPC efficiency; 0.9 targets/g as receiver; plays in Chargers' 23.0 implied pts/g; average O-line; run-funnel/balanced under harbaugh scheme; new coaching: new OC reported (Mike McDaniel, per one source - unconfirmed); 2026 change: Chargers also added veteran Najee Harris in free agency, pushing Vidal further down the depth chart behind Hampton.; risk (very_high): Deep backup with minimal standalone role now that Harris is also on the roster.; projected for 8 games (injury/role-share discount already applied). Median 19 pts, floor 10, ceiling 31.",82
Adonai Mitchell,WR,Jets,50.5,31.8,71.7,high,"WR3 new team role; 3.6 targets/g (3.5 baseline x 1.00 scheme/pace x 1.03 game-script); 58% catch rate, 7.0 yds/target; plays in Jets' 19.0 implied pts/g; bottom-tier offense; below-average O-line; pass-funnel; rebuilding offense scheme; QB change: yes; 2026 change: Traded from Indianapolis to the Jets (Nov. 2025) as part of the Sauce Gardner deal; listed among the Jets' starting receivers alongside Garrett Wilson.; risk (high): Real opportunity after being stuck behind Pittman/Downs in Indy, but a rebuilding Jets passing game caps the efficiency ceiling.; projected for 12 games (injury/role-share discount already applied). Median 50 pts, floor 32, ceiling 72.",82
Jalen McMillan,WR,Buccaneers,49.0,24.5,78.4,very_high,"WR3, real current injury role; 4.0 targets/g (4.0 baseline x 1.00 scheme/pace x 1.00 game-script); 68% catch rate, 7.0 yds/target; plays in Buccaneers' 23.0 implied pts/g; average O-line; pass-heavy; mayfield/evans-godwin-egbuka spread attack scheme; 2026 change: Missing from the dataset entirely -- real early-August 2026 knee injury with no confirmed return date as of this writing, on top of a 2025 season already wiped out by injury (just 12 rec on 15 targets, 178 yds, 0 TD over a limited sample).; risk (very_high): In line for a bigger real role in 2026 with Mike Evans gone (competing for the WR3 job behind Egbuka/Godwin), and shows real strong per-route efficiency when actually healthy -- but the current, unresolved knee injury is the dominant real factor here, not the role upside.; projected for 10 games (injury/role-share discount already applied). Median 49 pts, floor 24, ceiling 78.",83
Ollie Gordon II,RB,Dolphins,17.1,8.6,27.4,very_high,"RB4 deep depth role; 2.6 carries/g (3.0 baseline x 0.96 scheme/OL x 0.92 game-script); 3.84 YPC efficiency; 1.0 targets/g as receiver; plays in Dolphins' 18.0 implied pts/g; bottom-tier offense; below-average O-line; pass-funnel expected under new staff; scheme details tbd scheme; new coaching: yes - new HC (replaced Mike McDaniel); QB change: yes; risk (very_high): Deep depth-chart piece in an already crowded, currently-in-flux Miami backfield.; projected for 8 games (injury/role-share discount already applied). Median 17 pts, floor 9, ceiling 27.",83
Nicholas Singleton,RB,Titans,16.6,8.3,26.6,very_high,"RB4 depth/dev stash (rookie) role; 1.7 carries/g (2.0 baseline x 0.90 scheme/OL x 0.96 game-script); 3.84 YPC efficiency; 0.5 targets/g as receiver; plays in Titans' 17.5 implied pts/g; bottom-tier offense; poor O-line; run-funnel expected under new staff; sophomore ward developing scheme; new coaching: yes - new HC (replaced Brian Callahan, fired in-season 2025); 2026 change: Missing from the dataset entirely. 5th-round rookie (pick 165, via trade w/ Bills) out of Penn State -- real school-record production there (all-time leader in TDs, 55, and all-purpose yards, 5,586), athletic/receiving-capable profile. Broke his 5th metatarsal prepping for the Senior Bowl, needed surgery, medically cleared ~3 months later.; risk (very_high): Buried on the real depth chart behind Pollard, Spears, and veteran Julius Chestnut as of Sept 2026 (climbed from RB6 to roughly RB4 over camp) -- real athletic upside if either Pollard or Spears gets hurt, but zero clear touches as things stand.; projected for 13 games (injury/role-share discount already applied). Median 17 pts, floor 8, ceiling 27.",84
Caleb Douglas,WR,Dolphins,48.1,30.3,68.3,high,"Rookie, real target competition role; 2.6 targets/g (2.5 baseline x 1.00 scheme/pace x 1.04 game-script); 58% catch rate, 8.0 yds/target; plays in Dolphins' 18.0 implied pts/g; bottom-tier offense; below-average O-line; pass-funnel expected under new staff; scheme details tbd scheme; new coaching: yes - new HC (replaced Mike McDaniel); QB change: yes; 2026 change: Missing from the dataset entirely -- real rookie, 6'4"" bigger-bodied complement in Miami's real, thin/rebuilding WR room alongside Malik Washington.; risk (high): Real size/role fit, but a genuinely low-scoring, unproven real Miami offense caps the realistic ceiling here.; projected for 15 games (injury/role-share discount already applied). Median 48 pts, floor 30, ceiling 68.",84
Chris Bell,WR,Dolphins,44.2,22.1,70.7,very_high,"Rookie, real talent but recent ACL tear role; 2.6 targets/g (2.5 baseline x 1.00 scheme/pace x 1.04 game-script); 58% catch rate, 8.5 yds/target; plays in Dolphins' 18.0 implied pts/g; bottom-tier offense; below-average O-line; pass-funnel expected under new staff; scheme details tbd scheme; new coaching: yes - new HC (replaced Mike McDaniel); QB change: yes; 2026 change: Missing from the dataset entirely -- real rookie described as having genuine No. 1-caliber talent, but coming off a real torn ACL; reported on track for Week 1 as of this writing.; risk (very_high): Real, current recovery risk from a real major injury outweighs the talent claims until proven in actual regular-season snaps.; projected for 13 games (injury/role-share discount already applied). Median 44 pts, floor 22, ceiling 71.",85
Devin Neal,RB,Saints,10.7,5.3,17.1,very_high,"RB4 deep rookie role; 2.0 carries/g (2.0 baseline x 1.00 scheme/OL x 0.98 game-script); 3.90 YPC efficiency; 1.0 targets/g as receiver; plays in Saints' 19.5 implied pts/g; bottom-tier offense; average O-line; balanced; west coast-style scheme scheme; 2026 change: Confirmed Saints roster spot (Ourlads depth chart, Aug 19 2026), working back from a hamstring injury/IR stint, competing with Kendre Miller for RB3/4 behind Etienne/Kamara.; risk (very_high): Deep rookie committee piece with essentially no confirmed role.; projected for 6 games (injury/role-share discount already applied). Median 11 pts, floor 5, ceiling 17.",85
Zonovan Knight,RB,Cardinals,10.1,5.0,16.2,very_high,"RB5, real injury-driven upside if given a chance role; 1.8 carries/g (2.0 baseline x 1.00 scheme/OL x 0.90 game-script); 4.00 YPC efficiency; 0.5 targets/g as receiver; plays in Cardinals' 17.0 implied pts/g; bottom-tier offense; average O-line; balanced/run-funnel scheme; QB change: yes; 2026 change: Missing from the dataset entirely -- re-signed with Arizona, but now buried behind a genuinely crowded backfield: 2026 3rd-overall pick Jeremiyah Love, free-agent signee Tyler Allgeier, James Conner, and Trey Benson all ahead of him.; risk (very_high): Real, proven spike ability when this specific backfield gets hit by injury -- when Conner/Benson/Demercado all went down in 2025, Knight stepped in as the real starter (269 yds, 4 TD over 12 games, 8 starts) before his own season-ending ankle injury. This RB room has a real recent history of exactly that kind of attrition, which is what makes him a real, not hypothetical, injury-driven stash.; projected for 8 games (injury/role-share discount already applied). Median 10 pts, floor 5, ceiling 16.",86
Tyreek Hill,WR,Free agent,43.8,21.9,70.1,very_high,"WR2 unsigned, injury recovery role; 6.0 targets/g (6.0 baseline x 1.00 scheme/pace x 1.00 game-script); 62% catch rate, 8.5 yds/target; no confirmed 2026 team, so no team-environment adjustment is applied (treated as league-average); 2026 change: Agent Drew Rosenhaus does not expect a signing before the season starts; Schefter reports he may not be cleared to play until midway through the season -- 'first quarter of 2026' was stale, and he himself says he still has 'no power' in the injured leg.; risk (very_high): Real, worse-than-previously-modeled recovery timeline -- treat any early-season role as unlikely.; projected for 5 games (injury/role-share discount already applied). Median 44 pts, floor 22, ceiling 70.",86
Jayden Higgins,WR,Texans,40.6,25.6,57.7,high,"WR3 depth role; 3.0 targets/g (3.0 baseline x 1.00 scheme/pace x 0.99 game-script); 60% catch rate, 6.5 yds/target; plays in Texans' 23.5 implied pts/g; average O-line; pass-heavy with stroud/nico collins downfield shots scheme; risk (high): Behind Nico Collins on the Texans' WR depth chart.; projected for 12 games (injury/role-share discount already applied). Median 41 pts, floor 26, ceiling 58.",87
Keon Coleman,WR,Bills,39.3,24.8,55.8,high,"WR3 depth role; 3.1 targets/g (3.0 baseline x 1.05 scheme/pace x 0.98 game-script); 58% catch rate, 6.5 yds/target; plays in Bills' 27.0 implied pts/g; top-tier offense; good O-line; balanced/run-funnel; allen heavy designed qb runs scheme; new coaching: yes - new HC (promoted from OC after McDermott fired); risk (high): Behind Moore/Shakir on the Bills' WR depth chart.; projected for 11 games (injury/role-share discount already applied). Median 39 pts, floor 25, ceiling 56.",88
Jack Bech,WR,Raiders,38.9,24.5,55.2,high,"WR3 complementary role; 3.1 targets/g (3.0 baseline x 1.00 scheme/pace x 1.03 game-script); 60% catch rate, 6.0 yds/target; plays in Raiders' 18.5 implied pts/g; bottom-tier offense; below-average O-line; pass-funnel under kubiak (seahawks-style scheme) scheme; new coaching: yes - new HC (replaced Pete Carroll); QB change: yes; risk (high): Competing for complementary targets behind a passing game that runs heavily through TE Brock Bowers.; projected for 12 games (injury/role-share discount already applied). Median 39 pts, floor 24, ceiling 55.",89
Elic Ayomanor,WR,Titans,37.7,23.8,53.5,high,"WR4 crowded depth role; 2.9 targets/g (3.0 baseline x 0.95 scheme/pace x 1.02 game-script); 58% catch rate, 6.5 yds/target; plays in Titans' 17.5 implied pts/g; bottom-tier offense; poor O-line; run-funnel expected under new staff; sophomore ward developing scheme; new coaching: yes - new HC (replaced Brian Callahan, fired in-season 2025); risk (high): Buried behind rookie Carnell Tate, Wan'Dale Robinson, and Calvin Ridley on a crowded Titans WR depth chart.; projected for 12 games (injury/role-share discount already applied). Median 38 pts, floor 24, ceiling 54.",90
Xavier Legette,WR,Panthers,36.9,23.2,52.4,high,"WR3 depth role; 3.0 targets/g (3.0 baseline x 1.00 scheme/pace x 1.01 game-script); 58% catch rate, 6.5 yds/target; plays in Panthers' 21.0 implied pts/g; average O-line; balanced/run-funnel around chuba hubbard scheme; risk (high): Behind McMillan/Coker on the Panthers' WR depth chart.; projected for 11 games (injury/role-share discount already applied). Median 37 pts, floor 23, ceiling 52.",91
Ryan Flournoy,WR,Cowboys,35.9,17.9,57.4,very_high,"Rookie, deep WR corps depth role; 2.1 targets/g (2.0 baseline x 1.05 scheme/pace x 0.99 game-script); 58% catch rate, 7.5 yds/target; plays in Cowboys' 24.0 implied pts/g; top-tier offense; good O-line; pass-heavy; up-tempo scheme; 2026 change: Missing from the dataset entirely -- 2026 rookie for Dallas, currently a deep depth piece behind the Cowboys' established WR corps (Lamb, Pickens, Ferguson) with no clear early-season role established.; risk (very_high): Real, current target competition ahead of him (Lamb/Pickens/Ferguson) caps realistic 2026 volume -- treat as a pure late-round dart.; projected for 14 games (injury/role-share discount already applied). Median 36 pts, floor 18, ceiling 57.",92
Omar Cooper Jr.,WR,Jets,32.9,16.4,52.6,very_high,"Rookie, deep WR corps depth role; 2.1 targets/g (2.0 baseline x 1.00 scheme/pace x 1.03 game-script); 58% catch rate, 7.0 yds/target; plays in Jets' 19.0 implied pts/g; bottom-tier offense; below-average O-line; pass-funnel; rebuilding offense scheme; QB change: yes; 2026 change: Missing from the dataset entirely -- 2026 rookie, currently a deep depth piece in a crowded Jets WR room with no clear early-season role established.; risk (very_high): Real draft capital but no proven or reported real target share yet -- treat as a pure late-round dart.; projected for 14 games (injury/role-share discount already applied). Median 33 pts, floor 16, ceiling 53.",93
Dontayvion Wicks,WR,Eagles,30.7,19.3,43.6,high,"WR3 new team role; 2.5 targets/g (2.5 baseline x 1.00 scheme/pace x 0.98 game-script); 58% catch rate, 6.5 yds/target; plays in Eagles' 25.0 implied pts/g; top-tier offense; elite O-line; run-heavy (tush push/rpo); balanced overall scheme; 2026 change: Traded from Green Bay to Philadelphia and signed a 1-year extension; competing with Marquise Brown for the Eagles' WR3 role.; risk (high): Real opportunity in a contested competition, not a guaranteed role.; projected for 11 games (injury/role-share discount already applied). Median 31 pts, floor 19, ceiling 44.",94
Kyle Williams,WR,Patriots,29.3,14.7,46.9,very_high,"WR4 crowded depth role; 2.5 targets/g (2.5 baseline x 1.00 scheme/pace x 0.98 game-script); 58% catch rate, 6.0 yds/target; plays in Patriots' 24.5 implied pts/g; top-tier offense; average O-line; balanced; ascending pass offense scheme; 2026 change: Target competition increased sharply after New England added two veteran WRs (A.J. Brown, Romeo Doubs) ahead of him on the depth chart.; risk (very_high): A real, sourced opportunity decrease from a crowded receiver room overhaul.; projected for 11 games (injury/role-share discount already applied). Median 29 pts, floor 15, ceiling 47.",95
Tre Harris,WR,Chargers,29.1,14.6,46.6,very_high,"WR4 depth role; 2.4 targets/g (2.5 baseline x 0.95 scheme/pace x 0.99 game-script); 58% catch rate, 6.5 yds/target; plays in Chargers' 23.0 implied pts/g; average O-line; run-funnel/balanced under harbaugh scheme; new coaching: new OC reported (Mike McDaniel, per one source - unconfirmed); risk (very_high): Behind McConkey/Johnston on the Chargers' WR depth chart.; projected for 11 games (injury/role-share discount already applied). Median 29 pts, floor 15, ceiling 47.",96
Antonio Williams,WR,Commanders,28.3,14.2,45.3,very_high,"Rookie, real target competition from Diggs role; 1.8 targets/g (1.8 baseline x 1.00 scheme/pace x 1.01 game-script); 62% catch rate, 6.5 yds/target; plays in Commanders' 22.5 implied pts/g; average O-line; balanced/dual-threat scheme built around daniels scheme; 2026 change: Missing from the dataset entirely -- real rookie with shifty, reliable-hands profile, but Washington's real Aug 2026 signing of Stefon Diggs is explicitly reported as a real negative for his target-share outlook.; risk (very_high): Real, sourced signal pointing to a smaller-than-hoped rookie role, not just generic camp competition.; projected for 14 games (injury/role-share discount already applied). Median 28 pts, floor 14, ceiling 45.",97
Isaac TeSlaa,WR,Lions,23.2,11.6,37.1,very_high,"WR4 depth role; 2.0 targets/g (2.0 baseline x 1.00 scheme/pace x 0.98 game-script); 60% catch rate, 6.0 yds/target; plays in Lions' 26.5 implied pts/g; top-tier offense; good O-line; balanced; physical run-first identity with efficient play-action passing scheme; risk (very_high): Deep depth-chart piece on the Lions' WR room.; projected for 11 games (injury/role-share discount already applied). Median 23 pts, floor 12, ceiling 37.",98
Cyrus Allen,WR,Chiefs,21.6,10.8,34.6,very_high,"Deep rookie WR, real but distant path to a role role; 1.5 targets/g (1.5 baseline x 1.05 scheme/pace x 0.98 game-script); 60% catch rate, 7.0 yds/target; plays in Chiefs' 25.5 implied pts/g; top-tier offense; good O-line; pass-heavy; tempo/no-huddle elements scheme; new coaching: new OC (Eric Bieniemy, 2nd stint, per multiple reports); 2026 change: Missing from the dataset entirely -- real 2026 5th-round rookie (Cincinnati). Real target-earning college tape and a real, if distant, eventual-role pathway in Kansas City's offense, but no proven 2026 NFL role yet.; risk (very_high): A true developmental dart throw -- real per-game involvement this season is speculative, not established.; projected for 14 games (injury/role-share discount already applied). Median 22 pts, floor 11, ceiling 35.",100
Diontae Johnson,WR,Free agent,19.6,9.8,31.4,very_high,"WR3 unsigned role; 3.0 targets/g (3.0 baseline x 1.00 scheme/pace x 1.00 game-script); 62% catch rate, 6.0 yds/target; no confirmed 2026 team, so no team-environment adjustment is applied (treated as league-average); 2026 change: Released by Cleveland again in Aug 2026 final cuts; worked out for the Giants in early Sept 2026, still unsigned as of this writing.; risk (very_high): No team as of camp -- essentially unrosterable until he signs somewhere.; projected for 6 games (injury/role-share discount already applied). Median 20 pts, floor 10, ceiling 31.",101
Tank Dell,WR,Texans,18.8,9.4,30.1,very_high,"WR4 deep depth role; 2.0 targets/g (2.0 baseline x 1.00 scheme/pace x 0.99 game-script); 60% catch rate, 6.0 yds/target; plays in Texans' 23.5 implied pts/g; average O-line; pass-heavy with stroud/nico collins downfield shots scheme; risk (very_high): Deep bench behind Collins/Higgins/Kirk in Houston.; projected for 9 games (injury/role-share discount already applied). Median 19 pts, floor 9, ceiling 30.",102
Josh Reynolds,WR,Uncertain,18.7,9.4,29.9,very_high,"WR4 depth role; 2.0 targets/g (2.0 baseline x 1.00 scheme/pace x 1.00 game-script); 58% catch rate, 6.0 yds/target; no confirmed 2026 team, so no team-environment adjustment is applied (treated as league-average); 2026 change: 2026 team could not be confirmed with confidence in research -- treat as a placeholder.; risk (very_high): Genuine situational unknown on top of an already deep-bench profile.; projected for 9 games (injury/role-share discount already applied). Median 19 pts, floor 9, ceiling 30.",103
Demario Douglas,WR,Patriots,17.9,8.9,28.6,very_high,"WR4 deep depth role; 2.0 targets/g (2.0 baseline x 1.00 scheme/pace x 0.98 game-script); 60% catch rate, 5.5 yds/target; plays in Patriots' 24.5 implied pts/g; top-tier offense; average O-line; balanced; ascending pass offense scheme; 2026 change: New England's WR overhaul (A.J. Brown, Romeo Doubs additions) likely reduces his role further.; risk (very_high): A sourced opportunity decrease from a crowded, upgraded receiver room.; projected for 9 games (injury/role-share discount already applied). Median 18 pts, floor 9, ceiling 29.",104
Curtis Samuel,WR,Free agent,12.5,6.2,20.0,very_high,"WR4 unsigned role; 2.5 targets/g (2.5 baseline x 1.00 scheme/pace x 1.00 game-script); 60% catch rate, 5.5 yds/target; no confirmed 2026 team, so no team-environment adjustment is applied (treated as league-average); 2026 change: Released by Buffalo in March 2026 (cap-saving move) after two disappointing, injury-hampered seasons.; risk (very_high): Unsigned and coming off two down years -- minimal realistic value even if he signs somewhere.; projected for 5 games (injury/role-share discount already applied). Median 12 pts, floor 6, ceiling 20.",105
Skyy Moore,WR,Packers,11.4,5.7,18.2,very_high,"WR4 deep depth role; 1.5 targets/g (1.5 baseline x 1.00 scheme/pace x 0.98 game-script); 58% catch rate, 5.5 yds/target; plays in Packers' 24.5 implied pts/g; top-tier offense; good O-line; balanced; play-action heavy scheme; risk (very_high): Deep depth-chart piece on the Packers' WR room.; projected for 8 games (injury/role-share discount already applied). Median 11 pts, floor 6, ceiling 18.",106
Jalin Hyatt,WR,Giants (practice squad),1.5,0.8,2.4,very_high,"WR4 deep depth role; 1.5 targets/g (1.5 baseline x 1.00 scheme/pace x 1.00 game-script); 58% catch rate, 6.0 yds/target; plays in Giants (practice squad)'s 22.5 implied pts/g; average O-line; balanced scheme; 2026 change: Cut at the Aug 30, 2026 53-man deadline and re-signed to the Giants practice squad; also dealing with a camp leg injury -- ""team could not be confirmed"" was wrong, but he is not on the active roster either.; risk (very_high): Needs an active-roster promotion just to be eligible to play, on top of a real injury -- not a real 2026 fantasy option right now.; projected for 1 games (injury/role-share discount already applied). Median 2 pts, floor 1, ceiling 2.",107
Ricky Pearsall,WR,49ers,0.0,0.0,0.0,very_high,"WR3 season-ending injury role; 3.0 targets/g (3.0 baseline x 1.00 scheme/pace x 0.99 game-script); 60% catch rate, 6.5 yds/target; plays in 49ers' 24.0 implied pts/g; top-tier offense; elite O-line; pass-heavy west coast scheme; wide zone run game scheme; 2026 change: Confirmed season-ending: 49ers GM John Lynch announced PCL surgery in the coming weeks with a 6-12 month recovery (9 months realistic) -- cited as the reason San Francisco signed Deebo Samuel to fill the gap.; risk (very_high): Out for the entire 2026 season; not a handcuff or late-round dart, a $1 roster afterthought at most until 2027.; projected for 0 games (injury/role-share discount already applied). Median 0 pts, floor 0, ceiling 0.",108
