player_name,position,nfl_team,projected_points,floor,ceiling,risk_tier,explanation,rush_att_pg,bye_week,points_early,points_late,pos_rank,replacement_points,vor,overall_rank,vor_round,market_verified,market_round,market_overall_pick,tier,tier_dropoff,tier_market_rounds
Jahmyr Gibbs,RB,Lions,179.5,152.6,211.9,low,"17.0 carries/g x 5.34 YPC | 5.0 targets/g as receiver, full-PPR",16.0,6.0,90.7,88.9,1,87.9,154.6,1,1,True,1.0,1.3,1,15.3,1
Ja'Marr Chase,WR,Bengals,179.8,152.8,212.2,low,"10.8 targets/g, 68% catch rate, 9.2 yds/target | full-PPR: every catch worth 1.0 pt (vs 0.5 in Top Teamz)",0.0,6.0,90.8,89.0,1,60.6,149.0,2,1,True,1.0,4.03,1,24.5,1
Christian McCaffrey,RB,49ers,170.4,127.8,218.1,medium,"19.8 carries/g x 3.99 YPC | 6.0 targets/g as receiver, full-PPR",18.3,8.0,86.9,83.4,2,87.9,139.3,3,1,True,1.0,7.02,2,4.9,1
Jonathan Taylor,RB,Colts,169.6,127.2,217.1,medium,"19.0 carries/g x 4.94 YPC | 2.5 targets/g as receiver, full-PPR",19.0,13.0,92.9,76.8,3,87.9,134.4,4,1,True,1.0,5.3,3,19.5,1
Josh Allen,QB,Bills,218.8,185.9,258.2,low,"35.0 pass att/g x 7.6 YPA, 6.2% TD rate (1pt/25 pass yds here, double Top Teamz's rate) | 8.5 rush att/g at 5.2 YPC",,7.0,105.1,113.7,1,123.0,125.7,5,1,True,2.0,19.8,1,22.7,3
CeeDee Lamb,WR,Cowboys,163.2,122.4,208.9,medium,"9.9 targets/g, 68% catch rate, 8.2 yds/target | full-PPR: every catch worth 1.0 pt (vs 0.5 in Top Teamz)",0.0,14.0,89.9,73.3,2,60.6,124.5,6,1,True,1.0,15.07,2,3.5,2
Justin Jefferson,WR,Vikings,157.0,133.4,185.2,low,"10.0 targets/g, 68% catch rate, 9.0 yds/target | full-PPR: every catch worth 1.0 pt (vs 0.5 in Top Teamz)",0.0,6.0,78.5,78.5,3,60.6,121.0,7,1,True,2.0,16.68,3,11.4,1
Bijan Robinson,RB,Falcons,162.4,121.8,207.9,medium,"17.3 carries/g x 4.70 YPC | 5.5 targets/g as receiver, full-PPR",18.0,11.0,101.9,60.5,4,87.9,114.9,8,1,True,1.0,1.94,4,6.1,1
Puka Nacua,WR,Rams,155.3,116.4,198.7,medium,"10.2 targets/g, 72% catch rate, 8.5 yds/target | full-PPR: every catch worth 1.0 pt (vs 0.5 in Top Teamz)",0.0,11.0,95.7,59.5,4,60.6,109.6,9,1,True,1.0,5.05,4,6.2,1
Chase Brown,RB,Bengals,149.3,112.0,191.1,medium,"15.9 carries/g x 4.33 YPC | 5.2 targets/g as receiver, full-PPR",15.0,6.0,72.4,76.9,6,87.9,108.8,10,1,True,1.0,13.12,5,7.9,1
Amon-Ra St. Brown,WR,Lions,143.1,121.6,168.8,low,"9.3 targets/g, 75% catch rate, 7.8 yds/target | full-PPR: every catch worth 1.0 pt (vs 0.5 in Top Teamz)",0.0,6.0,71.5,71.5,6,60.6,103.4,11,1,True,1.0,9.25,5,3.5,1
Lamar Jackson,QB,Ravens,207.3,155.5,265.3,medium,"29.1 pass att/g x 7.8 YPA, 6.1% TD rate (1pt/25 pass yds here, double Top Teamz's rate) | 10.0 rush att/g at 5.8 YPC",,13.0,116.2,91.1,2,123.0,103.0,12,1,True,3.0,41.39,2,38.0,4-7
Derrick Henry,RB,Ravens,149.7,112.3,191.6,medium,"16.2 carries/g x 4.94 YPC | 1.5 targets/g as receiver, full-PPR",15.0,13.0,85.8,63.9,5,87.9,100.9,13,1,True,1.0,14.4,6,8.8,1
Jaxon Smith-Njigba,WR,Seahawks,147.0,125.0,173.5,low,"9.3 targets/g, 70% catch rate, 8.5 yds/target | full-PPR: every catch worth 1.0 pt (vs 0.5 in Top Teamz)",0.0,11.0,90.6,56.4,5,60.6,99.9,14,1,True,1.0,7.03,6,16.8,2
James Cook III,RB,Bills,139.2,118.3,164.2,low,"18.0 carries/g x 4.74 YPC | 2.6 targets/g as receiver, full-PPR",17.0,7.0,68.1,71.0,7,87.9,92.1,15,1,True,1.0,11.19,7,11.8,2
Brock Bowers,TE,Raiders,124.5,93.4,159.4,medium,"9.3 targets/g, 72% catch rate, 6.5 yds/target | full-PPR: every catch worth 1.0 pt (vs 0.5 in Top Teamz)",0.0,13.0,70.3,54.2,1,49.0,90.8,16,1,True,2.0,28.13,1,29.6,5
Trey McBride,TE,Cardinals,121.9,91.4,156.1,medium,"8.5 targets/g, 75% catch rate, 6.5 yds/target | full-PPR: every catch worth 1.0 pt (vs 0.5 in Top Teamz)",0.0,14.0,66.8,55.2,2,49.0,88.8,17,2,True,2.0,27.83,1,29.6,5
A.J. Brown,WR,Patriots,133.8,84.3,190.0,high,"8.8 targets/g, 65% catch rate, 8.5 yds/target | full-PPR: every catch worth 1.0 pt (vs 0.5 in Top Teamz)",0.0,11.0,84.6,49.2,7,60.6,83.1,18,2,True,2.0,24.05,7,6.4,2
Nico Collins,WR,Texans,126.0,94.4,161.2,medium,"8.9 targets/g, 66% catch rate, 8.8 yds/target | full-PPR: every catch worth 1.0 pt (vs 0.5 in Top Teamz)",0.0,8.0,63.0,63.0,9,60.6,82.2,19,2,True,2.0,27.83,7,6.4,2
Kyren Williams,RB,Rams,139.1,104.3,178.1,medium,"16.9 carries/g x 4.30 YPC | 2.6 targets/g as receiver, full-PPR",15.0,11.0,86.6,52.5,8,87.9,80.3,20,2,True,2.0,26.69,8,7.5,1
Drake London,WR,Falcons,127.1,95.3,162.7,medium,"9.2 targets/g, 63% catch rate, 8.0 yds/target | full-PPR: every catch worth 1.0 pt (vs 0.5 in Top Teamz)",0.0,11.0,79.1,48.0,8,60.6,75.8,21,2,True,2.0,17.94,8,2.2,7
Garrett Wilson,WR,Jets,121.6,91.2,155.6,medium,"8.8 targets/g, 60% catch rate, 7.0 yds/target | full-PPR: every catch worth 1.0 pt (vs 0.5 in Top Teamz)",0.0,13.0,66.8,54.7,10,60.6,73.6,22,2,True,7.0,107.76,9,3.4,5
Saquon Barkley,RB,Eagles,133.4,100.0,170.7,medium,"18.7 carries/g x 4.10 YPC | 2.5 targets/g as receiver, full-PPR",17.0,10.0,81.5,51.9,9,87.9,72.8,23,2,True,1.0,14.13,9,7.1,1-3
Marvin Harrison Jr.,WR,Cardinals,118.7,89.1,152.0,medium,"8.5 targets/g, 60% catch rate, 7.8 yds/target | full-PPR: every catch worth 1.0 pt (vs 0.5 in Top Teamz)",0.0,14.0,65.0,53.7,11,60.6,70.2,24,2,True,5.0,76.02,10,9.0,3
De'Von Achane,RB,Dolphins,133.1,99.8,170.4,medium,"12.4 carries/g x 4.92 YPC | 5.0 targets/g as receiver, full-PPR",14.0,6.0,64.5,68.6,10,87.9,65.7,25,2,True,1.0,11.65,10,3.8,1
Joe Burrow,QB,Bengals,172.3,129.2,220.5,medium,"39.1 pass att/g x 7.6 YPA, 6.1% TD rate (1pt/25 pass yds here, double Top Teamz's rate) | 2.5 rush att/g at 4.0 YPC",,6.0,87.0,85.3,4,123.0,65.0,26,2,True,4.0,50.95,3,24.4,4-10
Patrick Mahomes,QB,Chiefs,170.6,145.0,201.3,low,"38.1 pass att/g x 7.2 YPA, 5.1% TD rate (1pt/25 pass yds here, double Top Teamz's rate) | 4.0 rush att/g at 5.5 YPC",,5.0,81.9,88.7,6,123.0,65.0,27,2,True,7.0,99.75,3,24.4,4-10
Jalen Hurts,QB,Eagles,181.2,135.9,231.9,medium,"30.4 pass att/g x 7.0 YPA, 4.4% TD rate (1pt/25 pass yds here, double Top Teamz's rate) | 10.0 rush att/g at 4.0 YPC",,10.0,114.4,66.8,3,123.0,64.7,28,2,True,5.0,71.29,3,24.4,4-10
Javonte Williams,RB,Cowboys,124.9,93.6,159.8,medium,"15.6 carries/g x 4.03 YPC | 3.2 targets/g as receiver, full-PPR",15.0,14.0,69.5,55.4,11,87.9,64.3,29,2,True,3.0,36.12,10,3.8,1
Jayden Daniels,QB,Commanders,171.4,128.5,219.4,medium,"32.3 pass att/g x 7.5 YPA, 4.5% TD rate (1pt/25 pass yds here, double Top Teamz's rate) | 8.0 rush att/g at 5.5 YPC",,7.0,86.5,84.8,5,123.0,63.8,30,2,True,5.0,64.53,3,24.4,4-10
Breece Hall,RB,Jets,123.0,92.2,157.4,medium,"13.5 carries/g x 4.03 YPC | 4.0 targets/g as receiver, full-PPR",15.0,13.0,67.3,55.8,12,87.9,62.3,31,2,True,3.0,32.6,10,3.8,1
Ladd McConkey,WR,Chargers,108.8,81.6,139.3,medium,"8.0 targets/g, 68% catch rate, 7.8 yds/target | full-PPR: every catch worth 1.0 pt (vs 0.5 in Top Teamz)",0.0,7.0,53.3,55.5,12,60.6,61.2,32,2,True,3.0,45.08,11,4.5,3-5
Omarion Hampton,RB,Chargers,120.2,90.2,153.9,medium,"17.3 carries/g x 4.40 YPC | 2.8 targets/g as receiver, full-PPR",17.0,7.0,60.7,59.5,14,87.9,60.9,33,3,True,2.0,19.5,10,3.8,1
Sam LaPorta,TE,Lions,96.1,72.1,123.0,medium,"5.9 targets/g, 82% catch rate, 9.0 yds/target | full-PPR: every catch worth 1.0 pt (vs 0.5 in Top Teamz)",0.0,6.0,48.0,48.0,3,49.0,59.2,34,3,True,5.0,68.05,2,9.8,4-7
Ashton Jeanty,RB,Raiders,120.3,90.2,154.0,medium,"15.3 carries/g x 4.13 YPC | 3.5 targets/g as receiver, full-PPR",17.0,13.0,66.9,53.3,13,87.9,57.1,35,3,True,1.0,12.84,11,8.6,3
Alec Pierce,WR,Colts,107.9,80.9,138.2,medium,"5.6 targets/g, 60% catch rate, 13.4 yds/target | full-PPR: every catch worth 1.0 pt (vs 0.5 in Top Teamz)",,13.0,60.0,48.0,13,60.6,56.7,36,3,True,5.0,75.1,12,5.0,2-5
Malik Nabers,WR,Giants,104.8,66.0,148.8,high,"8.6 targets/g, 65% catch rate, 8.0 yds/target | full-PPR: every catch worth 1.0 pt (vs 0.5 in Top Teamz)",0.0,8.0,52.4,52.4,14,60.6,55.7,37,3,True,3.0,33.84,12,5.0,2-5
DJ Moore,WR,Bills,100.0,75.0,128.0,medium,"7.7 targets/g, 62% catch rate, 7.5 yds/target | full-PPR: every catch worth 1.0 pt (vs 0.5 in Top Teamz)",0.0,7.0,48.0,52.0,18,60.6,50.7,38,3,True,4.0,61.71,13,5.3,2-6
George Pickens,WR,Cowboys,102.3,76.7,131.0,medium,"6.8 targets/g, 58% catch rate, 8.0 yds/target | full-PPR: every catch worth 1.0 pt (vs 0.5 in Top Teamz)",0.0,14.0,56.3,46.0,15,60.6,50.0,39,3,True,2.0,23.04,13,5.3,2-6
George Kittle,TE,49ers,88.1,66.1,112.7,medium,"5.9 targets/g, 80% catch rate, 8.5 yds/target | full-PPR: every catch worth 1.0 pt (vs 0.5 in Top Teamz)",0.0,8.0,44.1,44.1,6,49.0,49.4,40,3,True,6.0,93.66,3,8.7,5
Tee Higgins,WR,Bengals,99.8,74.8,127.7,medium,"7.2 targets/g, 62% catch rate, 8.2 yds/target | full-PPR: every catch worth 1.0 pt (vs 0.5 in Top Teamz)",0.0,6.0,50.4,49.4,19,60.6,49.2,41,3,True,3.0,40.41,13,5.3,2-6
Zay Flowers,WR,Ravens,101.8,76.3,130.3,medium,"7.3 targets/g, 68% catch rate, 7.0 yds/target | full-PPR: every catch worth 1.0 pt (vs 0.5 in Top Teamz)",0.0,13.0,57.1,44.7,16,60.6,48.8,42,3,True,3.0,37.47,13,5.3,2-6
Bucky Irving,RB,Buccaneers,118.2,88.6,151.2,medium,"15.0 carries/g x 4.70 YPC | 3.5 targets/g as receiver, full-PPR",15.0,10.0,74.3,43.9,15,87.9,48.5,43,3,True,3.0,41.44,12,3.0,2
Travis Etienne Jr.,RB,Saints,112.2,84.1,143.6,medium,"14.7 carries/g x 4.20 YPC | 3.5 targets/g as receiver, full-PPR",15.0,8.0,56.6,55.5,18,87.9,48.3,44,3,True,3.0,43.36,12,3.0,2
Terry McLaurin,WR,Commanders,98.7,74.0,126.4,medium,"7.3 targets/g, 63% catch rate, 7.8 yds/target | full-PPR: every catch worth 1.0 pt (vs 0.5 in Top Teamz)",0.0,7.0,49.9,48.9,20,60.6,47.9,45,3,True,4.0,57.38,13,5.3,2-6
Jake Ferguson,TE,Cowboys,88.4,66.3,113.2,medium,"5.5 targets/g, 76% catch rate, 5.9 yds/target | full-PPR: every catch worth 1.0 pt (vs 0.5 in Top Teamz)",,14.0,48.7,39.7,5,49.0,47.4,46,3,False,,,3,8.7,5
Tyler Warren,TE,Colts,88.5,66.4,113.3,medium,"6.6 targets/g, 68% catch rate, 6.0 yds/target | full-PPR: every catch worth 1.0 pt (vs 0.5 in Top Teamz)",0.0,13.0,49.2,39.4,4,49.0,47.4,47,3,True,4.0,54.22,3,8.7,5
Mike Evans,WR,49ers,97.4,73.0,124.6,medium,"7.4 targets/g, 60% catch rate, 8.0 yds/target | full-PPR: every catch worth 1.0 pt (vs 0.5 in Top Teamz)",0.0,8.0,48.7,48.7,22,60.6,46.4,48,3,True,5.0,65.98,13,5.3,2-6
Travis Kelce,TE,Chiefs,84.4,53.2,119.8,high,"6.5 targets/g, 68% catch rate, 7.5 yds/target | full-PPR: every catch worth 1.0 pt (vs 0.5 in Top Teamz)",0.0,5.0,40.5,43.9,7,49.0,45.5,49,4,True,7.0,101.55,3,8.7,5
Kenneth Walker III,RB,Chiefs,116.7,87.5,149.4,medium,"14.9 carries/g x 4.54 YPC | 3.2 targets/g as receiver, full-PPR",14.0,5.0,56.1,60.6,16,87.9,45.3,50,4,True,2.0,20.54,13,4.6,4
Emeka Egbuka,WR,Buccaneers,101.4,76.0,129.7,medium,"7.5 targets/g, 65% catch rate, 7.5 yds/target | full-PPR: every catch worth 1.0 pt (vs 0.5 in Top Teamz)",0.0,10.0,63.0,38.4,17,60.6,45.3,51,4,True,3.0,39.66,13,5.3,2-6
Jordyn Brooks,LB,Dolphins,132.3,112.4,156.1,low,"5.8 solo + 4.9 ast tackles/g (12.4 pts/g from tackle volume alone) | 0.60 TFL/g, 0.18 sacks/g, 0.25 PD/g | Starter, three-down MLB, clear LB1 tier | listed as ILB",,6.0,66.2,66.2,1,99.4,42.0,52,4,False,,,1,10.8,
David Montgomery,RB,Texans,107.4,80.5,137.4,medium,"15.3 carries/g x 4.30 YPC | 2.0 targets/g as receiver, full-PPR",15.0,8.0,54.2,53.1,19,87.9,40.7,53,4,True,4.0,54.86,14,5.9,
Christian Watson,WR,Packers,97.5,73.1,124.7,medium,"7.3 targets/g, 58% catch rate, 8.0 yds/target | full-PPR: every catch worth 1.0 pt (vs 0.5 in Top Teamz)",0.0,11.0,61.5,35.9,21,60.6,40.0,54,4,True,5.0,74.65,14,4.6,4
Drake Maye,QB,Patriots,159.9,119.9,204.7,medium,"33.3 pass att/g x 7.4 YPA, 4.9% TD rate (1pt/25 pass yds here, double Top Teamz's rate) | 5.0 rush att/g at 4.8 YPC",,11.0,101.1,58.8,7,123.0,39.4,55,4,True,4.0,54.06,4,7.8,9
Davante Adams,WR,Rams,95.6,71.7,122.4,medium,"7.1 targets/g, 65% catch rate, 7.2 yds/target | full-PPR: every catch worth 1.0 pt (vs 0.5 in Top Teamz)",0.0,11.0,59.0,36.7,24,60.6,38.8,56,4,True,4.0,58.58,14,4.6,4
Brian Thomas Jr.,WR,Jaguars,90.6,57.1,128.7,high,"7.0 targets/g, 60% catch rate, 8.5 yds/target | full-PPR: every catch worth 1.0 pt (vs 0.5 in Top Teamz)",0.0,7.0,44.9,45.8,26,60.6,38.3,57,4,True,6.0,84.66,14,4.6,4
DeVonta Smith,WR,Eagles,95.8,71.9,122.7,medium,"7.3 targets/g, 68% catch rate, 7.0 yds/target | full-PPR: every catch worth 1.0 pt (vs 0.5 in Top Teamz)",0.0,10.0,60.5,35.3,23,60.6,38.2,58,4,True,3.0,38.12,14,4.6,4
Maxx Crosby,DL,Raiders,95.2,80.9,112.3,low,"3.0 solo + 0.0 ast tackles/g (4.5 pts/g from tackle volume alone) | 1.29 TFL/g, 0.57 sacks/g, 0.09 PD/g | Full-time starting edge rusher, team focal point on a rebuilding roster | listed as DE",,13.0,52.9,42.3,1,65.6,37.9,59,4,False,,,1,9.3,
Tetairoa McMillan,WR,Panthers,90.2,67.7,115.5,medium,"7.1 targets/g, 58% catch rate, 7.8 yds/target | full-PPR: every catch worth 1.0 pt (vs 0.5 in Top Teamz)",0.0,5.0,45.6,44.7,28,60.6,37.3,60,4,True,3.0,44.37,14,4.6,4
Rome Odunze,WR,Bears,94.6,71.0,121.2,medium,"7.3 targets/g, 60% catch rate, 7.5 yds/target | full-PPR: every catch worth 1.0 pt (vs 0.5 in Top Teamz)",0.0,10.0,59.2,35.5,25,60.6,37.2,61,4,True,4.0,62.72,14,4.6,4
Kyle Pitts,TE,Falcons,82.1,51.7,116.5,high,"6.1 targets/g, 75% catch rate, 7.6 yds/target | full-PPR: every catch worth 1.0 pt (vs 0.5 in Top Teamz)",0.0,11.0,51.1,31.0,8,49.0,36.8,62,4,True,5.0,70.2,4,7.0,3-10
Chris Olave,WR,Saints,89.3,67.0,114.3,medium,"7.6 targets/g, 63% catch rate, 7.5 yds/target | full-PPR: every catch worth 1.0 pt (vs 0.5 in Top Teamz)",0.0,8.0,44.2,45.1,29,60.6,36.6,63,4,True,2.0,30.15,14,4.6,4
Jadarian Price,RB,Seahawks,114.7,72.3,162.9,high,"13.3 carries/g x 4.33 YPC | 2.5 targets/g as receiver, full-PPR",12.5,11.0,71.0,43.7,17,87.9,34.8,64,4,False,,,15,10.8,4
Jared Goff,QB,Lions,145.8,123.9,172.0,low,"32.3 pass att/g x 7.6 YPA, 5.9% TD rate (1pt/25 pass yds here, double Top Teamz's rate) | pocket passer, minimal rushing equity",,6.0,72.9,72.9,8,123.0,32.4,65,5,True,7.0,108.01,4,7.8,9
Luther Burden III,WR,Bears,90.4,67.8,115.8,medium,"7.1 targets/g, 68% catch rate, 7.5 yds/target | full-PPR: every catch worth 1.0 pt (vs 0.5 in Top Teamz)",0.0,10.0,56.5,33.9,27,60.6,32.0,66,5,True,4.0,63.32,15,1.8,2-10
Jack Campbell,LB,Lions,123.8,105.2,146.2,low,"5.2 solo + 5.1 ast tackles/g (11.7 pts/g from tackle volume alone) | 0.21 TFL/g, 0.22 sacks/g, 0.28 PD/g | Starter (MIKE), three-down, defensive leader | listed as MLB",,6.0,61.9,61.9,3,99.4,31.2,67,5,False,,,2,2.4,
Jalen Nailor,WR,Raiders,86.6,64.9,110.8,medium,"5.7 targets/g, 65% catch rate, 9.0 yds/target | full-PPR: every catch worth 1.0 pt (vs 0.5 in Top Teamz)",,13.0,48.9,37.7,30,60.6,30.2,68,5,True,10.0,153.32,16,3.2,6-8
Dallas Goedert,TE,Eagles,76.6,57.4,98.0,medium,"5.4 targets/g, 73% catch rate, 7.2 yds/target | full-PPR: every catch worth 1.0 pt (vs 0.5 in Top Teamz)",0.0,10.0,48.3,28.2,9,49.0,29.8,69,5,True,6.0,84.73,5,3.4,10
Xavier Worthy,WR,Chiefs,83.2,62.4,106.6,medium,"6.2 targets/g, 58% catch rate, 8.0 yds/target | full-PPR: every catch worth 1.0 pt (vs 0.5 in Top Teamz)",0.0,5.0,40.0,43.3,34,60.6,29.6,70,5,True,9.0,134.88,16,3.2,6-8
Rashee Rice,WR,Chiefs,83.0,52.3,118.0,high,"6.7 targets/g, 65% catch rate, 7.0 yds/target | full-PPR: every catch worth 1.0 pt (vs 0.5 in Top Teamz)",0.0,5.0,39.9,43.2,35,60.6,29.4,71,5,True,2.0,23.54,16,3.2,6-8
Jameson Williams,WR,Lions,83.9,62.9,107.4,medium,"5.9 targets/g, 58% catch rate, 8.5 yds/target | full-PPR: every catch worth 1.0 pt (vs 0.5 in Top Teamz)",0.0,6.0,41.9,41.9,32,60.6,29.4,72,5,True,4.0,59.41,16,3.2,6-8
Blake Cashman,LB,Vikings,121.8,91.4,156.0,medium,"5.9 solo + 5.2 ast tackles/g (12.7 pts/g from tackle volume alone) | 0.37 TFL/g, 0.15 sacks/g, 0.24 PD/g | Starter, three-down when healthy [144 combined 2025 tackles found in research notes; solo/assist split estimated at this position's observed 53/47 average since the source didn't report the two separately -- not a fabricated total, just an estimated split.] | listed as ILB",,6.0,60.9,60.9,4,99.4,28.8,73,5,False,,,3,3.8,
Dalton Schultz,TE,Texans,71.6,53.6,91.6,medium,"5.5 targets/g, 78% catch rate, 6.7 yds/target | full-PPR: every catch worth 1.0 pt (vs 0.5 in Top Teamz)",,8.0,35.8,35.8,11,49.0,28.6,74,5,True,10.0,157.55,5,3.4,10
Jeffery Simmons,DL,Titans,90.2,76.7,106.5,low,"2.6 solo + 1.9 ast tackles/g (5.3 pts/g from tackle volume alone) | 0.92 TFL/g, 0.61 sacks/g, 0.19 PD/g | Full-time starting 3-tech/interior rusher, paired with John Franklin-Myers in new defensive scheme | listed as DT",,9.0,56.4,33.8,2,65.6,28.6,75,5,False,,,2,7.6,
Colston Loveland,TE,Bears,75.1,56.3,96.2,medium,"6.2 targets/g, 68% catch rate, 6.5 yds/target | full-PPR: every catch worth 1.0 pt (vs 0.5 in Top Teamz)",0.0,10.0,46.9,28.2,10,49.0,28.4,76,5,True,3.0,45.54,5,3.4,10
Myles Garrett,DL,Rams,89.2,67.0,114.2,medium,"1.9 solo + 1.7 ast tackles/g (4.0 pts/g from tackle volume alone) | 1.32 TFL/g, 0.92 sacks/g, 0.09 PD/g | Traded from Cleveland to the Rams June 2, 2026 (for Jared Verse + a 2027 1st/2028 2nd/2029 3rd) after requesting a trade to chase a Super Bowl; expected full-time starting edge rusher opposite Byron Young. Held out of practice/preseason with knee swelling as of early Aug 2026 -- team calling it 'minor,' cautious, expected ready for Week 1, but worth a final camp health check. [60 combined 2025 tackles found in research notes; solo/assist split estimated at this position's observed 53/47 average since the source didn't report the two separately -- not a fabricated total, just an estimated split.] | listed as DE",,11.0,55.8,33.5,3,65.6,27.6,77,5,False,,,2,7.6,
Dak Prescott,QB,Cowboys,144.7,91.1,205.4,high,"37.4 pass att/g x 7.3 YPA, 5.1% TD rate (1pt/25 pass yds here, double Top Teamz's rate) | 2.5 rush att/g at 3.5 YPC",,14.0,79.7,65.0,10,123.0,27.3,78,5,True,4.0,59.72,4,7.8,9
DK Metcalf,WR,Steelers,85.7,54.0,121.7,high,"6.0 targets/g, 60% catch rate, 8.6 yds/target | full-PPR: every catch worth 1.0 pt (vs 0.5 in Top Teamz)",0.0,9.0,54.1,31.6,31,60.6,26.2,79,5,True,6.0,90.41,17,2.0,6
Travis Hunter,WR,Jaguars,81.0,51.0,115.0,high,"4.5 targets/g, 62% catch rate, 6.5 yds/target | full-PPR: every catch worth 1.0 pt (vs 0.5 in Top Teamz) || 1.7 solo + 0.9 ast tackles/g (3.2 pts/g from tackle volume alone) | 0.10 TFL/g, 0.02 sacks/g, 0.59 PD/g | Real two-way starter -- HC Liam Coen confirmed he plays ""both sides of the football just as we drafted him to do,"" with a real, reported uptick in CB snaps expected vs his rookie season. [15 combined 2025 tackles found in research notes; solo/assist split estimated at this position's observed 64/36 average since the source didn't report the two separately -- not a fabricated total, just an estimated split.] | listed as CB",0.0,7.0,40.1,40.9,36,60.6,26.2,80,5,False,,,17,2.0,6
Jordan Addison,WR,Vikings,80.9,60.7,103.6,medium,"6.5 targets/g, 62% catch rate, 7.5 yds/target | full-PPR: every catch worth 1.0 pt (vs 0.5 in Top Teamz)",0.0,6.0,40.5,40.5,37,60.6,26.0,81,6,True,8.0,117.27,17,2.0,6
Parker Washington,WR,Jaguars,80.8,60.6,103.5,medium,"5.5 targets/g, 72% catch rate, 9.6 yds/target | full-PPR: every catch worth 1.0 pt (vs 0.5 in Top Teamz)",,7.0,40.0,40.8,38,60.6,25.9,82,6,True,6.0,84.91,17,2.0,6
Jakobi Meyers,WR,Jaguars,80.6,60.5,103.2,medium,"6.0 targets/g, 70% catch rate, 8.5 yds/target | full-PPR: every catch worth 1.0 pt (vs 0.5 in Top Teamz)",,7.0,39.9,40.7,39,60.6,25.6,83,6,True,8.0,115.49,17,2.0,6
Brandon Aubrey,K,Cowboys,60.8,51.6,71.7,low,"2.12 FG made/g (0.59 from 40-49, 0.65 from 50+) | 2.77 XP made/g",,14.0,33.8,27.0,1,41.8,25.5,84,6,True,7.0,105.68,1,2.0,9
Oronde Gadsden II,TE,Chargers,68.4,51.3,87.5,medium,"4.7 targets/g, 72% catch rate, 9.5 yds/target | full-PPR: every catch worth 1.0 pt (vs 0.5 in Top Teamz)",,7.0,33.5,34.9,12,49.0,25.0,85,6,True,10.0,155.6,6,6.8,5-8
Cedric Gray,LB,Titans,125.0,106.2,147.4,low,"6.1 solo + 4.2 ast tackles/g (12.2 pts/g from tackle volume alone) | 0.43 TFL/g, 0.11 sacks/g, 0.28 PD/g | Starter, three-down, paired with Cody Barton | listed as ILB",,9.0,78.1,46.9,2,99.4,25.0,86,6,False,,,4,3.6,
Jamien Sherwood,LB,Jets,121.3,103.1,143.2,low,"4.2 solo + 4.9 ast tackles/g (9.9 pts/g from tackle volume alone) | 0.45 TFL/g, 0.13 sacks/g, 0.39 PD/g | Starter, three-down MLB, back-to-back 150+ tackle seasons | listed as MLB",,13.0,67.4,53.9,5,99.4,24.8,87,6,False,,,4,3.6,
TreVeyon Henderson,RB,Patriots,106.0,79.5,135.7,medium,"10.4 carries/g x 4.50 YPC | 4.5 targets/g as receiver, full-PPR",10.0,11.0,66.6,39.4,20,87.9,24.0,88,6,True,4.0,63.47,16,7.6,2-3
Courtland Sutton,WR,Broncos,83.8,62.9,107.3,medium,"6.4 targets/g, 58% catch rate, 7.5 yds/target | full-PPR: every catch worth 1.0 pt (vs 0.5 in Top Teamz)",0.0,10.0,53.5,30.3,33,60.6,23.6,89,6,True,6.0,80.17,18,3.6,4-10
Ka'imi Fairbairn,K,Texans,57.8,49.2,68.2,low,"2.93 FG made/g (1.07 from 40-49, 0.60 from 50+) | 1.87 XP made/g",,8.0,28.9,28.9,2,41.8,23.5,90,6,True,9.0,129.09,2,5.1,8
Caleb Williams,QB,Bears,145.0,91.4,206.0,high,"35.3 pass att/g x 6.9 YPA, 4.1% TD rate (1pt/25 pass yds here, double Top Teamz's rate) | 5.0 rush att/g at 4.5 YPC",,10.0,90.7,54.4,9,123.0,22.4,91,6,True,5.0,75.27,4,7.8,9
Roquan Smith,LB,Ravens,118.5,100.7,139.8,low,"5.1 solo + 3.6 ast tackles/g (10.3 pts/g from tackle volume alone) | 0.21 TFL/g, 0.07 sacks/g, 0.16 PD/g | Starter, three-down, team captain | listed as ILB",,13.0,65.8,52.6,6,99.4,21.2,92,6,False,,,5,3.4,
Tre Tucker,WR,Raiders,78.4,58.8,100.3,medium,"5.9 targets/g, 62% catch rate, 7.4 yds/target | full-PPR: every catch worth 1.0 pt (vs 0.5 in Top Teamz)",,13.0,44.2,34.1,41,60.6,20.0,93,6,True,10.0,154.96,19,2.6,6
Will Anderson Jr.,DL,Texans,78.9,67.0,93.1,low,"2.1 solo + 1.1 ast tackles/g (3.9 pts/g from tackle volume alone) | 0.94 TFL/g, 0.59 sacks/g, 0.18 PD/g | Full-time starting edge rusher, signed record 3yr/$150M extension | listed as DE",,8.0,39.4,39.4,4,65.6,20.0,94,6,False,,,3,3.7,
Jaylen Waddle,WR,Broncos,80.4,60.3,103.0,medium,"6.4 targets/g, 65% catch rate, 7.5 yds/target | full-PPR: every catch worth 1.0 pt (vs 0.5 in Top Teamz)",0.0,10.0,51.4,29.1,40,60.6,19.8,95,6,True,4.0,53.36,19,2.6,6
Jason Myers,K,Seahawks,56.5,48.0,66.6,low,"2.41 FG made/g (0.77 from 40-49, 0.53 from 50+) | 2.82 XP made/g",,11.0,35.3,21.2,3,41.8,18.4,96,6,True,8.0,121.64,3,3.2,10
Mark Andrews,TE,Ravens,64.8,48.6,83.0,medium,"4.3 targets/g, 69% catch rate, 6.5 yds/target | full-PPR: every catch worth 1.0 pt (vs 0.5 in Top Teamz)",0.0,13.0,36.3,28.5,14,49.0,18.2,97,7,True,8.0,121.58,7,4.0,10-11
Quay Walker,LB,Raiders,115.5,86.7,147.9,medium,"4.1 solo + 5.0 ast tackles/g (10.0 pts/g from tackle volume alone) | 0.50 TFL/g, 0.16 sacks/g, 0.34 PD/g | Starter, new starting MLB for Raiders | listed as ILB",,13.0,64.2,51.4,7,99.4,17.8,98,7,False,,,6,4.6,
Carnell Tate,WR,Titans,77.8,49.0,110.5,high,"6.3 targets/g, 62% catch rate, 8.0 yds/target | full-PPR: every catch worth 1.0 pt (vs 0.5 in Top Teamz)",,9.0,48.3,29.5,42,60.6,17.2,99,7,True,6.0,86.81,20,1.6,8
Baker Mayfield,QB,Buccaneers,140.4,105.3,179.7,medium,"35.0 pass att/g x 7.2 YPA, 4.6% TD rate (1pt/25 pass yds here, double Top Teamz's rate) | 3.0 rush att/g at 4.0 YPC",,10.0,87.2,53.2,11,123.0,17.1,100,7,True,8.0,125.27,4,7.8,9
Kyle Hamilton,DB,Ravens,102.8,87.4,121.3,low,"3.7 solo + 2.9 ast tackles/g (7.7 pts/g from tackle volume alone) | 0.32 TFL/g, 0.06 sacks/g, 0.46 PD/g | Starter - box/hybrid safety | listed as S",,13.0,57.1,45.7,1,84.4,16.6,101,7,False,,,1,1.9,
D'Andre Swift,RB,Bears,99.2,74.4,127.0,medium,"13.3 carries/g x 4.30 YPC | 3.7 targets/g as receiver, full-PPR",13.0,10.0,61.7,37.6,21,87.9,16.4,102,7,True,3.0,40.77,17,12.8,7
Ed Oliver,DL,Bills,75.8,47.7,107.6,high,"3.3 solo + 0.7 ast tackles/g (5.5 pts/g from tackle volume alone) | 1.52 TFL/g, 0.74 sacks/g, 0.09 PD/g | Real 2025 season-ending injury on record -- games_proj discounted, not assumed fully recovered to a normal 17-game year. | listed as DT",,7.0,37.9,37.9,6,65.6,16.3,103,7,False,,,4,3.0,
Tucker Kraft,TE,Packers,65.0,40.9,92.3,high,"5.4 targets/g, 68% catch rate, 6.5 yds/target | full-PPR: every catch worth 1.0 pt (vs 0.5 in Top Teamz)",0.0,11.0,41.0,24.0,13,49.0,16.2,104,7,True,5.0,75.3,7,4.0,10-11
Stefon Diggs,WR,Commanders,73.0,54.7,93.4,medium,"6.1 targets/g, 63% catch rate, 7.5 yds/target | full-PPR: every catch worth 1.0 pt (vs 0.5 in Top Teamz)",0.0,7.0,36.8,36.1,45,60.6,15.6,105,7,True,8.0,121.48,21,2.6,10
Jeremiyah Love,RB,Cardinals,93.5,46.7,149.6,very_high,"13.5 carries/g x 4.40 YPC | 3.8 targets/g as receiver, full-PPR",15.0,14.0,52.9,40.6,23,87.9,15.3,106,7,True,2.0,30.26,17,12.8,7
Cam Skattebo,RB,Giants,93.9,59.2,133.4,high,"13.2 carries/g x 4.23 YPC | 4.0 targets/g as receiver, full-PPR",14.0,8.0,47.9,46.0,22,87.9,15.2,107,7,True,2.0,31.74,17,12.8,7
Harrison Mevis,K,Rams,53.8,45.8,63.6,low,"1.33 FG made/g (0.56 from 40-49, 0.11 from 50+) | 4.33 XP made/g",,11.0,33.7,20.2,4,41.8,15.2,108,7,True,10.0,156.52,4,2.0,10
Bo Nix,QB,Broncos,139.6,104.7,178.7,medium,"33.7 pass att/g x 7.0 YPA, 4.2% TD rate (1pt/25 pass yds here, double Top Teamz's rate) | 4.0 rush att/g at 4.5 YPC",,10.0,89.2,50.5,12,123.0,15.0,109,7,True,8.0,121.41,4,7.8,9
Byron Young,DL,Rams,78.6,66.8,92.8,low,"2.6 solo + 2.2 ast tackles/g (5.6 pts/g from tackle volume alone) | 0.35 TFL/g, 0.59 sacks/g, 0.09 PD/g | Full-time starting edge rusher, dominant duo with Jared Verse | listed as DE",,11.0,49.2,29.5,5,65.6,15.0,110,7,False,,,4,3.0,
Nick Cross,DB,Colts,101.1,86.0,119.4,low,"4.2 solo + 2.8 ast tackles/g (8.5 pts/g from tackle volume alone) | 0.10 TFL/g, 0.10 sacks/g, 0.42 PD/g | Starter - box safety | listed as S",,13.0,56.2,45.0,2,84.4,14.7,111,7,False,,,2,5.1,
Carson Schwesinger,LB,Browns,115.1,97.8,135.8,low,"4.2 solo + 5.6 ast tackles/g (10.5 pts/g from tackle volume alone) | 0.56 TFL/g, 0.15 sacks/g, 0.25 PD/g | Entrenched three-down starter | listed as ILB",,11.0,71.9,43.2,8,99.4,13.2,112,7,False,,,7,4.2,
Cam Little,K,Jaguars,49.5,42.0,58.4,low,"1.76 FG made/g (0.47 from 40-49, 0.47 from 50+) | 2.94 XP made/g",,7.0,24.8,24.8,5,41.8,13.2,113,8,True,10.0,150.65,5,2.0,11
Pat Bryant,WR,Broncos,74.8,47.2,106.3,high,"5.4 targets/g, 65% catch rate, 8.0 yds/target | full-PPR: every catch worth 1.0 pt (vs 0.5 in Top Teamz)",,10.0,47.8,27.0,43,60.6,13.0,114,8,False,,,22,4.5,7-9
Jerry Jeudy,WR,Browns,74.2,46.7,105.4,high,"6.6 targets/g, 60% catch rate, 7.5 yds/target | full-PPR: every catch worth 1.0 pt (vs 0.5 in Top Teamz)",0.0,11.0,46.6,27.6,44,60.6,12.7,115,8,True,10.0,157.18,22,4.5,7-9
T.J. Hockenson,TE,Vikings,58.4,43.8,74.8,medium,"4.6 targets/g, 77% catch rate, 6.6 yds/target | full-PPR: every catch worth 1.0 pt (vs 0.5 in Top Teamz)",0.0,6.0,29.2,29.2,16,49.0,12.2,116,8,True,11.0,163.74,8,4.7,
Aidan Hutchinson,DL,Lions,72.3,61.4,85.3,low,"2.1 solo + 1.1 ast tackles/g (4.0 pts/g from tackle volume alone) | 0.35 TFL/g, 0.67 sacks/g, 0.18 PD/g | Full-time starting edge rusher, entrenched | listed as DE",,6.0,36.2,36.2,8,65.6,12.0,117,8,False,,,5,3.3,
Hunter Henry,TE,Patriots,61.3,38.6,87.0,high,"5.9 targets/g, 68% catch rate, 5.5 yds/target | full-PPR: every catch worth 1.0 pt (vs 0.5 in Top Teamz)",0.0,11.0,38.7,22.5,15,49.0,11.6,118,8,True,10.0,154.73,8,4.7,
Eddy Pineiro,K,49ers,48.0,40.8,56.6,low,"2.00 FG made/g (0.71 from 40-49, 0.43 from 50+) | 2.43 XP made/g",,8.0,24.0,24.0,6,41.8,11.2,119,8,True,11.0,162.91,6,3.0,9-11
Budda Baker,DB,Cardinals,97.0,82.5,114.5,low,"3.6 solo + 3.9 ast tackles/g (8.3 pts/g from tackle volume alone) | 0.10 TFL/g, 0.04 sacks/g, 0.43 PD/g | Starter - box safety | listed as S",,14.0,53.9,43.1,3,84.4,9.6,120,8,False,,,3,1.6,
Tremaine Edmunds,LB,Giants,106.1,79.6,135.8,medium,"4.7 solo + 3.9 ast tackles/g (10.0 pts/g from tackle volume alone) | 0.21 TFL/g, 0.11 sacks/g, 0.51 PD/g | Expected starter, but coming off poor late-2025 stretch | listed as MLB",,8.0,53.0,53.0,11,99.4,9.0,121,8,False,,,8,3.9,
Montez Sweat,DL,Bears,73.4,62.4,86.6,low,"2.1 solo + 1.0 ast tackles/g (3.9 pts/g from tackle volume alone) | 0.73 TFL/g, 0.53 sacks/g, 0.24 PD/g | Full-time starting edge rusher, entrenched under new coaching staff | listed as DE",,10.0,45.9,27.5,7,65.6,8.7,122,8,False,,,6,2.6,
Will Reichard,K,Vikings,45.5,38.6,53.7,low,"1.94 FG made/g (0.41 from 40-49, 0.65 from 50+) | 1.82 XP made/g",,6.0,22.8,22.8,7,41.8,8.2,123,8,True,11.0,164.59,7,1.5,11
Matthew Golden,WR,Packers,70.4,52.8,90.1,medium,"6.1 targets/g, 60% catch rate, 7.0 yds/target | full-PPR: every catch worth 1.0 pt (vs 0.5 in Top Teamz)",0.0,11.0,44.5,26.0,46,60.6,8.2,124,8,True,9.0,136.48,23,2.4,9
Justin Herbert,QB,Chargers,125.8,107.0,148.5,low,"32.9 pass att/g x 7.3 YPA, 4.6% TD rate (1pt/25 pass yds here, double Top Teamz's rate) | 3.0 rush att/g at 4.0 YPC",,7.0,61.6,64.2,14,123.0,8.0,125,8,True,6.0,85.7,4,7.8,9
Charlie Smyth,K,Saints,45.4,38.6,53.5,low,"2.00 FG made/g (0.50 from 40-49, 0.67 from 50+) | 2.17 XP made/g",,8.0,22.7,22.7,9,41.8,8.0,126,8,False,,,7,1.5,11
Demario Davis,LB,Jets,107.6,80.7,137.8,medium,"4.5 solo + 3.9 ast tackles/g (9.7 pts/g from tackle volume alone) | 0.36 TFL/g, 0.07 sacks/g, 0.22 PD/g | Expected starter/leader for Jets defense [143 combined 2025 tackles found in research notes; solo/assist split estimated at this position's observed 53/47 average since the source didn't report the two separately -- not a fabricated total, just an estimated split.] | listed as MLB",,13.0,59.8,47.8,9,99.4,8.0,127,8,False,,,8,3.9,
Jeremy Chinn,DB,Raiders,95.7,71.8,122.5,medium,"4.2 solo + 3.4 ast tackles/g (8.9 pts/g from tackle volume alone) | 0.10 TFL/g, 0.06 sacks/g, 0.34 PD/g | Starter - box/hybrid safety | listed as S",,13.0,53.2,42.5,4,84.4,8.0,128,8,False,,,4,3.3,
Danielle Hunter,DL,Texans,69.0,58.6,81.4,low,"1.7 solo + 1.5 ast tackles/g (3.6 pts/g from tackle volume alone) | 0.35 TFL/g, 0.68 sacks/g, 0.18 PD/g | Full-time starting edge rusher, bookend with Will Anderson Jr. [54 combined 2025 tackles found in research notes; solo/assist split estimated at this position's observed 53/47 average since the source didn't report the two separately -- not a fabricated total, just an estimated split.] | listed as DE",,8.0,34.5,34.5,10,65.6,7.8,129,9,False,,,6,2.6,
Cameron Dicker,K,Chargers,45.0,38.2,53.1,low,"2.23 FG made/g (0.71 from 40-49, 0.29 from 50+) | 2.00 XP made/g",,7.0,22.5,22.5,10,41.8,7.5,130,9,True,9.0,137.36,7,1.5,11
Nick Bolton,LB,Chiefs,104.8,89.1,123.7,low,"4.3 solo + 4.8 ast tackles/g (10.0 pts/g from tackle volume alone) | 0.21 TFL/g, 0.10 sacks/g, 0.34 PD/g | Starter, three-down | listed as ILB",,5.0,52.4,52.4,12,99.4,7.5,131,9,False,,,8,3.9,
Josh Downs,WR,Colts,67.7,50.7,86.6,medium,"5.6 targets/g, 68% catch rate, 6.0 yds/target | full-PPR: every catch worth 1.0 pt (vs 0.5 in Top Teamz)",0.0,13.0,37.6,30.1,48,60.6,7.4,132,9,True,7.0,108.53,23,2.4,9
Michael Pittman Jr.,WR,Steelers,69.4,52.1,88.9,medium,"6.0 targets/g, 63% catch rate, 7.0 yds/target | full-PPR: every catch worth 1.0 pt (vs 0.5 in Top Teamz)",0.0,9.0,43.8,25.6,47,60.6,6.9,133,9,True,8.0,113.84,23,2.4,9
Greg Dulcich,TE,Dolphins,54.1,34.1,76.9,high,"4.2 targets/g, 65% catch rate, 8.0 yds/target | full-PPR: every catch worth 1.0 pt (vs 0.5 in Top Teamz)",,6.0,27.1,27.1,17,49.0,6.9,134,9,False,,,9,6.0,8
Jake Bates,K,Lions,44.5,37.8,52.5,low,"1.59 FG made/g (0.53 from 40-49, 0.23 from 50+) | 3.18 XP made/g",,6.0,22.2,22.2,11,41.8,6.8,135,9,True,10.0,151.22,7,1.5,11
Chris Boswell,K,Steelers,45.5,38.6,53.7,low,"1.59 FG made/g (0.59 from 40-49, 0.53 from 50+) | 2.47 XP made/g",,9.0,28.4,17.1,8,41.8,5.3,136,9,True,11.0,164.89,8,1.4,10-11
Matthew Stafford,QB,Rams,130.2,97.7,166.7,medium,"33.6 pass att/g x 7.4 YPA, 5.9% TD rate (1pt/25 pass yds here, double Top Teamz's rate) | pocket passer, minimal rushing equity",,11.0,80.3,49.9,13,123.0,5.2,137,9,True,6.0,93.08,4,7.8,9
DeForest Buckner,DL,Colts,68.5,43.1,97.3,high,"3.0 solo + 1.7 ast tackles/g (5.8 pts/g from tackle volume alone) | 0.35 TFL/g, 0.44 sacks/g, 0.09 PD/g | Real 2025 season-ending injury on record, but the same research confirms he's cleared/fully healthy for 2026 -- games_proj uses the real 'high risk' games count instead of the harsher unrecovered discount, since there's no specific 2026 games-missed signal left, just residual uncertainty until proven in game action. | listed as DT",,13.0,38.1,30.4,11,65.6,5.2,138,9,False,,,7,2.1,
Spencer Shrader,K,Colts,43.9,32.9,56.1,medium,"2.60 FG made/g (0.40 from 40-49, 0.20 from 50+) | 2.80 XP made/g",,13.0,24.4,19.5,13,41.8,4.9,139,9,False,,,8,1.4,10-11
Jordan Battle,DB,Bengals,91.0,77.4,107.4,low,"3.5 solo + 3.8 ast tackles/g (8.2 pts/g from tackle volume alone) | 0.16 TFL/g, 0.02 sacks/g, 0.45 PD/g | Starter - safety | listed as S",,6.0,45.5,45.5,8,84.4,4.7,140,9,False,,,5,2.1,
Nnamdi Madubuike,DL,Ravens,67.9,42.8,96.4,high,"2.5 solo + 1.0 ast tackles/g (4.5 pts/g from tackle volume alone) | 0.35 TFL/g, 0.74 sacks/g, 0.09 PD/g | Real 2025 season-ending injury on record, but the same research confirms he's cleared/fully healthy for 2026 -- games_proj uses the real 'high risk' games count instead of the harsher unrecovered discount, since there's no specific 2026 games-missed signal left, just residual uncertainty until proven in game action. | listed as DT",,13.0,37.7,30.2,12,65.6,4.6,141,9,False,,,7,2.1,
De'Zhaun Stribling,WR,49ers,63.7,40.2,90.5,high,"5.1 targets/g, 62% catch rate, 8.0 yds/target | full-PPR: every catch worth 1.0 pt (vs 0.5 in Top Teamz)",,8.0,31.9,31.9,49,60.6,4.5,142,9,True,9.0,134.94,24,2.4,7-8
C.J. Stroud,QB,Texans,123.4,92.5,157.9,medium,"34.6 pass att/g x 6.8 YPA, 4.2% TD rate (1pt/25 pass yds here, double Top Teamz's rate) | 3.0 rush att/g at 4.5 YPC",,8.0,61.7,61.7,15,123.0,4.4,143,9,True,10.0,154.33,4,7.8,9
Tre'von Moehrig,DB,Panthers,90.6,77.0,106.9,low,"4.1 solo + 2.4 ast tackles/g (7.9 pts/g from tackle volume alone) | 0.53 TFL/g, 0.12 sacks/g, 0.34 PD/g | Starter - box safety | listed as S",,5.0,45.3,45.3,9,84.4,4.3,144,9,False,,,5,2.1,
Jalen Thompson,DB,Cowboys,92.1,78.3,108.7,low,"3.9 solo + 2.5 ast tackles/g (7.7 pts/g from tackle volume alone) | 0.13 TFL/g, 0.06 sacks/g, 0.48 PD/g | Starter - safety | listed as S",,14.0,51.2,41.0,6,84.4,3.7,145,10,False,,,5,2.1,
Ernest Jones IV,LB,Seahawks,107.0,91.0,126.3,low,"4.5 solo + 3.9 ast tackles/g (9.6 pts/g from tackle volume alone) | 0.21 TFL/g, 0.09 sacks/g, 0.39 PD/g | Starter, three-down [126 combined 2025 tackles found in research notes; solo/assist split estimated at this position's observed 53/47 average since the source didn't report the two separately -- not a fabricated total, just an estimated split.] | listed as ILB",,11.0,66.9,40.1,10,99.4,3.6,146,10,False,,,9,3.0,
Cameron Heyward,DL,Steelers,69.0,51.7,88.2,medium,"2.2 solo + 2.4 ast tackles/g (5.1 pts/g from tackle volume alone) | 0.60 TFL/g, 0.34 sacks/g, 0.27 PD/g | Expected starter/anchor of Steelers DL again; re-signed 2-yr/$32.25M deal March 2026 | listed as DT",,9.0,43.1,25.9,9,65.6,3.5,147,10,False,,,7,2.1,
Andy Borregales,K,Patriots,44.0,37.4,51.9,low,"1.59 FG made/g (0.41 from 40-49, 0.23 from 50+) | 3.12 XP made/g",,11.0,27.5,16.5,12,41.8,3.5,148,10,False,,,9,2.5,
Chase Young,DL,Saints,65.6,41.3,93.1,high,"1.8 solo + 1.3 ast tackles/g (3.7 pts/g from tackle volume alone) | 0.81 TFL/g, 0.66 sacks/g, 0.26 PD/g | Re-signed 3yr/$51M with the Saints; entering 2026 as the team's top pass-rush threat following Cameron Jordan's departure | listed as DE",,8.0,32.8,32.8,16,65.6,3.5,149,10,False,,,7,2.1,
Dane Belton,DB,Jets,92.0,69.0,117.8,medium,"3.5 solo + 3.5 ast tackles/g (7.9 pts/g from tackle volume alone) | 0.10 TFL/g, 0.08 sacks/g, 0.42 PD/g | Signed a 1yr/$4M deal with the Jets in March 2026, not still with the Giants. In an open competition for the starting safety job with Andre Cisco and Malachi Moore as of Aug 18, 2026 -- not a locked-in starter. | listed as S",,13.0,51.1,40.9,7,84.4,3.4,150,10,False,,,5,2.1,
Quinnen Williams,DL,Cowboys,67.0,56.9,79.0,low,"1.7 solo + 1.8 ast tackles/g (3.9 pts/g from tackle volume alone) | 0.45 TFL/g, 0.32 sacks/g, 0.09 PD/g | Full-time starter, anchors Cowboys DL alongside Kenny Clark | listed as DT",,14.0,37.2,29.8,15,65.6,3.4,151,10,False,,,7,2.1,
Cairo Santos,K,Bears,43.6,37.1,51.5,low,"1.67 FG made/g (0.67 from 40-49, 0.27 from 50+) | 2.60 XP made/g",,10.0,27.3,16.4,14,41.8,3.2,152,10,True,11.0,160.06,9,2.5,
Khalil Shakir,WR,Bills,62.3,46.7,79.7,medium,"5.1 targets/g, 68% catch rate, 6.5 yds/target | full-PPR: every catch worth 1.0 pt (vs 0.5 in Top Teamz)",0.0,7.0,29.9,32.4,52,60.6,3.2,153,10,True,9.0,140.17,24,2.4,7-8
Kamari Lassiter,DB,Texans,89.6,76.2,105.8,low,"3.9 solo + 1.8 ast tackles/g (7.2 pts/g from tackle volume alone) | 0.32 TFL/g, 0.02 sacks/g, 0.81 PD/g | Starter - outside corner | listed as CB",,8.0,44.8,44.8,11,84.4,3.0,154,10,False,,,5,2.1,
Kam Curl,DB,Rams,94.0,79.9,110.9,low,"4.6 solo + 2.5 ast tackles/g (8.9 pts/g from tackle volume alone) | 0.10 TFL/g, 0.08 sacks/g, 0.42 PD/g | Starter - box safety | listed as S",,11.0,58.8,35.2,5,84.4,2.6,155,10,False,,,5,2.1,
Kenneth Gainwell,RB,Buccaneers,87.9,65.9,112.5,medium,"7.0 carries/g x 3.90 YPC | 5.2 targets/g as receiver, full-PPR",7.0,10.0,55.2,32.6,24,87.9,2.4,156,10,True,7.0,99.54,18,9.6,4-6
Nick Folk,K,Jets,41.8,35.6,49.4,low,"1.75 FG made/g (0.44 from 40-49, 0.44 from 50+) | 1.38 XP made/g",,13.0,23.2,18.6,16,41.8,2.4,157,10,True,10.0,154.68,9,2.5,
Germaine Pratt,LB,Colts,102.8,77.1,131.6,medium,"4.2 solo + 3.7 ast tackles/g (9.0 pts/g from tackle volume alone) | 0.21 TFL/g, 0.07 sacks/g, 0.35 PD/g | Starter, reunited with DC in Indianapolis | listed as ILB",,13.0,57.1,45.7,13,99.4,2.2,158,10,False,,,9,3.0,
Foyesade Oluokun,LB,Jaguars,100.4,85.3,118.4,low,"4.5 solo + 3.9 ast tackles/g (9.7 pts/g from tackle volume alone) | 0.21 TFL/g, 0.10 sacks/g, 0.16 PD/g | Starter, three-down, iron man [143 combined 2025 tackles found in research notes; solo/assist split estimated at this position's observed 53/47 average since the source didn't report the two separately -- not a fabricated total, just an estimated split.] | listed as MLB",,7.0,50.2,50.2,14,99.4,2.0,159,10,False,,,9,3.0,
Jordan Davis,DL,Eagles,67.5,57.4,79.6,low,"1.9 solo + 2.1 ast tackles/g (4.4 pts/g from tackle volume alone) | 0.62 TFL/g, 0.37 sacks/g, 0.27 PD/g | Full-time nose tackle, run anchor with growing pass rush | listed as NT",,10.0,42.2,25.3,14,65.6,1.7,160,10,False,,,7,2.1,
T.J. Watt,DL,Steelers,67.6,50.6,86.4,medium,"1.6 solo + 2.3 ast tackles/g (4.2 pts/g from tackle volume alone) | 0.35 TFL/g, 0.49 sacks/g, 0.38 PD/g | Expected starting edge rusher again if healthy | listed as DE",,9.0,42.2,25.3,13,65.6,1.7,161,11,False,,,7,2.1,
Chase McLaughlin,K,Buccaneers,42.5,36.1,50.2,low,"1.88 FG made/g (0.35 from 40-49, 0.65 from 50+) | 1.88 XP made/g",,10.0,26.6,15.9,15,41.8,1.7,162,11,True,11.0,161.76,9,2.5,
Evan McPherson,K,Bengals,40.0,34.0,47.2,low,"1.47 FG made/g (0.59 from 40-49, 0.29 from 50+) | 2.41 XP made/g",,6.0,20.0,20.0,17,41.8,1.3,163,11,True,11.0,165.05,9,2.5,
Brock Purdy,QB,49ers,120.8,90.6,154.6,medium,"30.7 pass att/g x 7.8 YPA, 5.3% TD rate (1pt/25 pass yds here, double Top Teamz's rate) | 2.5 rush att/g at 4.0 YPC",,8.0,60.4,60.4,17,123.0,1.1,164,11,True,6.0,94.83,4,7.8,9
David Njoku,TE,Chargers,49.2,36.9,63.0,medium,"4.7 targets/g, 68% catch rate, 6.0 yds/target | full-PPR: every catch worth 1.0 pt (vs 0.5 in Top Teamz)",0.0,7.0,24.1,25.1,18,49.0,0.9,165,11,False,,,10,4.3,
Dalton Kincaid,TE,Bills,49.0,30.9,69.6,high,"4.6 targets/g, 68% catch rate, 5.5 yds/target | full-PPR: every catch worth 1.0 pt (vs 0.5 in Top Teamz)",0.0,7.0,23.5,25.5,19,49.0,0.9,166,11,True,8.0,123.4,10,4.3,
Quentin Johnston,WR,Chargers,60.6,45.5,77.6,medium,"5.2 targets/g, 58% catch rate, 7.0 yds/target | full-PPR: every catch worth 1.0 pt (vs 0.5 in Top Teamz)",0.0,7.0,29.7,30.9,53,60.6,0.8,167,11,True,7.0,100.6,25,2.8,
Marlon Humphrey,DB,Ravens,89.6,76.1,105.7,low,"3.5 solo + 1.0 ast tackles/g (6.0 pts/g from tackle volume alone) | 0.20 TFL/g, 0.06 sacks/g, 0.71 PD/g | Starter - outside corner | listed as CB",,13.0,49.8,39.8,10,84.4,0.5,168,11,False,,,6,4.0,
Daniel Jones,QB,Colts,123.0,77.5,174.7,high,"30.3 pass att/g x 6.8 YPA, 3.2% TD rate (1pt/25 pass yds here, double Top Teamz's rate) | 6.0 rush att/g at 4.5 YPC",,13.0,68.3,54.7,16,123.0,0.4,169,11,True,10.0,147.41,4,7.8,9
Chris Godwin Jr.,WR,Buccaneers,63.1,47.3,80.7,medium,"5.5 targets/g, 68% catch rate, 6.5 yds/target | full-PPR: every catch worth 1.0 pt (vs 0.5 in Top Teamz)",0.0,10.0,39.2,23.9,51,60.6,-0.2,170,11,True,7.0,97.12,25,2.8,
Jayden Reed,WR,Packers,63.3,47.5,81.0,medium,"5.4 targets/g, 62% catch rate, 7.0 yds/target | full-PPR: every catch worth 1.0 pt (vs 0.5 in Top Teamz)",0.0,11.0,40.0,23.3,50,60.6,-0.4,171,11,True,8.0,126.51,25,2.8,
Josh Hines-Allen,DL,Jaguars,62.4,53.0,73.6,low,"1.6 solo + 1.2 ast tackles/g (3.4 pts/g from tackle volume alone) | 0.71 TFL/g, 0.47 sacks/g, 0.18 PD/g | Full-time starting edge rusher, team sack leader | listed as DE",,7.0,31.2,31.2,19,65.6,-0.4,172,11,False,,,8,2.0,
Deebo Samuel,WR,49ers,59.8,44.9,76.6,medium,"5.0 targets/g, 65% catch rate, 6.5 yds/target | full-PPR: every catch worth 1.0 pt (vs 0.5 in Top Teamz)",1.5,8.0,29.9,29.9,54,60.6,-0.6,173,11,True,8.0,124.61,25,2.8,
Tyrel Dodson,LB,Dolphins,98.1,83.4,115.8,low,"4.5 solo + 3.6 ast tackles/g (9.4 pts/g from tackle volume alone) | 0.21 TFL/g, 0.07 sacks/g, 0.25 PD/g | Starter, three-down | listed as ILB",,6.0,49.0,49.0,17,99.4,-1.0,174,11,False,,,10,2.8,
Matt Prater,K,Bills,38.0,32.3,44.8,low,"1.20 FG made/g (0.40 from 40-49, 0.07 from 50+) | 3.07 XP made/g",,7.0,19.0,19.0,19,41.8,-1.2,175,11,False,,,10,1.3,10
Jordyn Tyson,WR,Saints,59.1,37.2,83.9,high,"5.6 targets/g, 62% catch rate, 8.5 yds/target | full-PPR: every catch worth 1.0 pt (vs 0.5 in Top Teamz)",,8.0,29.2,29.8,55,60.6,-1.4,176,11,True,8.0,112.93,25,2.8,
Mack Wilson Sr.,LB,Cardinals,99.4,62.6,141.1,high,"5.6 solo + 1.9 ast tackles/g (9.8 pts/g from tackle volume alone) | 0.21 TFL/g, 0.07 sacks/g, 0.47 PD/g | Starter (Mike LB, team captain) when healthy, season cut short by injury | listed as ILB",,14.0,55.2,44.2,16,99.4,-2.0,177,12,False,,,10,2.8,
Leonard Williams,DL,Seahawks,64.0,54.4,75.5,low,"2.2 solo + 1.5 ast tackles/g (4.4 pts/g from tackle volume alone) | 0.35 TFL/g, 0.45 sacks/g, 0.12 PD/g | Every-down starting interior/edge lineman; ESPN's No. 1 ranked DT entering 2026 | listed as DE",,11.0,40.0,24.0,17,65.6,-2.4,178,12,False,,,9,3.8,
Zane Gonzalez,K,Falcons,39.0,29.2,49.9,medium,"2.11 FG made/g (0.89 from 40-49, 0.78 from 50+) | 1.89 XP made/g",,11.0,24.4,14.6,18,41.8,-2.5,179,12,False,,,11,1.5,11
Harrison Butker,K,Chiefs,37.0,31.4,43.6,low,"1.94 FG made/g (0.53 from 40-49, 0.29 from 50+) | 1.82 XP made/g",,5.0,18.5,18.5,21,41.8,-2.5,180,12,True,10.0,159.58,11,1.5,11
Zach Sieler,DL,Dolphins,60.5,51.4,71.4,low,"1.7 solo + 1.1 ast tackles/g (3.4 pts/g from tackle volume alone) | 0.71 TFL/g, 0.40 sacks/g, 0.15 PD/g | Team captain, full-time starting interior DL/run anchor | listed as DT",,6.0,30.2,30.2,20,65.6,-2.9,181,12,False,,,9,3.8,
Nik Bonitto,DL,Broncos,63.4,53.9,74.8,low,"1.8 solo + 0.9 ast tackles/g (3.4 pts/g from tackle volume alone) | 0.35 TFL/g, 0.65 sacks/g, 0.12 PD/g | Full-time starting edge rusher, elite pass rusher | listed as DE",,10.0,39.6,23.8,18,65.6,-3.2,182,12,False,,,9,3.8,
AJ Barner,TE,Seahawks,48.2,36.2,61.7,medium,"3.4 targets/g, 72% catch rate, 7.0 yds/target | full-PPR: every catch worth 1.0 pt (vs 0.5 in Top Teamz)",0.0,11.0,29.7,18.5,21,49.0,-3.4,183,12,False,,,11,6.7,
DaRon Bland,DB,Cowboys,86.3,64.7,110.5,medium,"3.8 solo + 2.3 ast tackles/g (7.4 pts/g from tackle volume alone) | 0.22 TFL/g, 0.02 sacks/g, 0.53 PD/g | Starter - outside corner | listed as CB",,14.0,47.9,38.4,13,84.4,-3.5,184,12,False,,,7,1.5,
Evan Engram,TE,Broncos,48.6,36.5,62.2,medium,"5.0 targets/g, 65% catch rate, 5.5 yds/target | full-PPR: every catch worth 1.0 pt (vs 0.5 in Top Teamz)",0.0,10.0,31.0,17.6,20,49.0,-3.5,185,12,False,,,11,6.7,
Trevor Lawrence,QB,Jaguars,116.9,87.7,149.6,medium,"34.0 pass att/g x 6.9 YPA, 3.9% TD rate (1pt/25 pass yds here, double Top Teamz's rate) | 3.0 rush att/g at 4.0 YPC",,7.0,57.8,59.0,21,123.0,-3.6,186,12,True,6.0,86.12,4,7.8,9
Joey Slye,K,Titans,37.7,32.0,44.5,low,"1.75 FG made/g (0.44 from 40-49, 0.56 from 50+) | 1.62 XP made/g",,9.0,23.6,14.1,20,41.8,-4.0,187,12,False,,,12,2.0,
Devaughn Vele,WR,Saints,56.8,42.6,72.7,medium,"4.5 targets/g, 70% catch rate, 8.0 yds/target | full-PPR: every catch worth 1.0 pt (vs 0.5 in Top Teamz)",0.0,8.0,28.1,28.7,57,60.6,-4.2,188,12,False,,,26,2.0,8-11
Chamarri Conner,DB,Chiefs,83.7,62.8,107.2,medium,"4.4 solo + 2.5 ast tackles/g (8.5 pts/g from tackle volume alone) | 0.10 TFL/g, 0.08 sacks/g, 0.34 PD/g | Starter - strong safety | listed as S",,5.0,41.8,41.8,17,84.4,-4.5,189,12,False,,,7,1.5,
Tyson Campbell,DB,CLE/JAX,85.3,72.5,100.6,low,"3.2 solo + 1.9 ast tackles/g (6.2 pts/g from tackle volume alone) | 0.10 TFL/g, 0.02 sacks/g, 0.81 PD/g | Starter - outside corner | listed as CB",,,47.4,37.9,14,84.4,-4.8,190,12,False,,,7,1.5,
Wil Lutz,K,Broncos,37.0,31.4,43.6,low,"1.65 FG made/g (0.18 from 40-49, 0.23 from 50+) | 2.29 XP made/g",,10.0,23.1,13.9,22,41.8,-4.8,191,12,True,11.0,162.18,12,2.0,
Bobby Wagner,LB,Free agent (unsigned),97.1,61.1,137.9,high,"4.6 solo + 4.9 ast tackles/g (10.6 pts/g from tackle volume alone) | 0.21 TFL/g, 0.21 sacks/g, 0.28 PD/g | Unsigned as of Aug 2026 -- games_proj discounted for a landing-spot/ramp-up gap even if he signs before the draft. | listed as MLB",,,53.9,43.2,19,99.4,-4.8,192,12,False,,,11,2.3,
Zack Baun,LB,Eagles,99.7,84.8,117.6,low,"4.0 solo + 3.7 ast tackles/g (8.8 pts/g from tackle volume alone) | 0.21 TFL/g, 0.18 sacks/g, 0.38 PD/g | Starter, three-down, elite coverage LB | listed as ILB",,10.0,62.3,37.4,15,99.4,-5.1,193,13,False,,,11,2.3,
Tykee Smith,DB,Buccaneers,87.3,74.2,103.0,low,"3.8 solo + 2.4 ast tackles/g (7.5 pts/g from tackle volume alone) | 0.10 TFL/g, 0.09 sacks/g, 0.68 PD/g | Starter - deep safety | listed as S",,10.0,54.6,32.7,12,84.4,-5.4,194,13,False,,,7,1.5,
Ben Sauls,K,Giants,34.6,26.0,44.4,medium,"2.67 FG made/g (0.33 from 40-49, 0.00 from 50+) | 2.33 XP made/g",,8.0,17.3,17.3,24,41.8,-5.5,195,13,False,,,12,2.0,
Derwin James Jr.,DB,Chargers,82.9,70.4,97.8,low,"3.1 solo + 2.8 ast tackles/g (6.8 pts/g from tackle volume alone) | 0.33 TFL/g, 0.09 sacks/g, 0.49 PD/g | Starter - box/blitzing safety | listed as S",,7.0,41.4,41.4,19,84.4,-5.5,196,13,False,,,7,1.5,
Geno Smith,QB,Jets,117.4,88.1,150.3,medium,"34.0 pass att/g x 6.8 YPA, 3.0% TD rate (1pt/25 pass yds here, double Top Teamz's rate) | 2.0 rush att/g at 3.5 YPC",,13.0,64.5,52.9,19,123.0,-6.0,197,13,False,,,4,7.8,9
Denzel Boston,WR,Browns,58.2,36.7,82.7,high,"4.6 targets/g, 62% catch rate, 8.5 yds/target | full-PPR: every catch worth 1.0 pt (vs 0.5 in Top Teamz)",,11.0,36.5,21.7,56,60.6,-6.2,198,13,True,10.0,153.99,27,2.5,11
Graham Gano,K,Giants,34.0,28.9,40.1,low,"1.80 FG made/g (0.20 from 40-49, 0.20 from 50+) | 1.80 XP made/g",,8.0,17.0,17.0,26,41.8,-6.2,199,13,False,,,12,2.0,
Brandon McManus,K,Packers,35.2,29.9,41.6,low,"1.71 FG made/g (0.21 from 40-49, 0.21 from 50+) | 2.29 XP made/g",,11.0,22.0,13.2,23,41.8,-7.0,200,13,False,,,12,2.0,
Jared Verse,DL,Browns,60.2,45.1,77.0,medium,"2.1 solo + 1.4 ast tackles/g (4.1 pts/g from tackle volume alone) | 0.35 TFL/g, 0.46 sacks/g, 0.12 PD/g | Traded from the Rams to Cleveland June 2, 2026 (the return piece in the Myles Garrett deal); expected full-time starting edge rusher in a new defense, no longer paired with Byron Young. | listed as DE",,11.0,37.6,22.6,21,65.6,-7.0,201,13,False,,,10,2.1,
Malik Washington,WR,Dolphins,54.7,34.4,77.6,high,"4.4 targets/g, 70% catch rate, 5.0 yds/target | full-PPR: every catch worth 1.0 pt (vs 0.5 in Top Teamz)",1.0,6.0,27.3,27.3,60,60.6,-7.0,202,13,False,,,27,2.5,11
Paulson Adebo,DB,Giants,81.6,61.2,104.4,medium,"4.7 solo + 1.4 ast tackles/g (8.1 pts/g from tackle volume alone) | 0.10 TFL/g, 0.02 sacks/g, 0.61 PD/g | Starter - outside corner | listed as CB",,8.0,40.8,40.8,24,84.4,-7.0,203,13,False,,,8,1.1,
Jaylen Warren,RB,Steelers,79.8,50.3,113.4,high,"10.5 carries/g x 4.30 YPC | 3.2 targets/g as receiver, full-PPR",10.5,9.0,50.4,29.4,25,87.9,-7.2,204,13,True,5.0,74.67,19,3.6,6
Nate Landman,LB,Rams,97.8,83.1,115.4,low,"3.8 solo + 4.0 ast tackles/g (8.6 pts/g from tackle volume alone) | 0.21 TFL/g, 0.15 sacks/g, 0.34 PD/g | Starter, leading tackler for Rams | listed as ILB",,11.0,61.1,36.7,18,99.4,-7.4,205,13,False,,,12,2.1,
Dee Winters,LB,Cowboys,94.8,80.6,111.8,low,"3.9 solo + 2.0 ast tackles/g (7.4 pts/g from tackle volume alone) | 0.45 TFL/g, 0.07 sacks/g, 0.31 PD/g | Starter, traded from SF to Dallas in 2026 NFL Draft (Day 2 trade) | listed as ILB",,14.0,52.7,42.1,21,99.4,-7.6,206,13,False,,,12,2.1,
Tyler Loop,K,Ravens,33.6,25.2,43.0,medium,"1.76 FG made/g (0.47 from 40-49, 0.06 from 50+) | 2.59 XP made/g",,13.0,18.7,14.9,27,41.8,-7.7,207,13,True,11.0,161.71,12,2.0,
Austin Booker,DL,Bears,59.4,44.6,76.0,medium,"2.1 solo + 1.4 ast tackles/g (4.2 pts/g from tackle volume alone) | 0.35 TFL/g, 0.47 sacks/g, 0.09 PD/g | Real rotational-to-starting edge rusher, one of Chicago's top-2 sack producers in 2025 alongside Montez Sweat, under contract through 2027 | listed as DE",,10.0,37.1,22.3,22,65.6,-7.9,208,13,False,,,10,2.1,
Talanoa Hufanga,DB,Broncos,85.0,72.2,100.3,low,"3.9 solo + 2.3 ast tackles/g (7.6 pts/g from tackle volume alone) | 0.10 TFL/g, 0.11 sacks/g, 0.60 PD/g | Starter - box/blitzing safety | listed as S",,10.0,53.1,31.9,15,84.4,-8.0,209,14,False,,,8,1.1,
Bobby Okereke,LB,Panthers,92.4,58.2,131.3,high,"6.1 solo + 2.4 ast tackles/g (10.9 pts/g from tackle volume alone) | 0.21 TFL/g, 0.10 sacks/g, 0.34 PD/g | Signed a 1-year deal with Carolina around the Aug 30-31, 2026 cutdown deadline -- a very late signing behind incumbent Devin Lloyd, likely depth/insurance rather than a clear three-down job. | listed as ILB",,5.0,46.2,46.2,22,99.4,-8.0,210,14,False,,,12,2.1,
Cooper Kupp,WR,Seahawks,56.4,42.3,72.2,medium,"4.9 targets/g, 68% catch rate, 6.5 yds/target | full-PPR: every catch worth 1.0 pt (vs 0.5 in Top Teamz)",0.0,11.0,34.8,21.6,58,60.6,-8.1,211,14,True,11.0,162.07,27,2.5,11
KC Concepcion,WR,Browns,56.4,35.6,80.2,high,"4.6 targets/g, 62% catch rate, 8.0 yds/target | full-PPR: every catch worth 1.0 pt (vs 0.5 in Top Teamz)",,11.0,35.4,21.0,59,60.6,-8.4,212,14,True,8.0,127.72,27,2.5,11
Jake Elliott,K,Eagles,34.0,28.9,40.1,low,"1.18 FG made/g (0.41 from 40-49, 0.23 from 50+) | 2.41 XP made/g",,10.0,21.2,12.8,25,41.8,-8.4,213,14,False,,,12,2.0,
Geno Stone,DB,Bengals,80.5,68.4,95.0,low,"3.8 solo + 2.3 ast tackles/g (7.5 pts/g from tackle volume alone) | 0.10 TFL/g, 0.08 sacks/g, 0.39 PD/g | Starter - single-high/box hybrid | listed as S",,6.0,40.2,40.2,26,84.4,-8.5,214,14,False,,,8,1.1,
Michael Wilson,WR,Cardinals,54.2,34.1,77.0,high,"4.5 targets/g, 56% catch rate, 5.9 yds/target | full-PPR: every catch worth 1.0 pt (vs 0.5 in Top Teamz)",,14.0,29.7,24.5,61,60.6,-8.8,215,14,False,,,27,2.5,11
Michael Badgley,K,Bills,32.1,27.3,37.9,low,"1.22 FG made/g (0.56 from 40-49, 0.22 from 50+) | 2.22 XP made/g",,7.0,16.0,16.0,28,41.8,-8.8,216,14,False,,,12,2.0,
Cooper DeJean,DB,Eagles,84.4,71.7,99.6,low,"4.0 solo + 1.8 ast tackles/g (7.4 pts/g from tackle volume alone) | 0.10 TFL/g, 0.02 sacks/g, 0.78 PD/g | Starter - slot/outside corner | listed as CB",,10.0,52.7,31.6,16,84.4,-8.9,217,14,False,,,8,1.1,
Camryn Bynum,DB,Colts,81.8,69.6,96.6,low,"2.9 solo + 1.8 ast tackles/g (5.8 pts/g from tackle volume alone) | 0.18 TFL/g, 0.05 sacks/g, 0.51 PD/g | Starter - safety | listed as S",,13.0,45.5,36.4,23,84.4,-8.9,218,14,False,,,8,1.1,
Nick Bosa,DL,49ers,55.7,35.1,79.1,high,"3.0 solo + 0.0 ast tackles/g (4.5 pts/g from tackle volume alone) | 0.35 TFL/g, 0.57 sacks/g, 0.09 PD/g | Real 2025 season-ending injury on record, but the same research confirms he's cleared/fully healthy for 2026 -- games_proj uses the real 'high risk' games count instead of the harsher unrecovered discount, since there's no specific 2026 games-missed signal left, just residual uncertainty until proven in game action. | listed as DE",,8.0,27.8,27.8,24,65.6,-9.0,219,14,False,,,10,2.1,
Quinshon Judkins,RB,Browns,79.6,59.7,101.9,medium,"14.7 carries/g x 3.65 YPC | 2.6 targets/g as receiver, full-PPR",17.0,11.0,50.0,29.7,26,87.9,-9.1,220,14,True,4.0,48.19,19,3.6,6
Rhamondre Stevenson,RB,Patriots,77.7,58.3,99.5,medium,"11.4 carries/g x 4.00 YPC | 2.5 targets/g as receiver, full-PPR",11.0,11.0,48.9,28.9,27,87.9,-9.4,221,14,True,6.0,83.82,19,3.6,6
Robert Spillane,LB,Patriots,96.1,72.0,123.0,medium,"5.0 solo + 2.5 ast tackles/g (9.3 pts/g from tackle volume alone) | 0.21 TFL/g, 0.11 sacks/g, 0.35 PD/g | Starter, three-down, defensive signal-caller (green dot) | listed as ILB",,11.0,60.1,36.0,20,99.4,-9.4,222,14,False,,,12,2.1,
Nick Scott,DB,Panthers,79.6,67.6,93.8,low,"3.8 solo + 2.8 ast tackles/g (7.7 pts/g from tackle volume alone) | 0.10 TFL/g, 0.02 sacks/g, 0.36 PD/g | Starter - box safety | listed as S",,5.0,39.8,39.8,29,84.4,-9.5,223,14,False,,,8,1.1,
Rashod Bateman,WR,Ravens,53.7,40.3,68.8,medium,"4.4 targets/g, 62% catch rate, 7.0 yds/target | full-PPR: every catch worth 1.0 pt (vs 0.5 in Top Teamz)",0.0,13.0,30.1,23.6,62,60.6,-9.8,224,14,True,11.0,161.17,27,2.5,11
Malik Willis,QB,Dolphins,112.0,56.0,179.3,very_high,"30.2 pass att/g x 6.5 YPA, 2.6% TD rate (1pt/25 pass yds here, double Top Teamz's rate) | 5.5 rush att/g at 5.0 YPC",,6.0,56.0,56.0,22,123.0,-9.9,225,15,True,10.0,147.47,4,7.8,9
Byron Murphy II,DL,Seahawks,57.5,48.9,67.8,low,"1.3 solo + 1.9 ast tackles/g (3.4 pts/g from tackle volume alone) | 0.56 TFL/g, 0.45 sacks/g, 0.09 PD/g | Emerging full-time 3-tech pass rusher; PFF All-Breakout Team | listed as DT",,11.0,35.9,21.6,23,65.6,-10.2,226,15,False,,,10,2.1,
Kevin Byard III,DB,Patriots,83.2,70.7,98.1,low,"3.6 solo + 1.9 ast tackles/g (6.8 pts/g from tackle volume alone) | 0.21 TFL/g, 0.02 sacks/g, 0.51 PD/g | Starter - free safety | listed as S",,11.0,52.0,31.2,18,84.4,-10.2,227,15,False,,,8,1.1,
Pat Freiermuth,TE,Steelers,42.8,32.1,54.7,medium,"4.5 targets/g, 65% catch rate, 5.5 yds/target | full-PPR: every catch worth 1.0 pt (vs 0.5 in Top Teamz)",0.0,9.0,27.0,15.8,22,49.0,-10.2,228,15,False,,,12,9.0,11
Sam Darnold,QB,Seahawks,117.1,87.9,149.9,medium,"31.4 pass att/g x 7.1 YPA, 4.7% TD rate (1pt/25 pass yds here, double Top Teamz's rate) | 2.0 rush att/g at 3.5 YPC",,11.0,72.2,44.9,20,123.0,-10.4,229,15,True,9.0,137.52,4,7.8,9
Minkah Fitzpatrick,DB,Dolphins,78.8,59.0,100.8,medium,"4.2 solo + 1.6 ast tackles/g (7.6 pts/g from tackle volume alone) | 0.10 TFL/g, 0.06 sacks/g, 0.49 PD/g | Starter - free safety | listed as S",,6.0,39.4,39.4,30,84.4,-10.5,230,15,False,,,8,1.1,
Kayshon Boutte,WR,Texans,51.8,38.8,66.2,medium,"3.2 targets/g, 60% catch rate, 9.4 yds/target | full-PPR: every catch worth 1.0 pt (vs 0.5 in Top Teamz)",0.0,8.0,25.9,25.9,63,60.6,-10.6,231,15,False,,,27,2.5,11
Jordan Love,QB,Packers,117.5,88.1,150.3,medium,"32.3 pass att/g x 7.2 YPA, 4.9% TD rate (1pt/25 pass yds here, double Top Teamz's rate) | 3.0 rush att/g at 4.0 YPC",,11.0,74.2,43.3,18,123.0,-10.7,232,15,True,9.0,140.74,4,7.8,9
Jauan Jennings,WR,Vikings,51.7,38.8,66.1,medium,"4.5 targets/g, 65% catch rate, 6.5 yds/target | full-PPR: every catch worth 1.0 pt (vs 0.5 in Top Teamz)",0.0,6.0,25.8,25.8,64,60.6,-10.8,233,15,True,11.0,163.07,27,2.5,11
Chad Ryland,K,Cardinals,31.0,23.2,39.7,medium,"1.47 FG made/g (0.41 from 40-49, 0.35 from 50+) | 2.12 XP made/g",,14.0,17.2,13.8,29,41.8,-10.8,234,15,False,,,13,2.2,10
Nate Wiggins,DB,Ravens,80.2,68.2,94.7,low,"3.4 solo + 1.1 ast tackles/g (5.9 pts/g from tackle volume alone) | 0.10 TFL/g, 0.02 sacks/g, 0.69 PD/g | Starter - outside corner | listed as CB",,13.0,44.6,35.6,27,84.4,-11.0,235,15,False,,,8,1.1,
Nick Emmanwori,DB,Seahawks,82.4,61.8,105.6,medium,"4.0 solo + 1.8 ast tackles/g (7.3 pts/g from tackle volume alone) | 0.29 TFL/g, 0.11 sacks/g, 0.67 PD/g | Starter - hybrid box/rookie standout | listed as S",,11.0,51.5,30.9,20,84.4,-11.2,236,15,False,,,8,1.1,
Tony Pollard,RB,Titans,76.3,57.2,97.6,medium,"11.2 carries/g x 3.84 YPC | 2.8 targets/g as receiver, full-PPR",13.0,9.0,48.1,28.2,28,87.9,-11.3,237,15,True,5.0,74.5,19,3.6,6
DeShon Elliott,DB,Steelers,82.2,51.8,116.8,high,"4.0 solo + 3.6 ast tackles/g (8.7 pts/g from tackle volume alone) | 0.15 TFL/g, 0.12 sacks/g, 0.48 PD/g | Starter - strong safety (if healthy) | listed as S",,9.0,51.4,30.8,21,84.4,-11.4,238,15,False,,,8,1.1,
Eric Wilson,LB,Vikings,89.6,76.2,105.8,low,"3.5 solo + 3.2 ast tackles/g (7.7 pts/g from tackle volume alone) | 0.21 TFL/g, 0.27 sacks/g, 0.16 PD/g | Starter, three-down alongside Blake Cashman | listed as ILB",,6.0,44.8,44.8,25,99.4,-11.5,239,15,False,,,13,2.1,
Quentin Lake,DB,Rams,82.0,61.5,105.0,medium,"3.7 solo + 2.4 ast tackles/g (7.4 pts/g from tackle volume alone) | 0.10 TFL/g, 0.07 sacks/g, 0.78 PD/g | Starter, injury-shortened season but healthy for playoffs/2026 | listed as S",,11.0,51.2,30.8,22,84.4,-11.6,240,15,False,,,8,1.1,
Rashan Gary,DL,Packers,55.7,41.8,71.3,medium,"1.6 solo + 1.2 ast tackles/g (3.3 pts/g from tackle volume alone) | 0.57 TFL/g, 0.47 sacks/g, 0.09 PD/g | Uncertain -- reported a farewell message to the Packers organization, 2026 team destination not clearly confirmed in research | listed as DE",,11.0,34.8,20.9,25,65.6,-12.3,241,16,False,,,11,3.0,
Fred Warner,LB,49ers,88.8,55.9,126.0,high,"4.7 solo + 3.7 ast tackles/g (9.8 pts/g from tackle volume alone) | 0.21 TFL/g, 0.07 sacks/g, 0.41 PD/g | Real 2025 season-ending injury on record, but the same research confirms he's cleared/fully healthy for 2026 -- games_proj uses the real 'high risk' games count instead of the harsher unrecovered discount, since there's no specific 2026 games-missed signal left, just residual uncertainty until proven in game action. | listed as MLB",,8.0,44.4,44.4,26,99.4,-12.5,242,16,False,,,13,2.1,
Khalil Mack,DL,Chargers,52.7,39.6,67.4,medium,"1.4 solo + 1.3 ast tackles/g (3.1 pts/g from tackle volume alone) | 0.35 TFL/g, 0.47 sacks/g, 0.09 PD/g | Starting edge rusher when healthy, but missed real time in 2025 [32 combined 2025 tackles found in research notes; solo/assist split estimated at this position's observed 53/47 average since the source didn't report the two separately -- not a fabricated total, just an estimated split.] | listed as DE",,7.0,26.4,26.4,27,65.6,-12.5,243,16,False,,,11,3.0,
Isaiah Pola-Mao,DB,Raiders,78.8,59.1,100.8,medium,"3.4 solo + 2.0 ast tackles/g (6.6 pts/g from tackle volume alone) | 0.27 TFL/g, 0.02 sacks/g, 0.39 PD/g | Starter - safety | listed as S",,13.0,43.8,35.0,31,84.4,-12.7,244,16,False,,,9,1.3,
Jalen Carter,DL,Eagles,55.3,41.4,70.8,medium,"1.8 solo + 1.0 ast tackles/g (3.4 pts/g from tackle volume alone) | 0.52 TFL/g, 0.36 sacks/g, 0.38 PD/g | Full-time interior starter under Vic Fangio, 3-tech pass-rush emphasis | listed as DT",,10.0,34.6,20.7,26,65.6,-12.8,245,16,False,,,11,3.0,
Xavier Watts,DB,Falcons,81.0,68.8,95.6,low,"3.5 solo + 2.2 ast tackles/g (6.8 pts/g from tackle volume alone) | 0.10 TFL/g, 0.02 sacks/g, 0.60 PD/g | Starter - safety | listed as S",,11.0,50.6,30.4,25,84.4,-12.8,246,16,False,,,9,1.3,
Riley Patterson,K,Dolphins,28.6,21.5,36.6,medium,"1.59 FG made/g (0.65 from 40-49, 0.18 from 50+) | 2.00 XP made/g",,6.0,14.3,14.3,32,41.8,-13.0,247,16,False,,,14,1.6,
Andre Szmyt,K,Browns,30.0,25.5,35.4,low,"1.41 FG made/g (0.29 from 40-49, 0.29 from 50+) | 1.47 XP made/g",,11.0,18.8,11.2,30,41.8,-13.2,248,16,False,,,14,1.6,
Christian Kirk,WR,49ers,49.6,31.3,70.4,high,"5.1 targets/g, 65% catch rate, 7.0 yds/target | full-PPR: every catch worth 1.0 pt (vs 0.5 in Top Teamz)",0.0,8.0,24.8,24.8,68,60.6,-13.3,249,16,False,,,28,4.3,7
Blake Grupe,K,Colts,28.8,21.6,36.8,medium,"1.81 FG made/g (0.19 from 40-49, 0.44 from 50+) | 1.56 XP made/g",,13.0,16.0,12.8,31,41.8,-13.6,250,16,True,10.0,155.42,14,1.6,
Calvin Ridley,WR,Titans,51.6,32.5,73.3,high,"4.8 targets/g, 60% catch rate, 7.5 yds/target | full-PPR: every catch worth 1.0 pt (vs 0.5 in Top Teamz)",0.0,9.0,32.0,19.5,65,60.6,-14.0,251,16,True,11.0,166.26,28,4.3,7
Xavier McKinney,DB,Packers,79.9,60.0,102.2,medium,"3.4 solo + 3.3 ast tackles/g (7.5 pts/g from tackle volume alone) | 0.10 TFL/g, 0.06 sacks/g, 0.59 PD/g | Starter - single-high/box hybrid safety | listed as S",,11.0,49.9,30.0,28,84.4,-14.1,252,16,False,,,10,1.1,
Ryan Fitzgerald,K,Panthers,27.5,23.4,32.4,low,"1.41 FG made/g (0.47 from 40-49, 0.12 from 50+) | 1.59 XP made/g",,5.0,13.8,13.8,33,41.8,-14.2,253,16,False,,,14,1.6,
Keenan Allen,WR,Colts,49.9,37.4,63.8,medium,"4.5 targets/g, 66% catch rate, 6.5 yds/target | full-PPR: every catch worth 1.0 pt (vs 0.5 in Top Teamz)",0.0,13.0,27.7,22.2,67,60.6,-14.3,254,16,False,,,28,4.3,7
Troy Franklin,WR,Broncos,51.6,38.7,66.1,medium,"4.0 targets/g, 62% catch rate, 6.8 yds/target | full-PPR: every catch worth 1.0 pt (vs 0.5 in Top Teamz)",0.0,10.0,33.0,18.7,66,60.6,-14.3,255,16,False,,,28,4.3,7
Jake Moody,K,Commanders,27.4,20.6,35.2,medium,"2.11 FG made/g (0.56 from 40-49, 0.22 from 50+) | 1.67 XP made/g",,7.0,13.7,13.7,34,41.8,-14.5,256,16,False,,,14,1.6,
Payton Wilson,LB,Steelers,91.8,78.0,108.2,low,"4.4 solo + 3.1 ast tackles/g (8.8 pts/g from tackle volume alone) | 0.21 TFL/g, 0.07 sacks/g, 0.22 PD/g | Starter, three-down | listed as ILB",,9.0,57.3,34.4,23,99.4,-14.6,257,17,False,,,14,3.5,
J.K. Dobbins,RB,Broncos,73.1,46.0,103.8,high,"15.1 carries/g x 4.61 YPC | 2.0 targets/g as receiver, full-PPR",14.0,10.0,45.7,27.4,29,87.9,-14.9,258,17,True,6.0,91.54,20,2.6,4-7
Kool-Aid McKinstry,DB,Saints,75.0,63.8,88.6,low,"3.5 solo + 1.0 ast tackles/g (6.0 pts/g from tackle volume alone) | 0.18 TFL/g, 0.02 sacks/g, 0.78 PD/g | Starter - outside corner | listed as CB",,8.0,37.5,37.5,36,84.4,-15.2,259,17,False,,,11,1.4,
Joshua Karty,K,Cardinals,27.4,20.6,35.2,medium,"1.25 FG made/g (0.38 from 40-49, 0.12 from 50+) | 2.88 XP made/g",,14.0,15.2,12.2,35,41.8,-15.2,260,17,False,,,14,1.6,
Edgerrin Cooper,LB,Packers,91.0,77.4,107.4,low,"3.9 solo + 3.4 ast tackles/g (8.5 pts/g from tackle volume alone) | 0.21 TFL/g, 0.09 sacks/g, 0.28 PD/g | Starter, second on team in tackles behind Quay Walker | listed as ILB",,11.0,56.9,34.1,24,99.4,-15.4,261,17,False,,,14,3.5,
Brian Burns,LB,Giants,86.4,73.5,102.0,low,"2.1 solo + 1.8 ast tackles/g (4.5 pts/g from tackle volume alone) | 0.86 TFL/g, 0.56 sacks/g, 0.36 PD/g | Full-time starting edge rusher, entrenched, career year in 2025 [67 combined 2025 tackles found in research notes; solo/assist split estimated at this position's observed 53/47 average since the source didn't report the two separately -- not a fabricated total, just an estimated split.] | listed as OLB",,8.0,43.2,43.2,29,99.4,-15.5,262,17,False,,,14,3.5,
Bradley Chubb,DL,Free agent (unsigned),51.4,32.3,72.9,high,"1.4 solo + 1.4 ast tackles/g (3.1 pts/g from tackle volume alone) | 0.59 TFL/g, 0.49 sacks/g, 0.09 PD/g | Unsigned as of Aug 2026 -- games_proj discounted for a landing-spot/ramp-up gap even if he signs before the draft. | listed as DE",,,28.5,22.8,28,65.6,-15.8,263,17,False,,,12,5.0,
Jalen Pitre,DB,Texans,74.4,55.8,95.3,medium,"3.1 solo + 2.2 ast tackles/g (6.3 pts/g from tackle volume alone) | 0.20 TFL/g, 0.02 sacks/g, 0.70 PD/g | Starter - box/slot safety | listed as S",,8.0,37.2,37.2,37,84.4,-16.0,264,17,False,,,11,1.4,
Chuba Hubbard,RB,Panthers,68.3,43.0,97.0,high,"10.8 carries/g x 4.20 YPC | 2.5 targets/g as receiver, full-PPR",11.0,5.0,34.2,34.2,32,87.9,-16.2,265,17,True,6.0,90.67,20,2.6,4-7
Jaxson Dart,QB,Giants,106.9,53.4,171.1,very_high,"30.3 pass att/g x 6.5 YPA, 3.0% TD rate (1pt/25 pass yds here, double Top Teamz's rate) | 6.0 rush att/g at 5.0 YPC",,8.0,53.4,53.4,23,123.0,-16.4,266,17,True,7.0,101.88,4,7.8,9
Andrew Wingard,DB,Cardinals,75.8,56.9,97.0,medium,"2.8 solo + 2.4 ast tackles/g (6.0 pts/g from tackle volume alone) | 0.27 TFL/g, 0.02 sacks/g, 0.56 PD/g | Competing for starting job | listed as S",,14.0,42.1,33.7,35,84.4,-16.4,267,17,False,,,11,1.4,
Alontae Taylor,DB,Saints,73.9,62.8,87.2,low,"3.5 solo + 1.4 ast tackles/g (6.3 pts/g from tackle volume alone) | 0.10 TFL/g, 0.08 sacks/g, 0.60 PD/g | Starter - outside corner | listed as CB",,8.0,37.0,37.0,40,84.4,-16.5,268,17,False,,,11,1.4,
Devon Witherspoon,DB,Seahawks,77.7,58.3,99.4,medium,"4.0 solo + 2.0 ast tackles/g (7.5 pts/g from tackle volume alone) | 0.10 TFL/g, 0.04 sacks/g, 0.57 PD/g | Starter - outside corner | listed as CB",,11.0,48.6,29.1,32,84.4,-16.8,269,17,False,,,11,1.4,
Matthew Wright,K,Texans,25.5,21.7,30.1,low,"1.25 FG made/g (0.75 from 40-49, 0.00 from 50+) | 1.00 XP made/g",,8.0,12.8,12.8,37,41.8,-16.8,270,17,False,,,15,4.2,
Derrick Brown,DL,Panthers,49.2,37.0,63.0,medium,"1.9 solo + 2.4 ast tackles/g (4.7 pts/g from tackle volume alone) | 0.50 TFL/g, 0.39 sacks/g, 0.29 PD/g | Real 2025 season-ending injury on record -- games_proj discounted, not assumed fully recovered to a normal 17-game year. | listed as DT",,5.0,24.6,24.6,29,65.6,-17.0,271,17,False,,,12,5.0,
Parker Romo,K,Falcons,26.7,22.7,31.5,low,"1.57 FG made/g (0.14 from 40-49, 0.14 from 50+) | 1.71 XP made/g",,11.0,16.7,10.0,36,41.8,-17.0,272,17,False,,,15,4.2,
Jessie Bates III,DB,Falcons,77.0,65.4,90.8,low,"3.4 solo + 2.4 ast tackles/g (6.8 pts/g from tackle volume alone) | 0.13 TFL/g, 0.02 sacks/g, 0.45 PD/g | Starter - free safety | listed as S",,11.0,48.1,28.9,33,84.4,-17.6,273,18,False,,,11,1.4,
Antoine Winfield Jr.,DB,Buccaneers,76.4,65.0,90.2,low,"3.1 solo + 2.4 ast tackles/g (6.4 pts/g from tackle volume alone) | 0.21 TFL/g, 0.05 sacks/g, 0.51 PD/g | Starter - box/slot hybrid safety | listed as S",,10.0,47.8,28.6,34,84.4,-18.3,274,18,False,,,11,1.4,
Wan'Dale Robinson,WR,Titans,47.7,35.7,61.0,medium,"4.8 targets/g, 68% catch rate, 6.0 yds/target | full-PPR: every catch worth 1.0 pt (vs 0.5 in Top Teamz)",0.0,9.0,29.6,18.1,69,60.6,-18.6,275,18,True,7.0,103.25,29,2.0,
Jacory Croskey-Merritt,RB,Commanders,66.2,41.7,94.0,high,"10.8 carries/g x 4.10 YPC | 2.5 targets/g as receiver, full-PPR",11.0,7.0,32.8,33.4,34,87.9,-18.8,276,18,True,7.0,106.13,21,3.8,8
Bhayshul Tuten,RB,Jaguars,66.1,41.6,93.8,high,"9.5 carries/g x 4.20 YPC | 2.5 targets/g as receiver, full-PPR",9.5,7.0,32.4,33.7,35,87.9,-18.8,277,18,True,4.0,56.47,21,3.8,8
Brian Branch,DB,Lions,71.9,45.3,102.1,high,"4.0 solo + 2.2 ast tackles/g (7.7 pts/g from tackle volume alone) | 0.10 TFL/g, 0.13 sacks/g, 0.65 PD/g | Real 2025 season-ending injury on record, but the same research confirms he's cleared/fully healthy for 2026 -- games_proj uses the real 'high risk' games count instead of the harsher unrecovered discount, since there's no specific 2026 games-missed signal left, just residual uncertainty until proven in game action. | listed as S/CB",,6.0,36.0,36.0,43,84.4,-19.0,278,18,False,,,11,1.4,
Patrick Queen,LB,Steelers,88.0,74.8,103.8,low,"3.3 solo + 3.8 ast tackles/g (7.8 pts/g from tackle volume alone) | 0.45 TFL/g, 0.10 sacks/g, 0.28 PD/g | Starter, three-down | listed as ILB",,9.0,55.0,33.0,27,99.4,-19.0,279,18,False,,,15,1.9,
Mike Jackson,DB,Panthers,71.9,61.1,84.8,low,"3.2 solo + 0.8 ast tackles/g (5.4 pts/g from tackle volume alone) | 0.10 TFL/g, 0.02 sacks/g, 0.83 PD/g | Starter - outside corner | listed as CB",,5.0,36.0,36.0,44,84.4,-19.0,280,18,False,,,11,1.4,
Quan Martin,DB,Commanders,71.8,61.0,84.6,low,"3.1 solo + 2.8 ast tackles/g (6.7 pts/g from tackle volume alone) | 0.21 TFL/g, 0.02 sacks/g, 0.36 PD/g | Starter - box safety | listed as S",,7.0,35.9,35.9,45,84.4,-19.2,281,18,False,,,11,1.4,
Kenyon Sadiq,TE,Jets,34.0,17.0,54.3,very_high,"3.6 targets/g, 68% catch rate, 8.0 yds/target | full-PPR: every catch worth 1.0 pt (vs 0.5 in Top Teamz)",,13.0,18.7,15.3,23,49.0,-19.2,282,18,True,11.0,160.04,13,3.8,10
Josh Metellus,DB,Vikings,71.8,53.8,91.8,medium,"3.0 solo + 3.1 ast tackles/g (6.9 pts/g from tackle volume alone) | 0.10 TFL/g, 0.04 sacks/g, 0.49 PD/g | Starter - box safety | listed as S",,6.0,35.9,35.9,46,84.4,-19.2,283,18,False,,,11,1.4,
Rico Dowdle,RB,Steelers,68.8,51.6,88.0,medium,"12.0 carries/g x 4.10 YPC | 2.3 targets/g as receiver, full-PPR",12.0,9.0,43.4,25.3,30,87.9,-20.4,284,18,True,5.0,79.86,21,3.8,8
Blake Corum,RB,Rams,68.4,43.1,97.2,high,"10.7 carries/g x 4.10 YPC | 1.1 targets/g as receiver, full-PPR",9.5,11.0,42.6,25.8,31,87.9,-20.4,285,18,True,7.0,108.18,21,3.8,8
Trent McDuffie,DB,Rams,74.4,55.8,95.2,medium,"3.5 solo + 1.4 ast tackles/g (6.2 pts/g from tackle volume alone) | 0.14 TFL/g, 0.06 sacks/g, 0.28 PD/g | Starter - outside corner | listed as CB",,11.0,46.5,27.9,38,84.4,-20.6,286,18,False,,,12,1.7,
Jaylin Noel,WR,Texans,43.8,27.6,62.2,high,"4.0 targets/g, 62% catch rate, 7.0 yds/target | full-PPR: every catch worth 1.0 pt (vs 0.5 in Top Teamz)",,8.0,21.9,21.9,71,60.6,-20.6,287,18,False,,,30,1.8,
Devin Bush,LB,Bears,86.4,64.8,110.6,medium,"3.7 solo + 3.6 ast tackles/g (8.3 pts/g from tackle volume alone) | 0.21 TFL/g, 0.13 sacks/g, 0.16 PD/g | Expected starter | listed as ILB",,10.0,54.0,32.4,28,99.4,-20.9,288,18,False,,,16,2.2,
Cade Otton,TE,Buccaneers,33.6,25.1,43.0,medium,"3.5 targets/g, 65% catch rate, 5.5 yds/target | full-PPR: every catch worth 1.0 pt (vs 0.5 in Top Teamz)",0.0,10.0,20.8,12.7,24,49.0,-21.0,289,19,True,11.0,167.11,13,3.8,10
Matt Gay,K,Raiders,22.6,16.9,28.9,medium,"1.42 FG made/g (0.00 from 40-49, 0.00 from 50+) | 2.17 XP made/g",,13.0,12.5,10.0,38,41.8,-21.2,290,19,False,,,16,2.2,
Dee Alford,DB,Falcons,73.9,62.8,87.2,low,"3.4 solo + 0.8 ast tackles/g (5.7 pts/g from tackle volume alone) | 0.10 TFL/g, 0.09 sacks/g, 0.68 PD/g | Starter - slot/outside corner | listed as CB",,11.0,46.2,27.7,39,84.4,-21.2,291,19,False,,,12,1.7,
Riley Moss,DB,Broncos,73.8,62.8,87.1,low,"3.4 solo + 1.4 ast tackles/g (6.0 pts/g from tackle volume alone) | 0.10 TFL/g, 0.05 sacks/g, 0.83 PD/g | Starter - outside corner | listed as CB",,10.0,46.1,27.7,41,84.4,-21.3,292,19,False,,,12,1.7,
Grant Delpit,DB,Browns,73.5,62.5,86.8,low,"2.8 solo + 2.4 ast tackles/g (6.0 pts/g from tackle volume alone) | 0.23 TFL/g, 0.11 sacks/g, 0.39 PD/g | Starter - safety | listed as S",,11.0,45.9,27.6,42,84.4,-21.7,293,19,False,,,12,1.7,
Nakobe Dean,LB,Raiders,83.4,62.5,106.7,medium,"3.0 solo + 2.5 ast tackles/g (6.4 pts/g from tackle volume alone) | 0.21 TFL/g, 0.28 sacks/g, 0.21 PD/g | Starter, paired with Quay Walker | listed as ILB",,13.0,46.3,37.0,31,99.4,-21.7,294,19,False,,,16,2.2,
Kris Jenkins,DL,Bengals,45.2,34.0,57.9,medium,"1.3 solo + 1.3 ast tackles/g (2.9 pts/g from tackle volume alone) | 0.53 TFL/g, 0.29 sacks/g, 0.12 PD/g | Third-year DT expected to take a leap, full participant in same scheme for first time; part of DL rotation with Shemar Stewart, Myles Murphy, B.J. Hill | listed as DT",,6.0,22.6,22.6,32,65.6,-22.0,295,19,False,,,13,2.5,
Javon Hargrave,DL,Packers,47.4,35.6,60.8,medium,"1.1 solo + 2.1 ast tackles/g (3.3 pts/g from tackle volume alone) | 0.49 TFL/g, 0.27 sacks/g, 0.09 PD/g | Projected primary nose tackle in new 3-4 scheme reunited with DC Jonathan Gannon; Wyatt at DT, McClellan depth NT | listed as DT",,11.0,29.7,17.8,30,65.6,-22.0,296,19,False,,,13,2.5,
Dadrion Taylor-Demerson,DB,Cardinals,71.1,53.3,91.0,medium,"2.7 solo + 2.2 ast tackles/g (5.7 pts/g from tackle volume alone) | 0.12 TFL/g, 0.02 sacks/g, 0.53 PD/g | Competing for starting job | listed as S",,14.0,39.5,31.6,48,84.4,-22.1,297,19,False,,,12,1.7,
Marvin Mims Jr.,WR,Broncos,44.8,28.2,63.6,high,"4.0 targets/g, 60% catch rate, 7.5 yds/target | full-PPR: every catch worth 1.0 pt (vs 0.5 in Top Teamz)",0.0,10.0,28.6,16.2,70,60.6,-22.4,298,19,False,,,31,2.8,8-10
Bryce Young,QB,Panthers,102.2,64.4,145.1,high,"31.3 pass att/g x 6.5 YPA, 3.3% TD rate (1pt/25 pass yds here, double Top Teamz's rate) | 4.0 rush att/g at 4.0 YPC",,5.0,51.6,50.6,24,123.0,-22.4,299,19,False,,,4,7.8,9
Mike Sainristil,DB,Commanders,69.2,58.8,81.7,low,"2.7 solo + 1.8 ast tackles/g (5.4 pts/g from tackle volume alone) | 0.13 TFL/g, 0.02 sacks/g, 0.63 PD/g | Starter - slot corner | listed as CB",,7.0,34.6,34.6,49,84.4,-22.5,300,19,False,,,12,1.7,
Daiyan Henley,LB,Chargers,80.9,68.8,95.4,low,"3.2 solo + 2.9 ast tackles/g (6.9 pts/g from tackle volume alone) | 0.36 TFL/g, 0.18 sacks/g, 0.16 PD/g | Starter, three-down, elite tier | listed as ILB",,7.0,40.4,40.4,32,99.4,-22.5,301,19,False,,,16,2.2,
Younghoe Koo,K,Jets,20.7,15.5,26.5,medium,"1.00 FG made/g (0.33 from 40-49, 0.00 from 50+) | 2.17 XP made/g",,13.0,11.5,9.2,39,41.8,-23.4,302,19,False,,,17,3.8,
Zaire Franklin,LB,Packers,83.9,63.0,107.4,medium,"3.6 solo + 3.7 ast tackles/g (8.2 pts/g from tackle volume alone) | 0.21 TFL/g, 0.13 sacks/g, 0.31 PD/g | Starter at MLB, replacing Quay Walker | listed as ILB",,11.0,52.4,31.5,30,99.4,-23.8,303,19,False,,,16,2.2,
Kaden Elliss,LB,Saints,79.6,59.6,101.8,medium,"3.5 solo + 2.8 ast tackles/g (7.3 pts/g from tackle volume alone) | 0.21 TFL/g, 0.18 sacks/g, 0.34 PD/g | Expected starter/defensive play-caller, replacing Demario Davis | listed as OLB",,8.0,39.8,39.8,34,99.4,-24.0,304,19,False,,,16,2.2,
Aaron Jones,RB,Vikings,61.9,39.0,87.8,high,"10.5 carries/g x 4.15 YPC | 3.0 targets/g as receiver, full-PPR",10.5,6.0,30.3,31.5,37,87.9,-24.2,305,20,True,8.0,112.81,22,2.6,2-10
Amani Hooker,DB,Titans,71.4,60.6,84.2,low,"3.6 solo + 1.4 ast tackles/g (6.5 pts/g from tackle volume alone) | 0.10 TFL/g, 0.06 sacks/g, 0.53 PD/g | Starter - safety | listed as S",,9.0,44.6,26.8,47,84.4,-24.2,306,20,False,,,13,2.8,
Trey Hendrickson,DL,Bengals,43.1,27.2,61.2,high,"1.6 solo + 0.7 ast tackles/g (2.9 pts/g from tackle volume alone) | 0.35 TFL/g, 0.53 sacks/g, 0.09 PD/g | Expected starter if healthy, but real recent injury history | listed as DE",,6.0,21.6,21.6,35,65.6,-24.5,307,20,False,,,14,1.9,
Dre'Mont Jones,DL,Patriots,45.2,33.9,57.8,medium,"1.1 solo + 1.3 ast tackles/g (2.6 pts/g from tackle volume alone) | 0.35 TFL/g, 0.43 sacks/g, 0.12 PD/g | Signed 3-yr/$39M FA deal with Patriots for 2026; expected interior/edge rotational-to-starting pass rusher | listed as DE",,11.0,28.2,17.0,31,65.6,-24.8,308,20,False,,,14,1.9,
Chig Okonkwo,TE,Titans,30.3,19.1,43.1,high,"3.4 targets/g, 65% catch rate, 6.0 yds/target | full-PPR: every catch worth 1.0 pt (vs 0.5 in Top Teamz)",0.0,9.0,18.8,11.5,25,49.0,-24.8,309,20,True,10.0,157.49,14,3.5,7
Grady Jarrett,DL,Bears,45.1,33.8,57.8,medium,"1.0 solo + 1.8 ast tackles/g (2.8 pts/g from tackle volume alone) | 0.48 TFL/g, 0.29 sacks/g, 0.20 PD/g | Rotational interior DT / DT3-type role behind Dexter and rookie Shemar Turner; run-stuffing veteran depth | listed as DT",,10.0,28.2,16.9,33,65.6,-24.9,310,20,False,,,14,1.9,
Ja'Kobi Lane,WR,Ravens,41.1,25.9,58.4,high,"2.9 targets/g, 60% catch rate, 8.0 yds/target | full-PPR: every catch worth 1.0 pt (vs 0.5 in Top Teamz)",,13.0,23.0,18.1,74,60.6,-25.2,311,20,True,10.0,156.11,32,3.3,9
Juwan Johnson,TE,Saints,28.4,17.9,40.3,high,"3.5 targets/g, 62% catch rate, 5.5 yds/target | full-PPR: every catch worth 1.0 pt (vs 0.5 in Top Teamz)",0.0,8.0,14.1,14.4,26,49.0,-25.2,312,20,True,10.0,145.71,14,3.5,7
Vita Vea,DL,Buccaneers,44.3,37.6,52.2,low,"0.9 solo + 1.1 ast tackles/g (2.2 pts/g from tackle volume alone) | 0.44 TFL/g, 0.37 sacks/g, 0.15 PD/g | Full-time nose/interior run-stuffer if he stays; trade destination unresolved as of Aug 2026 | listed as DT",,10.0,27.7,16.6,34,65.6,-25.8,313,20,False,,,14,1.9,
Makai Lemon,WR,Eagles,41.7,26.3,59.3,high,"3.4 targets/g, 62% catch rate, 7.5 yds/target | full-PPR: every catch worth 1.0 pt (vs 0.5 in Top Teamz)",,10.0,26.3,15.4,72,60.6,-25.9,314,20,True,8.0,120.74,32,3.3,9
Azeez Al-Shaair,LB,Texans,77.8,58.4,99.6,medium,"3.0 solo + 3.4 ast tackles/g (7.1 pts/g from tackle volume alone) | 0.21 TFL/g, 0.07 sacks/g, 0.44 PD/g | Starter, three-down, Pro Bowl 2025 | listed as ILB",,8.0,38.9,38.9,35,99.4,-26.2,315,20,False,,,17,3.5,
Romeo Doubs,WR,Patriots,41.4,31.0,52.9,medium,"3.9 targets/g, 60% catch rate, 6.5 yds/target | full-PPR: every catch worth 1.0 pt (vs 0.5 in Top Teamz)",0.0,11.0,26.2,15.2,73,60.6,-26.3,316,20,True,9.0,142.18,32,3.3,9
Kirk Cousins,QB,Raiders,101.4,63.9,144.0,high,"34.0 pass att/g x 6.8 YPA, 2.9% TD rate (1pt/25 pass yds here, double Top Teamz's rate) | pocket passer, minimal rushing equity",,13.0,57.2,44.2,25,123.0,-26.4,317,20,False,,,4,7.8,9
Tank Bigsby,RB,Eagles,62.7,47.0,80.3,medium,"9.9 carries/g x 4.40 YPC | 1.0 targets/g as receiver, full-PPR",9.0,10.0,38.3,24.4,36,87.9,-26.8,318,20,True,10.0,158.18,23,6.8,9
Sheldon Rankins,DL,Texans,41.1,30.8,52.6,medium,"1.1 solo + 1.4 ast tackles/g (2.6 pts/g from tackle volume alone) | 0.35 TFL/g, 0.33 sacks/g, 0.09 PD/g | Rotational interior DT, run-stuffing/pass-rush depth | listed as DT",,8.0,20.6,20.6,37,65.6,-27.0,319,20,False,,,14,1.9,
Christian Gonzalez,DB,Patriots,69.0,51.8,88.3,medium,"3.9 solo + 1.1 ast tackles/g (6.6 pts/g from tackle volume alone) | 0.13 TFL/g, 0.02 sacks/g, 0.63 PD/g | Starter - outside corner | listed as CB",,11.0,43.1,25.9,50,84.4,-27.0,320,20,False,,,14,2.8,
Daniel Carlson,K,Raiders,17.6,11.1,24.9,high,"1.29 FG made/g (0.35 from 40-49, 0.29 from 50+) | 1.24 XP made/g",,13.0,9.8,7.8,40,41.8,-27.2,321,21,False,,,18,0.0,
Jonathon Brooks,RB,Panthers,59.7,37.6,84.8,high,"9.3 carries/g x 3.90 YPC | 3.0 targets/g as receiver, full-PPR",9.5,5.0,29.8,29.8,38,87.9,-27.2,322,21,True,7.0,97.11,23,6.8,9
Osa Odighizuwa,DL,49ers,40.8,30.6,52.3,medium,"1.0 solo + 1.6 ast tackles/g (2.7 pts/g from tackle volume alone) | 0.35 TFL/g, 0.31 sacks/g, 0.09 PD/g | Projected starting interior pass rusher for SF after trade; led DTs in QB hits (23) | listed as DT",,8.0,20.4,20.4,38,65.6,-27.4,323,21,False,,,14,1.9,
Foley Fatukasi,DL,Raiders,41.8,26.3,59.3,high,"1.2 solo + 0.8 ast tackles/g (2.4 pts/g from tackle volume alone) | 0.35 TFL/g, 0.43 sacks/g, 0.09 PD/g | Depth/rotational run-stuffing NT-DT; not a lock for major snaps | listed as DT",,13.0,23.2,18.6,36,65.6,-27.4,324,21,False,,,14,1.9,
Drue Tranquill,LB,Chiefs,76.8,65.3,90.6,low,"3.2 solo + 2.8 ast tackles/g (7.0 pts/g from tackle volume alone) | 0.21 TFL/g, 0.13 sacks/g, 0.19 PD/g | Starter, three-down role | listed as OLB",,5.0,38.4,38.4,36,99.4,-27.5,325,21,False,,,17,3.5,
Quincy Williams,LB,Browns,80.4,60.3,102.9,medium,"3.5 solo + 2.9 ast tackles/g (7.4 pts/g from tackle volume alone) | 0.21 TFL/g, 0.21 sacks/g, 0.43 PD/g | Expected starter, taking over Devin Bush's vacated spot | listed as ILB",,11.0,50.2,30.2,33,99.4,-28.0,326,21,False,,,17,3.5,
Cole Kmet,TE,Bears,27.4,17.3,39.0,high,"3.1 targets/g, 62% catch rate, 5.5 yds/target | full-PPR: every catch worth 1.0 pt (vs 0.5 in Top Teamz)",0.0,10.0,17.2,10.3,27,49.0,-28.2,327,21,False,,,14,3.5,7
Chris Jones,DL,Chiefs,40.0,30.0,51.2,medium,"0.9 solo + 0.8 ast tackles/g (1.9 pts/g from tackle volume alone) | 0.35 TFL/g, 0.45 sacks/g, 0.15 PD/g | Full-time 3-tech/interior pass rusher, every-down starter | listed as DT",,5.0,20.0,20.0,40,65.6,-28.4,328,21,False,,,14,1.9,
Alex Anzalone,LB,Lions,76.0,57.0,97.4,medium,"3.2 solo + 2.7 ast tackles/g (6.9 pts/g from tackle volume alone) | 0.21 TFL/g, 0.15 sacks/g, 0.44 PD/g | Starter, defensive signal-caller | listed as MLB",,6.0,38.0,38.0,37,99.4,-28.5,329,21,False,,,17,3.5,
Josh Jacobs,RB,Packers,66.8,33.4,106.9,very_high,"18.0 carries/g x 4.44 YPC | 2.5 targets/g as receiver, full-PPR",17.0,11.0,43.1,23.8,33,87.9,-28.9,330,21,True,2.0,28.13,23,6.8,9
Zachariah Branch,WR,Falcons,38.5,24.2,54.6,high,"3.1 targets/g, 58% catch rate, 8.5 yds/target | full-PPR: every catch worth 1.0 pt (vs 0.5 in Top Teamz)",0.0,11.0,23.9,14.5,75,60.6,-29.6,331,21,False,,,33,2.6,
Jordan Mason,RB,Vikings,57.4,36.2,81.5,high,"11.0 carries/g x 4.10 YPC | 1.5 targets/g as receiver, full-PPR",11.0,6.0,28.2,29.3,39,87.9,-29.6,332,21,True,7.0,102.82,23,6.8,9
Tyler Shough,QB,Saints,96.0,60.5,136.4,high,"32.3 pass att/g x 6.8 YPA, 3.3% TD rate (1pt/25 pass yds here, double Top Teamz's rate) | 3.0 rush att/g at 4.0 YPC",,8.0,47.5,48.5,26,123.0,-29.6,333,21,True,9.0,143.63,4,7.8,9
Eric Murray,DB,Jaguars,63.4,47.5,81.1,medium,"2.7 solo + 1.8 ast tackles/g (5.4 pts/g from tackle volume alone) | 0.18 TFL/g, 0.07 sacks/g, 0.53 PD/g | Starter - safety | listed as S",,7.0,31.7,31.7,53,84.4,-29.8,334,21,False,,,15,3.3,
Devin Lloyd,LB,Panthers,74.8,56.1,95.8,medium,"2.3 solo + 3.1 ast tackles/g (5.8 pts/g from tackle volume alone) | 0.41 TFL/g, 0.12 sacks/g, 0.39 PD/g | New starter for Panthers, coming off best season | listed as ILB",,5.0,37.4,37.4,38,99.4,-30.0,335,21,False,,,17,3.5,
John Franklin-Myers,DL,Titans,40.8,34.6,48.1,low,"0.8 solo + 0.8 ast tackles/g (1.7 pts/g from tackle volume alone) | 0.35 TFL/g, 0.47 sacks/g, 0.09 PD/g | Signed 3yr/$63M with Titans Mar 2026 FA, reunites with HC Robert Saleh from Jets tenure; full-time interior/edge rusher paired with Jeffery Simmons | listed as DE",,9.0,25.5,15.3,39,65.6,-30.0,336,21,False,,,14,1.9,
Dru Phillips,DB,Giants,62.8,53.4,74.0,low,"2.9 solo + 1.0 ast tackles/g (5.1 pts/g from tackle volume alone) | 0.10 TFL/g, 0.02 sacks/g, 0.63 PD/g | Starter - slot corner | listed as CB",,8.0,31.4,31.4,54,84.4,-30.5,337,22,False,,,15,3.3,
Germie Bernard,WR,Steelers,37.8,23.8,53.7,high,"3.2 targets/g, 62% catch rate, 7.0 yds/target | full-PPR: every catch worth 1.0 pt (vs 0.5 in Top Teamz)",0.0,9.0,23.9,13.9,76,60.6,-30.6,338,22,False,,,33,2.6,
Adonai Mitchell,WR,Jets,36.4,22.9,51.7,high,"3.6 targets/g, 58% catch rate, 7.0 yds/target | full-PPR: every catch worth 1.0 pt (vs 0.5 in Top Teamz)",0.0,13.0,20.0,16.4,78,60.6,-30.7,339,22,False,,,33,2.6,
Calen Bullock,DB,Texans,62.2,52.8,73.4,low,"2.6 solo + 1.2 ast tackles/g (4.8 pts/g from tackle volume alone) | 0.10 TFL/g, 0.02 sacks/g, 0.57 PD/g | Starter - free safety | listed as S",,8.0,31.1,31.1,55,84.4,-31.2,340,22,False,,,15,3.3,
Andre Cisco,DB,Jets,63.7,40.2,90.5,high,"3.2 solo + 1.9 ast tackles/g (6.3 pts/g from tackle volume alone) | 0.25 TFL/g, 0.02 sacks/g, 0.34 PD/g | Re-signed to a new 1-year deal (~$5.25M) in March 2026; in an open camp competition with Dane Belton (and Malachi Moore) for the starting job as of Aug 26, 2026 -- not a settled starter/rotational role. | listed as S",,13.0,35.4,28.3,52,84.4,-31.2,341,22,False,,,15,3.3,
Coby Bryant,DB,Bears,65.2,55.4,77.0,low,"2.6 solo + 1.7 ast tackles/g (5.2 pts/g from tackle volume alone) | 0.10 TFL/g, 0.02 sacks/g, 0.51 PD/g | Starter - slot/hybrid DB | listed as S/CB",,10.0,40.8,24.5,51,84.4,-31.4,342,22,False,,,15,3.3,
Rashid Shaheed,WR,Seahawks,36.8,23.2,52.3,high,"3.4 targets/g, 62% catch rate, 7.5 yds/target | full-PPR: every catch worth 1.0 pt (vs 0.5 in Top Teamz)",0.0,11.0,22.7,14.1,77,60.6,-31.4,343,22,True,9.0,142.45,33,2.6,
Isaiah Likely,TE,Ravens,23.9,15.1,33.9,high,"2.4 targets/g, 65% catch rate, 6.0 yds/target | full-PPR: every catch worth 1.0 pt (vs 0.5 in Top Teamz)",0.0,13.0,13.4,10.5,28,49.0,-31.7,344,22,True,7.0,96.9,15,5.9,
Harold Landry,DL,Patriots,39.2,19.6,62.7,very_high,"1.7 solo + 1.6 ast tackles/g (3.7 pts/g from tackle volume alone) | 0.35 TFL/g, 0.52 sacks/g, 0.09 PD/g | Starting edge rusher when healthy, signed 3yr/$43.5M deal in 2025. On the active/PUP list as of late July 2026 recovering from offseason knee surgery, has not practiced all summer, HC Vrabel explicitly declining to rush him back. Real roster rule: anyone still on PUP past Aug 30, 2026 roster cutdown must miss the first 4 regular-season games -- which lands right on top of Rivals FCL's Week 4 scoring start, so a still-on-PUP outcome tomorrow could cost him the league's very first scored week, not just an early unscored one. [49 combined 2025 tackles found in research notes; solo/assist split estimated at this position's observed 53/47 average since the source didn't report the two separately -- not a fabricated total, just an estimated split.] | listed as DE",,11.0,24.5,14.7,41,65.6,-31.9,345,22,False,,,15,12.2,
Dexter Lawrence,DL,Bengals,37.0,27.8,47.4,medium,"0.8 solo + 1.0 ast tackles/g (2.0 pts/g from tackle volume alone) | 0.47 TFL/g, 0.25 sacks/g, 0.21 PD/g | Starting nose tackle, Bengals depth chart | listed as NT",,6.0,18.5,18.5,42,65.6,-32.2,346,22,False,,,15,12.2,
Rasul Douglas,DB,Dolphins,61.4,46.0,78.6,medium,"2.5 solo + 1.7 ast tackles/g (5.0 pts/g from tackle volume alone) | 0.10 TFL/g, 0.06 sacks/g, 0.71 PD/g | Starter - outside corner | listed as CB",,6.0,30.7,30.7,56,84.4,-32.2,347,22,False,,,15,3.3,
Andrew Van Ginkel,LB,Vikings,72.0,54.0,92.2,medium,"2.3 solo + 2.2 ast tackles/g (5.1 pts/g from tackle volume alone) | 0.21 TFL/g, 0.37 sacks/g, 0.53 PD/g | Starter, edge/OLB pass rusher | listed as OLB",,6.0,36.0,36.0,40,99.4,-33.5,348,22,False,,,18,1.9,
Barrett Carter,LB,Bengals,71.8,53.9,92.0,medium,"3.1 solo + 3.1 ast tackles/g (7.0 pts/g from tackle volume alone) | 0.21 TFL/g, 0.07 sacks/g, 0.28 PD/g | Starter, strong rookie campaign | listed as LB",,6.0,35.9,35.9,41,99.4,-33.8,349,22,False,,,18,1.9,
Darnell Mooney,WR,Giants,32.9,20.8,46.8,high,"3.5 targets/g, 60% catch rate, 6.5 yds/target | full-PPR: every catch worth 1.0 pt (vs 0.5 in Top Teamz)",0.0,8.0,16.5,16.5,80,60.6,-34.0,350,22,False,,,34,1.6,
Terrel Bernard,LB,Bills,70.8,53.2,90.7,medium,"3.7 solo + 1.8 ast tackles/g (6.8 pts/g from tackle volume alone) | 0.21 TFL/g, 0.07 sacks/g, 0.28 PD/g | Starter when healthy, but recent injury history | listed as MLB",,7.0,35.4,35.4,44,99.4,-35.0,351,22,False,,,18,1.9,
Marquise Brown,WR,Eagles,33.9,21.3,48.1,high,"3.4 targets/g, 60% catch rate, 7.0 yds/target | full-PPR: every catch worth 1.0 pt (vs 0.5 in Top Teamz)",0.0,10.0,21.4,12.5,79,60.6,-35.2,352,22,False,,,34,1.6,
Byron Murphy Jr.,DB,Vikings,58.8,44.0,75.2,medium,"2.7 solo + 1.5 ast tackles/g (5.2 pts/g from tackle volume alone) | 0.18 TFL/g, 0.02 sacks/g, 0.48 PD/g | Starter, three-down outside corner -- not to be confused with Byron Murphy II, the unrelated Seahawks DT already in the DL file. [71 combined 2025 tackles found in research notes; solo/assist split estimated at this position's observed 64/36 average since the source didn't report the two separately -- not a fabricated total, just an estimated split.] | listed as CB",,6.0,29.4,29.4,59,84.4,-35.5,353,23,False,,,16,1.4,
Malik Hooker,DB,Cowboys,60.0,45.0,76.8,medium,"2.3 solo + 2.0 ast tackles/g (5.0 pts/g from tackle volume alone) | 0.26 TFL/g, 0.02 sacks/g, 0.32 PD/g | Starter/rotational safety | listed as S",,14.0,33.3,26.7,58,84.4,-35.6,354,23,False,,,16,1.4,
Malachi Fields,WR,Giants,31.6,19.9,44.9,high,"2.5 targets/g, 58% catch rate, 8.5 yds/target | full-PPR: every catch worth 1.0 pt (vs 0.5 in Top Teamz)",0.0,8.0,15.8,15.8,82,60.6,-35.8,355,23,False,,,34,1.6,
Henry To'oTo'o,LB,Texans,69.9,59.4,82.5,low,"2.5 solo + 3.1 ast tackles/g (6.0 pts/g from tackle volume alone) | 0.21 TFL/g, 0.15 sacks/g, 0.28 PD/g | Starter, three-down, paired with Azeez Al-Shaair | listed as ILB",,8.0,35.0,35.0,45,99.4,-36.0,356,23,False,,,18,1.9,
Zach Charbonnet,RB,Seahawks,54.7,27.4,87.6,very_high,"12.7 carries/g x 4.44 YPC | 2.5 targets/g as receiver, full-PPR",12.0,11.0,33.9,20.9,40,87.9,-36.4,357,23,True,9.0,129.43,24,3.5,5-10
Elandon Roberts,LB,Raiders,70.9,53.2,90.8,medium,"2.5 solo + 2.8 ast tackles/g (5.8 pts/g from tackle volume alone) | 0.39 TFL/g, 0.07 sacks/g, 0.19 PD/g | Starter/thumper role | listed as OLB",,13.0,39.4,31.5,43,99.4,-36.8,358,23,False,,,18,1.9,
Tyrique Stevenson,DB,Bears,60.6,45.5,77.6,medium,"2.8 solo + 1.0 ast tackles/g (4.9 pts/g from tackle volume alone) | 0.10 TFL/g, 0.02 sacks/g, 0.66 PD/g | Starter - outside corner | listed as CB",,10.0,37.9,22.7,57,84.4,-37.0,359,23,False,,,17,1.2,
Ted Hurst III,WR,Buccaneers,31.9,20.1,45.2,high,"2.8 targets/g, 60% catch rate, 7.5 yds/target | full-PPR: every catch worth 1.0 pt (vs 0.5 in Top Teamz)",0.0,10.0,19.8,12.1,81,60.6,-37.4,360,23,False,,,35,2.0,
Kyler Murray,QB,Vikings,90.0,45.0,144.0,very_high,"30.0 pass att/g x 6.9 YPA, 3.8% TD rate (1pt/25 pass yds here, double Top Teamz's rate) | 6.0 rush att/g at 5.0 YPC",,6.0,45.0,45.0,28,123.0,-37.4,361,23,True,9.0,132.46,5,8.2,
Caleb Douglas,WR,Dolphins,30.3,19.1,43.0,high,"2.6 targets/g, 58% catch rate, 8.0 yds/target | full-PPR: every catch worth 1.0 pt (vs 0.5 in Top Teamz)",0.0,6.0,15.1,15.1,84,60.6,-37.6,362,23,False,,,35,2.0,
Zach Ertz,TE,Free agent,19.0,9.5,30.4,very_high,"3.0 targets/g, 68% catch rate, 5.5 yds/target | full-PPR: every catch worth 1.0 pt (vs 0.5 in Top Teamz)",0.0,,10.6,8.4,29,49.0,-37.6,363,23,False,,,16,3.8,6-9
Jihaad Campbell,LB,Eagles,72.0,61.2,85.0,low,"3.6 solo + 1.1 ast tackles/g (6.3 pts/g from tackle volume alone) | 0.27 TFL/g, 0.07 sacks/g, 0.25 PD/g | Entrenched starter, ascending | listed as ILB",,10.0,45.0,27.0,39,99.4,-38.0,364,23,False,,,18,1.9,
Cam Ward,QB,Titans,94.0,47.0,150.5,very_high,"31.0 pass att/g x 6.5 YPA, 2.7% TD rate (1pt/25 pass yds here, double Top Teamz's rate) | 4.0 rush att/g at 4.5 YPC",,9.0,58.4,35.6,27,123.0,-38.1,365,23,False,,,5,8.2,
Sauce Gardner,DB,Colts,57.9,43.4,74.1,medium,"2.5 solo + 0.7 ast tackles/g (4.4 pts/g from tackle volume alone) | 0.10 TFL/g, 0.02 sacks/g, 0.69 PD/g | Starter - outside corner | listed as CB",,13.0,32.2,25.7,60,84.4,-38.2,366,23,False,,,18,3.2,
Jevon Holland,DB,Giants,56.4,42.4,72.2,medium,"2.7 solo + 1.8 ast tackles/g (5.4 pts/g from tackle volume alone) | 0.12 TFL/g, 0.02 sacks/g, 0.46 PD/g | Starter - safety | listed as S",,8.0,28.2,28.2,61,84.4,-38.5,367,23,False,,,18,3.2,
Jalen McMillan,WR,Buccaneers,31.0,15.5,49.6,very_high,"4.0 targets/g, 68% catch rate, 7.0 yds/target | full-PPR: every catch worth 1.0 pt (vs 0.5 in Top Teamz)",0.0,10.0,19.2,11.7,83,60.6,-38.6,368,23,False,,,35,2.0,
Tyreek Hill,WR,Free agent,29.9,15.0,47.8,very_high,"6.0 targets/g, 62% catch rate, 8.5 yds/target | full-PPR: every catch worth 1.0 pt (vs 0.5 in Top Teamz)",0.0,,16.6,13.3,85,60.6,-38.8,369,24,False,,,35,2.0,
T.J. Edwards,LB,Bears,71.0,44.7,100.8,high,"3.3 solo + 3.4 ast tackles/g (7.5 pts/g from tackle volume alone) | 0.32 TFL/g, 0.10 sacks/g, 0.41 PD/g | Starter when healthy, missed time to injury | listed as ILB",,10.0,44.3,26.6,42,99.4,-39.3,370,24,False,,,18,1.9,
Antonio Johnson,DB,Jaguars,55.6,47.3,65.6,low,"2.0 solo + 1.1 ast tackles/g (3.8 pts/g from tackle volume alone) | 0.10 TFL/g, 0.08 sacks/g, 0.54 PD/g | Starter - safety | listed as S",,7.0,27.8,27.8,62,84.4,-39.5,371,24,False,,,18,3.2,
RJ Harvey,RB,Broncos,52.0,32.8,73.9,high,"7.6 carries/g x 4.30 YPC | 2.5 targets/g as receiver, full-PPR",7.0,10.0,32.5,19.5,41,87.9,-39.9,372,24,True,5.0,77.85,25,3.4,9
Noah Fant,TE,Saints,16.6,8.3,26.5,very_high,"2.5 targets/g, 62% catch rate, 5.5 yds/target | full-PPR: every catch worth 1.0 pt (vs 0.5 in Top Teamz)",0.0,8.0,8.2,8.4,31,49.0,-40.0,373,24,False,,,16,3.8,6-9
Ja'Tavion Sanders,TE,Panthers,16.7,10.5,23.8,high,"2.5 targets/g, 62% catch rate, 5.5 yds/target | full-PPR: every catch worth 1.0 pt (vs 0.5 in Top Teamz)",0.0,5.0,8.4,8.3,30,49.0,-40.0,374,24,False,,,16,3.8,6-9
MarShawn Lloyd,RB,Packers,52.0,26.0,83.3,very_high,"9.5 carries/g x 4.44 YPC | 2.0 targets/g as receiver, full-PPR",9.0,11.0,33.5,18.5,42,87.9,-40.4,375,24,True,10.0,156.39,25,3.4,9
Chris Bell,WR,Dolphins,27.5,13.8,44.1,very_high,"2.6 targets/g, 58% catch rate, 8.5 yds/target | full-PPR: every catch worth 1.0 pt (vs 0.5 in Top Teamz)",0.0,6.0,13.8,13.8,87,60.6,-40.8,376,24,False,,,36,2.2,9
Jack Bech,WR,Raiders,28.1,17.7,39.9,high,"3.1 targets/g, 60% catch rate, 6.0 yds/target | full-PPR: every catch worth 1.0 pt (vs 0.5 in Top Teamz)",0.0,13.0,15.9,12.2,86,60.6,-41.1,377,24,False,,,36,2.2,9
Divine Deablo,LB,Falcons,69.4,52.1,88.9,medium,"2.9 solo + 2.7 ast tackles/g (6.4 pts/g from tackle volume alone) | 0.21 TFL/g, 0.11 sacks/g, 0.43 PD/g | Starter | listed as ILB",,11.0,43.4,26.0,46,99.4,-41.1,378,24,False,,,18,1.9,
Charvarius Ward,DB,Colts,54.3,34.2,77.1,high,"2.4 solo + 1.1 ast tackles/g (4.5 pts/g from tackle volume alone) | 0.10 TFL/g, 0.02 sacks/g, 0.78 PD/g | Starter - outside corner (if healthy) | listed as CB",,13.0,30.2,24.1,64,84.4,-42.7,379,24,False,,,19,2.7,
Cody Simon,LB,Cardinals,65.9,49.4,84.4,medium,"2.6 solo + 2.2 ast tackles/g (5.5 pts/g from tackle volume alone) | 0.21 TFL/g, 0.09 sacks/g, 0.22 PD/g | Starter, ascending role | listed as ILB",,14.0,36.6,29.3,47,99.4,-43.0,380,24,False,,,19,2.0,
Jayden Higgins,WR,Texans,25.6,16.2,36.4,high,"3.0 targets/g, 60% catch rate, 6.5 yds/target | full-PPR: every catch worth 1.0 pt (vs 0.5 in Top Teamz)",0.0,8.0,12.8,12.8,88,60.6,-43.3,381,24,True,9.0,143.1,37,1.6,
Christian Benford,DB,Bills,51.9,38.9,66.4,medium,"2.3 solo + 0.8 ast tackles/g (4.0 pts/g from tackle volume alone) | 0.17 TFL/g, 0.10 sacks/g, 0.42 PD/g | Starter - outside corner | listed as CB",,7.0,26.0,26.0,66,84.4,-43.7,382,24,False,,,19,2.7,
Jonnu Smith,TE,Free agent,14.0,7.0,22.3,very_high,"3.0 targets/g, 65% catch rate, 5.5 yds/target | full-PPR: every catch worth 1.0 pt (vs 0.5 in Top Teamz)",0.0,,7.8,6.2,32,49.0,-43.8,383,24,False,,,17,4.0,8
Keon Coleman,WR,Bills,25.0,15.8,35.5,high,"3.1 targets/g, 58% catch rate, 6.5 yds/target | full-PPR: every catch worth 1.0 pt (vs 0.5 in Top Teamz)",0.0,7.0,12.0,13.0,90,60.6,-43.8,384,24,False,,,37,1.6,
Chris Rodriguez Jr.,RB,Jaguars,46.1,29.1,65.5,high,"8.0 carries/g x 4.10 YPC | 2.5 targets/g as receiver, full-PPR",8.0,7.0,22.6,23.5,43,87.9,-43.8,385,25,True,9.0,134.24,26,2.8,8-10
Alim McNeill,DL,Lions,27.1,17.0,38.5,high,"0.5 solo + 0.4 ast tackles/g (1.1 pts/g from tackle volume alone) | 0.45 TFL/g, 0.29 sacks/g, 0.14 PD/g | Starting DT alongside Tyleik Williams; aiming for full 3-down role after incomplete ACL recovery | listed as DT",,6.0,13.6,13.6,43,65.6,-44.4,386,25,False,,,16,15.1,
Patrick Surtain II,DB,Broncos,54.3,40.7,69.5,medium,"2.6 solo + 0.7 ast tackles/g (4.5 pts/g from tackle volume alone) | 0.10 TFL/g, 0.02 sacks/g, 0.70 PD/g | Starter - outside corner | listed as CB",,10.0,33.9,20.4,63,84.4,-44.5,387,25,False,,,19,2.7,
Ryan Flournoy,WR,Cowboys,25.1,12.5,40.2,very_high,"2.1 targets/g, 58% catch rate, 7.5 yds/target | full-PPR: every catch worth 1.0 pt (vs 0.5 in Top Teamz)",0.0,14.0,13.8,11.3,89,60.6,-44.6,388,25,False,,,37,1.6,
Matt Milano,LB,Free agent (unsigned),64.2,40.4,91.1,high,"3.0 solo + 2.6 ast tackles/g (6.4 pts/g from tackle volume alone) | 0.21 TFL/g, 0.22 sacks/g, 0.16 PD/g | Unsigned as of Aug 2026 -- games_proj discounted for a landing-spot/ramp-up gap even if he signs before the draft. | listed as OLB",,,35.7,28.5,48,99.4,-45.0,389,25,False,,,20,4.8,
Emmanuel Forbes Jr.,DB,Rams,53.3,45.3,62.9,low,"1.9 solo + 0.8 ast tackles/g (3.4 pts/g from tackle volume alone) | 0.10 TFL/g, 0.02 sacks/g, 0.81 PD/g | Starter - outside corner | listed as CB",,11.0,33.3,20.0,65,84.4,-45.5,390,25,False,,,19,2.7,
Luke Musgrave,TE,Packers,12.7,6.3,20.3,very_high,"2.0 targets/g, 60% catch rate, 5.5 yds/target | full-PPR: every catch worth 1.0 pt (vs 0.5 in Top Teamz)",0.0,11.0,8.0,4.7,33,49.0,-45.8,391,25,False,,,17,4.0,8
Kerby Joseph,DB,Lions,50.2,31.6,71.2,high,"2.3 solo + 0.7 ast tackles/g (4.0 pts/g from tackle volume alone) | 0.10 TFL/g, 0.02 sacks/g, 0.61 PD/g | Starter - single-high safety (if healthy) | listed as S",,6.0,25.1,25.1,67,84.4,-45.8,392,25,False,,,19,2.7,
Mason Taylor,TE,Giants,11.9,6.0,19.0,very_high,"2.0 targets/g, 60% catch rate, 5.5 yds/target | full-PPR: every catch worth 1.0 pt (vs 0.5 in Top Teamz)",0.0,8.0,5.9,5.9,34,49.0,-46.1,393,25,False,,,17,4.0,8
Omar Cooper Jr.,WR,Jets,23.9,11.9,38.2,very_high,"2.1 targets/g, 58% catch rate, 7.0 yds/target | full-PPR: every catch worth 1.0 pt (vs 0.5 in Top Teamz)",0.0,13.0,13.1,10.7,91,60.6,-46.2,394,25,False,,,38,5.5,
Jacoby Brissett,QB,Cardinals,84.5,53.2,119.9,high,"30.9 pass att/g x 6.4 YPA, 2.4% TD rate (1pt/25 pass yds here, double Top Teamz's rate) | 3.0 rush att/g at 3.5 YPC",,14.0,46.3,38.2,29,123.0,-46.3,395,25,False,,,6,13.7,
Brenton Strange,TE,Jaguars,11.5,5.8,18.5,very_high,"2.0 targets/g, 60% catch rate, 5.5 yds/target | full-PPR: every catch worth 1.0 pt (vs 0.5 in Top Teamz)",0.0,7.0,5.7,5.8,35,49.0,-46.4,396,25,True,9.0,137.96,17,4.0,8
Jack Sanborn,LB,Cowboys,63.1,39.7,89.6,high,"2.7 solo + 3.0 ast tackles/g (6.3 pts/g from tackle volume alone) | 0.30 TFL/g, 0.07 sacks/g, 0.16 PD/g | Rotational/injury recovery | listed as ILB",,14.0,35.0,28.0,50,99.4,-46.5,397,25,False,,,20,4.8,
Tyrone Tracy Jr.,RB,Giants,44.3,22.1,71.0,very_high,"6.1 carries/g x 4.23 YPC | 2.5 targets/g as receiver, full-PPR",6.5,8.0,22.6,21.7,46,87.9,-46.6,398,25,True,9.0,128.96,27,3.4,7-11
Xavier Legette,WR,Panthers,23.1,14.6,32.8,high,"3.0 targets/g, 58% catch rate, 6.5 yds/target | full-PPR: every catch worth 1.0 pt (vs 0.5 in Top Teamz)",0.0,5.0,11.6,11.4,93,60.6,-46.6,399,25,False,,,38,5.5,
Elic Ayomanor,WR,Titans,23.7,14.9,33.6,high,"2.9 targets/g, 58% catch rate, 6.5 yds/target | full-PPR: every catch worth 1.0 pt (vs 0.5 in Top Teamz)",0.0,9.0,14.7,9.0,92,60.6,-47.1,400,25,False,,,38,5.5,
Alex Singleton,LB,Broncos,64.2,48.2,82.2,medium,"3.4 solo + 5.1 ast tackles/g (8.9 pts/g from tackle volume alone) | 0.21 TFL/g, 0.11 sacks/g, 0.16 PD/g | Real 2025 season-ending injury on record -- games_proj discounted, not assumed fully recovered to a normal 17-game year. | listed as ILB",,10.0,40.1,24.1,49,99.4,-47.2,401,26,False,,,20,4.8,
Harold Fannin Jr.,TE,Browns,11.5,5.7,18.3,very_high,"2.0 targets/g, 60% catch rate, 5.5 yds/target | full-PPR: every catch worth 1.0 pt (vs 0.5 in Top Teamz)",0.0,11.0,7.2,4.3,36,49.0,-47.2,402,26,True,6.0,82.82,17,4.0,8
Tyler Allgeier,RB,Cardinals,44.6,28.1,63.4,high,"8.1 carries/g x 4.10 YPC | 0.9 targets/g as receiver, full-PPR",9.0,14.0,25.2,19.4,44,87.9,-47.4,403,26,True,10.0,147.86,27,3.4,7-11
Kevin Winston Jr.,DB,Titans,50.2,37.6,64.2,medium,"2.1 solo + 1.3 ast tackles/g (4.1 pts/g from tackle volume alone) | 0.35 TFL/g, 0.07 sacks/g, 0.38 PD/g | Starter - safety (2026) | listed as S",,9.0,31.4,18.8,68,84.4,-48.5,404,26,False,,,20,3.1,
Quinyon Mitchell,DB,Eagles,49.5,37.1,63.4,medium,"2.2 solo + 0.6 ast tackles/g (3.8 pts/g from tackle volume alone) | 0.10 TFL/g, 0.02 sacks/g, 0.81 PD/g | Starter - outside corner | listed as CB",,10.0,30.9,18.6,69,84.4,-49.1,405,26,False,,,20,3.1,
Tyjae Spears,RB,Titans,44.4,27.9,63.0,high,"6.9 carries/g x 3.84 YPC | 2.8 targets/g as receiver, full-PPR",8.0,9.0,28.0,16.4,45,87.9,-49.1,406,26,True,9.0,142.79,27,3.4,7-11
Alvin Kamara,RB,Saints,41.5,20.8,66.4,very_high,"5.9 carries/g x 4.00 YPC | 3.5 targets/g as receiver, full-PPR",6.0,8.0,21.0,20.6,48,87.9,-49.8,407,26,True,9.0,132.3,27,3.4,7-11
Terrance Ferguson,TE,Rams,8.0,4.0,12.9,very_high,"1.5 targets/g, 58% catch rate, 5.5 yds/target | full-PPR: every catch worth 1.0 pt (vs 0.5 in Top Teamz)",0.0,11.0,5.0,3.1,37,49.0,-51.2,408,26,True,8.0,119.27,18,0.0,
Rachaad White,RB,Commanders,40.1,25.3,57.0,high,"5.9 carries/g x 3.90 YPC | 2.5 targets/g as receiver, full-PPR",6.0,7.0,19.9,20.3,49,87.9,-51.4,409,26,True,8.0,118.41,27,3.4,7-11
Elijah Arroyo,TE,Seahawks,7.7,3.9,12.3,very_high,"1.5 targets/g, 58% catch rate, 5.5 yds/target | full-PPR: every catch worth 1.0 pt (vs 0.5 in Top Teamz)",0.0,11.0,4.7,2.9,38,49.0,-51.8,410,26,False,,,18,0.0,
Frankie Luvu,LB,Commanders,57.2,36.0,81.3,high,"2.5 solo + 2.6 ast tackles/g (5.6 pts/g from tackle volume alone) | 0.21 TFL/g, 0.16 sacks/g, 0.34 PD/g | Made Washington's 53-man roster (not cut, despite earlier speculation), but rookie Sonny Styles and Leo Chenal have reportedly pushed him down the depth chart -- likely a backup/rotational role now rather than his prior every-down role. | listed as OLB",,7.0,28.6,28.6,51,99.4,-52.0,411,26,False,,,21,3.0,
Brian Robinson,RB,Falcons,41.8,26.3,59.3,high,"7.7 carries/g x 4.00 YPC | 1.5 targets/g as receiver, full-PPR",8.0,11.0,26.2,15.6,47,87.9,-52.1,412,26,True,10.0,158.15,27,3.4,7-11
Derek Stingley Jr.,DB,Texans,44.6,33.4,57.1,medium,"1.5 solo + 0.6 ast tackles/g (2.7 pts/g from tackle volume alone) | 0.10 TFL/g, 0.02 sacks/g, 0.72 PD/g | Starter - outside corner | listed as CB",,8.0,22.3,22.3,70,84.4,-52.2,413,26,False,,,21,3.0,
Gunnar Helm,TE,Titans,7.0,3.5,11.2,very_high,"1.5 targets/g, 58% catch rate, 5.5 yds/target | full-PPR: every catch worth 1.0 pt (vs 0.5 in Top Teamz)",0.0,9.0,4.4,2.7,39,49.0,-52.4,414,26,False,,,18,0.0,
Aaron Rodgers,QB,Steelers,82.3,51.9,116.9,high,"32.0 pass att/g x 6.9 YPA, 4.0% TD rate (1pt/25 pass yds here, double Top Teamz's rate) | pocket passer, minimal rushing equity",,9.0,52.0,30.3,30,123.0,-52.4,415,26,False,,,6,13.7,
Antonio Williams,WR,Commanders,18.2,9.1,29.2,very_high,"1.8 targets/g, 62% catch rate, 6.5 yds/target | full-PPR: every catch worth 1.0 pt (vs 0.5 in Top Teamz)",0.0,7.0,9.2,9.0,96,60.6,-52.6,416,26,False,,,39,3.0,9-10
Tre Harris,WR,Chargers,17.9,9.0,28.7,very_high,"2.4 targets/g, 58% catch rate, 6.5 yds/target | full-PPR: every catch worth 1.0 pt (vs 0.5 in Top Teamz)",0.0,7.0,8.8,9.2,97,60.6,-52.7,417,27,False,,,39,3.0,9-10
Kyle Williams,WR,Patriots,18.9,9.5,30.3,very_high,"2.5 targets/g, 58% catch rate, 6.0 yds/target | full-PPR: every catch worth 1.0 pt (vs 0.5 in Top Teamz)",0.0,11.0,12.0,7.0,95,60.6,-52.8,418,27,False,,,39,3.0,9-10
Dontayvion Wicks,WR,Eagles,19.1,12.0,27.1,high,"2.5 targets/g, 58% catch rate, 6.5 yds/target | full-PPR: every catch worth 1.0 pt (vs 0.5 in Top Teamz)",0.0,10.0,12.0,7.0,94,60.6,-52.8,419,27,False,,,39,3.0,9-10
Isiah Pacheco,RB,Lions,38.5,24.3,54.7,high,"8.5 carries/g x 4.13 YPC | 1.5 targets/g as receiver, full-PPR",8.0,6.0,19.4,19.1,50,87.9,-53.6,420,27,True,9.0,139.96,27,3.4,7-11
DeMarvion Overshown,LB,Cowboys,56.0,35.3,79.5,high,"2.5 solo + 2.2 ast tackles/g (5.4 pts/g from tackle volume alone) | 0.30 TFL/g, 0.07 sacks/g, 0.16 PD/g | Real 2025 season-ending injury on record, but the same research confirms he's cleared/fully healthy for 2026 -- games_proj uses the real 'high risk' games count instead of the harsher unrecovered discount, since there's no specific 2026 games-missed signal left, just residual uncertainty until proven in game action. [28 combined 2025 tackles found in research notes; solo/assist split estimated at this position's observed 53/47 average since the source didn't report the two separately -- not a fabricated total, just an estimated split.] | listed as ILB",,14.0,31.1,24.9,53,99.4,-55.0,421,27,False,,,22,3.2,
Denzel Ward,DB,Browns,43.9,32.9,56.2,medium,"1.9 solo + 0.7 ast tackles/g (3.4 pts/g from tackle volume alone) | 0.13 TFL/g, 0.02 sacks/g, 0.58 PD/g | Starter - outside corner | listed as CB",,11.0,27.4,16.5,71,84.4,-55.2,422,27,False,,,22,3.6,
Cyrus Allen,WR,Chiefs,15.5,7.8,24.8,very_high,"1.5 targets/g, 60% catch rate, 7.0 yds/target | full-PPR: every catch worth 1.0 pt (vs 0.5 in Top Teamz)",,5.0,7.4,8.1,98,60.6,-55.8,423,27,False,,,40,2.7,
Dre Greenlaw,LB,Broncos,56.6,35.7,80.4,high,"1.9 solo + 3.5 ast tackles/g (5.4 pts/g from tackle volume alone) | 0.21 TFL/g, 0.14 sacks/g, 0.28 PD/g | Starter when healthy, but significant injury risk | listed as OLB",,10.0,35.4,21.2,52,99.4,-56.3,424,27,False,,,22,3.2,
Isaac TeSlaa,WR,Lions,15.1,7.5,24.2,very_high,"2.0 targets/g, 60% catch rate, 6.0 yds/target | full-PPR: every catch worth 1.0 pt (vs 0.5 in Top Teamz)",0.0,6.0,7.6,7.6,99,60.6,-56.3,425,27,False,,,40,2.7,
Denzel Perryman,LB,Chargers,53.6,33.8,76.2,high,"3.0 solo + 1.7 ast tackles/g (5.8 pts/g from tackle volume alone) | 0.21 TFL/g, 0.07 sacks/g, 0.31 PD/g | Expected starter alongside Daiyan Henley in 3-4 defense | listed as MLB",,7.0,26.8,26.8,54,99.4,-56.5,426,27,False,,,22,3.2,
Tua Tagovailoa,QB,Falcons,78.5,49.5,111.4,high,"31.6 pass att/g x 7.2 YPA, 3.6% TD rate (1pt/25 pass yds here, double Top Teamz's rate) | 1.5 rush att/g at 3.0 YPC",,11.0,48.9,29.6,31,123.0,-56.6,427,27,False,,,6,13.7,
Najee Harris,RB,Giants,35.9,22.6,51.0,high,"5.6 carries/g x 3.94 YPC | 1.5 targets/g as receiver, full-PPR",6.0,8.0,18.3,17.6,52,87.9,-57.0,428,27,False,,,28,4.1,10
Jalen Coker,WR,Panthers,14.5,7.3,23.2,very_high,"2.0 targets/g, 58% catch rate, 6.0 yds/target | full-PPR: every catch worth 1.0 pt (vs 0.5 in Top Teamz)",0.0,5.0,7.3,7.2,100,60.6,-57.2,429,27,True,10.0,145.49,40,2.7,
Justice Hill,RB,Ravens,36.4,18.2,58.2,very_high,"3.2 carries/g x 4.03 YPC | 2.2 targets/g as receiver, full-PPR",3.0,13.0,20.9,15.5,51,87.9,-57.6,430,27,True,11.0,166.43,28,4.1,10
Diontae Johnson,WR,Free agent,14.2,7.1,22.7,very_high,"3.0 targets/g, 62% catch rate, 6.0 yds/target | full-PPR: every catch worth 1.0 pt (vs 0.5 in Top Teamz)",0.0,,7.9,6.3,101,60.6,-58.0,431,27,False,,,40,2.7,
Josh Reynolds,WR,Uncertain,13.4,6.8,21.5,very_high,"2.0 targets/g, 58% catch rate, 6.0 yds/target | full-PPR: every catch worth 1.0 pt (vs 0.5 in Top Teamz)",0.0,,7.5,6.0,102,60.6,-58.6,432,27,False,,,40,2.7,
Chidobe Awuzie,DB,Ravens,39.7,29.8,50.7,medium,"1.8 solo + 0.0 ast tackles/g (2.7 pts/g from tackle volume alone) | 0.10 TFL/g, 0.02 sacks/g, 0.49 PD/g | Starter/rotational corner | listed as CB",,13.0,22.0,17.6,72,84.4,-58.8,433,28,False,,,23,1.1,
Marshon Lattimore,DB,Commanders,38.3,19.2,61.3,very_high,"1.8 solo + 1.2 ast tackles/g (3.6 pts/g from tackle volume alone) | 0.18 TFL/g, 0.02 sacks/g, 0.67 PD/g | Unsigned as of Aug 2026 -- games_proj discounted for a landing-spot/ramp-up gap even if he signs before the draft. | listed as CB",,7.0,19.2,19.2,74,84.4,-58.9,434,28,False,,,23,1.1,
Christian Wilkins,DL,Free agent (unsigned),15.5,9.8,22.0,high,"0.0 solo + 0.0 ast tackles/g (0.0 pts/g from tackle volume alone) | 0.35 TFL/g, 0.24 sacks/g, 0.09 PD/g | Unsigned as of Aug 2026 -- games_proj discounted for a landing-spot/ramp-up gap even if he signs before the draft. | listed as DT",,,8.6,6.9,44,65.6,-59.5,435,28,False,,,17,3.7,
Kenneth Murray Jr.,LB,Free agent (unsigned),52.1,32.8,74.0,high,"2.2 solo + 2.5 ast tackles/g (5.2 pts/g from tackle volume alone) | 0.21 TFL/g, 0.10 sacks/g, 0.22 PD/g | Unsigned as of Aug 2026 -- games_proj discounted for a landing-spot/ramp-up gap even if he signs before the draft. | listed as ILB",,,29.0,23.2,55,99.4,-59.7,436,28,False,,,23,2.7,
Kyle Monangai,RB,Bears,35.2,22.2,50.0,high,"6.1 carries/g x 4.60 YPC | 1.6 targets/g as receiver, full-PPR",6.0,10.0,21.9,13.3,53,87.9,-59.8,437,28,True,7.0,103.3,28,4.1,10
Tank Dell,WR,Texans,12.1,6.0,19.4,very_high,"2.0 targets/g, 60% catch rate, 6.0 yds/target | full-PPR: every catch worth 1.0 pt (vs 0.5 in Top Teamz)",0.0,8.0,6.0,6.0,103,60.6,-59.9,438,28,True,9.0,138.99,40,2.7,
Jaylon Johnson,DB,Bears,39.3,24.8,55.8,high,"2.1 solo + 0.3 ast tackles/g (3.4 pts/g from tackle volume alone) | 0.24 TFL/g, 0.02 sacks/g, 0.42 PD/g | Starter - outside corner (if healthy) | listed as CB",,10.0,24.6,14.7,73,84.4,-60.0,439,28,False,,,24,3.0,
Demario Douglas,WR,Patriots,11.8,5.9,18.9,very_high,"2.0 targets/g, 60% catch rate, 5.5 yds/target | full-PPR: every catch worth 1.0 pt (vs 0.5 in Top Teamz)",0.0,11.0,7.5,4.4,104,60.6,-60.5,440,28,False,,,40,2.7,
Demond Claiborne,RB,Vikings,32.1,20.2,45.6,high,"4.5 carries/g x 4.30 YPC | 1.0 targets/g as receiver, full-PPR",4.5,6.0,15.8,16.4,54,87.9,-61.3,441,28,False,,,28,4.1,10
Cody Barton,LB,Titans,51.4,32.4,73.0,high,"2.2 solo + 2.6 ast tackles/g (5.2 pts/g from tackle volume alone) | 0.21 TFL/g, 0.10 sacks/g, 0.16 PD/g | Uncertain -- competition emerging from Cedric Gray | listed as ILB",,9.0,32.2,19.3,56,99.4,-62.4,442,28,False,,,24,4.2,
Trevon Diggs,DB,Seahawks,36.2,22.8,51.4,high,"2.2 solo + 0.8 ast tackles/g (3.9 pts/g from tackle volume alone) | 0.10 TFL/g, 0.02 sacks/g, 0.28 PD/g | Rotational/depth corner | listed as CB",,11.0,22.6,13.6,75,84.4,-63.0,443,28,False,,,25,4.3,
Micah Parsons,DL,Packers,12.8,8.0,18.1,high,"0.0 solo + 0.0 ast tackles/g (0.0 pts/g from tackle volume alone) | 0.35 TFL/g, 0.24 sacks/g, 0.09 PD/g | Real 2025 season-ending injury on record -- games_proj discounted, not assumed fully recovered to a normal 17-game year. | listed as DE",,11.0,8.0,4.8,45,65.6,-63.2,444,28,False,,,18,0.0,
Curtis Samuel,WR,Free agent,9.1,4.6,14.6,very_high,"2.5 targets/g, 60% catch rate, 5.5 yds/target | full-PPR: every catch worth 1.0 pt (vs 0.5 in Top Teamz)",0.0,,5.1,4.0,105,60.6,-63.2,445,28,False,,,41,2.2,
Ivan Pace Jr.,LB,Vikings,47.5,35.6,60.8,medium,"2.0 solo + 1.6 ast tackles/g (4.2 pts/g from tackle volume alone) | 0.21 TFL/g, 0.10 sacks/g, 0.16 PD/g | MLB2/rotational -- Eric Wilson listed ahead at MLB1 on 2026 depth chart | listed as MLB",,6.0,23.8,23.8,57,99.4,-64.0,446,28,False,,,24,4.2,
Devin Singletary,RB,Giants,29.2,18.4,41.4,high,"4.7 carries/g x 3.84 YPC | 2.0 targets/g as receiver, full-PPR",5.0,8.0,14.9,14.3,57,87.9,-65.4,447,28,False,,,29,3.9,9-11
Skyy Moore,WR,Packers,7.3,3.7,11.7,very_high,"1.5 targets/g, 58% catch rate, 5.5 yds/target | full-PPR: every catch worth 1.0 pt (vs 0.5 in Top Teamz)",0.0,11.0,4.6,2.7,106,60.6,-65.4,448,28,False,,,42,6.9,
Keaton Mitchell,RB,Chargers,28.7,18.1,40.8,high,"5.1 carries/g x 4.80 YPC | 1.4 targets/g as receiver, full-PPR",5.0,7.0,14.5,14.2,58,87.9,-65.9,449,29,True,10.0,152.27,29,3.9,9-11
Austin Ekeler,RB,Free agent,29.2,14.6,46.8,very_high,"4.0 carries/g x 3.80 YPC | 3.0 targets/g as receiver, full-PPR",4.0,,16.2,13.0,56,87.9,-66.0,450,29,False,,,29,3.9,9-11
Chris Brooks,RB,Packers,29.8,18.8,42.3,high,"6.4 carries/g x 4.13 YPC | 1.5 targets/g as receiver, full-PPR",6.0,11.0,19.2,10.6,55,87.9,-66.6,451,29,False,,,29,3.9,9-11
Julian Love,DB,Seahawks,32.2,27.4,38.0,low,"1.4 solo + 0.0 ast tackles/g (2.0 pts/g from tackle volume alone) | 0.10 TFL/g, 0.02 sacks/g, 0.45 PD/g | Starter - safety | listed as S",,11.0,20.1,12.1,76,84.4,-67.3,452,29,False,,,26,3.6,
Baron Browning,LB,Cardinals,45.2,33.9,57.9,medium,"1.2 solo + 1.1 ast tackles/g (2.6 pts/g from tackle volume alone) | 0.35 TFL/g, 0.14 sacks/g, 0.19 PD/g | Rotational/situational pass rusher [34 combined 2025 tackles found in research notes; solo/assist split estimated at this position's observed 53/47 average since the source didn't report the two separately -- not a fabricated total, just an estimated split.] | listed as OLB",,14.0,25.1,20.1,58,99.4,-68.2,453,29,False,,,25,14.9,
Deshaun Watson,QB,Browns,67.0,33.5,107.3,very_high,"31.6 pass att/g x 6.5 YPA, 2.9% TD rate (1pt/25 pass yds here, double Top Teamz's rate) | 4.0 rush att/g at 4.0 YPC",,11.0,42.1,25.0,32,123.0,-70.3,454,29,False,,,7,17.6,
Kaleb Johnson,RB,Packers,26.5,16.7,37.7,high,"4.2 carries/g x 4.23 YPC | 1.0 targets/g as receiver, full-PPR",4.0,11.0,17.1,9.4,59,87.9,-70.5,455,29,False,,,30,3.8,
Kaiir Elam,DB,LAC (practice squad),28.2,14.1,45.1,very_high,"1.6 solo + 0.8 ast tackles/g (2.9 pts/g from tackle volume alone) | 0.13 TFL/g, 0.02 sacks/g, 0.35 PD/g | Left Tennessee via free agency (March 2026), signed with the Chiefs, then released by Kansas City at Aug 30 2026 cutdowns; now on the Chargers practice squad, not any active 53-man roster. | listed as CB",,,15.7,12.5,77,84.4,-70.9,456,29,False,,,27,1.8,
Ray Davis,RB,Bills,24.1,15.2,34.2,high,"5.3 carries/g x 4.03 YPC | 1.1 targets/g as receiver, full-PPR",5.0,7.0,11.8,12.3,61,87.9,-71.4,457,29,False,,,30,3.8,
Jonah Coleman,RB,Broncos,24.8,15.6,35.3,high,"4.3 carries/g x 4.40 YPC | 1.0 targets/g as receiver, full-PPR",4.0,10.0,15.5,9.3,60,87.9,-72.2,458,29,True,10.0,157.17,30,3.8,
Jalin Hyatt,WR,Giants (practice squad),1.1,0.6,1.8,very_high,"1.5 targets/g, 58% catch rate, 6.0 yds/target | full-PPR: every catch worth 1.0 pt (vs 0.5 in Top Teamz)",0.0,,0.6,0.5,107,60.6,-72.3,459,29,False,,,43,0.0,
Jaylen Reed,DB,Patriots,27.0,17.0,38.4,high,"1.3 solo + 0.7 ast tackles/g (2.5 pts/g from tackle volume alone) | 0.10 TFL/g, 0.02 sacks/g, 0.28 PD/g | Rotational/depth safety | listed as S",,11.0,16.9,10.1,78,84.4,-72.7,460,29,False,,,28,16.9,
Ricky Pearsall,WR,49ers,0.0,0.0,0.0,very_high,"3.0 targets/g, 60% catch rate, 6.5 yds/target | full-PPR: every catch worth 1.0 pt (vs 0.5 in Top Teamz)",0.0,8.0,0.0,0.0,108,60.6,-73.3,461,29,False,,,43,0.0,
Jaydon Blue,RB,Cowboys,23.2,11.6,37.1,very_high,"4.2 carries/g x 4.03 YPC | 1.6 targets/g as receiver, full-PPR",4.0,14.0,12.9,10.3,62,87.9,-73.4,462,29,False,,,30,3.8,
Zamir White,RB,Raiders,22.7,14.3,32.3,high,"4.5 carries/g x 3.94 YPC | 1.0 targets/g as receiver, full-PPR",5.0,13.0,12.6,10.1,64,87.9,-74.0,463,29,False,,,30,3.8,
Jerome Ford,RB,Browns,22.8,14.4,32.3,high,"4.3 carries/g x 3.65 YPC | 2.0 targets/g as receiver, full-PPR",5.0,11.0,14.3,8.5,63,87.9,-74.6,464,29,False,,,30,3.8,
Dylan Sampson,RB,Browns,21.2,13.4,30.1,high,"4.8 carries/g x 3.84 YPC | 2.5 targets/g as receiver, full-PPR",5.5,11.0,13.3,7.9,65,87.9,-76.6,465,30,True,10.0,153.38,30,3.8,
Jaylen Wright,RB,Dolphins,20.0,12.6,28.4,high,"4.4 carries/g x 3.94 YPC | 1.0 targets/g as receiver, full-PPR",5.0,6.0,9.7,10.3,66,87.9,-76.6,466,30,False,,,30,3.8,
Isaac Guerendo,RB,49ers,18.4,9.2,29.5,very_high,"4.3 carries/g x 4.30 YPC | 1.0 targets/g as receiver, full-PPR",4.0,8.0,9.4,9.0,67,87.9,-78.8,467,30,False,,,30,3.8,
Braelon Allen,RB,Jets,17.3,8.7,27.7,very_high,"3.6 carries/g x 3.94 YPC | 1.0 targets/g as receiver, full-PPR",4.0,13.0,9.5,7.9,68,87.9,-80.4,468,30,True,11.0,161.91,30,3.8,
Gus Edwards,RB,Uncertain,16.4,8.2,26.3,very_high,"4.0 carries/g x 4.10 YPC | 0.5 targets/g as receiver, full-PPR",4.0,,9.1,7.3,69,87.9,-81.6,469,30,False,,,30,3.8,
Mike Washington Jr.,RB,Raiders,16.1,10.1,22.8,high,"3.2 carries/g x 4.33 YPC | 1.0 targets/g as receiver, full-PPR",3.5,13.0,8.9,7.1,70,87.9,-82.2,470,30,True,11.0,162.78,30,3.8,
Kaelon Black,RB,49ers,15.1,7.5,24.2,very_high,"3.2 carries/g x 4.40 YPC | 1.0 targets/g as receiver, full-PPR",3.0,8.0,7.7,7.4,71,87.9,-82.9,471,30,True,11.0,163.92,30,3.8,
Cole Holcomb,LB,Steelers,34.0,21.4,48.3,high,"1.7 solo + 0.9 ast tackles/g (3.3 pts/g from tackle volume alone) | 0.21 TFL/g, 0.07 sacks/g, 0.16 PD/g | Depth/rotational, 3 starts only | listed as ILB",,9.0,21.2,12.8,59,99.4,-83.1,472,30,False,,,26,3.1,
Jihad Ward,LB,Titans,33.6,25.2,43.0,medium,"0.9 solo + 0.9 ast tackles/g (2.0 pts/g from tackle volume alone) | 0.21 TFL/g, 0.22 sacks/g, 0.16 PD/g | Rotational pass rusher -- borderline off-ball LB classification | listed as OLB",,9.0,21.0,12.6,60,99.4,-83.6,473,30,False,,,26,3.1,
Trey Benson,RB,Cardinals,14.5,7.2,23.1,very_high,"3.6 carries/g x 4.00 YPC | 0.9 targets/g as receiver, full-PPR",4.0,14.0,8.2,6.3,72,87.9,-84.0,474,30,False,,,30,3.8,
Jerome Baker,LB,Browns,32.6,20.5,46.2,high,"1.2 solo + 1.2 ast tackles/g (2.6 pts/g from tackle volume alone) | 0.21 TFL/g, 0.12 sacks/g, 0.16 PD/g | Backup/rotational, primarily special teams | listed as OLB",,11.0,20.3,12.2,61,99.4,-84.9,475,30,False,,,26,3.1,
Emmett Johnson,RB,Chiefs,12.1,6.0,19.3,very_high,"3.2 carries/g x 3.93 YPC | 1.1 targets/g as receiver, full-PPR",3.0,5.0,5.8,6.3,77,87.9,-85.0,476,30,False,,,30,3.8,
James Conner,RB,Cardinals,13.3,6.7,21.3,very_high,"4.0 carries/g x 4.00 YPC | 0.9 targets/g as receiver, full-PPR",4.5,14.0,7.5,5.8,73,87.9,-85.2,477,30,True,11.0,166.39,30,3.8,
Ty Chandler,RB,Vikings,12.6,6.3,20.2,very_high,"3.0 carries/g x 4.00 YPC | 1.0 targets/g as receiver, full-PPR",3.0,6.0,6.2,6.4,74,87.9,-85.3,478,30,False,,,30,3.8,
Miles Sanders,RB,Cowboys,12.4,6.2,19.8,very_high,"3.1 carries/g x 3.93 YPC | 1.1 targets/g as receiver, full-PPR",3.0,14.0,6.9,5.5,75,87.9,-85.7,479,30,False,,,30,3.8,
Roschon Johnson,RB,Bears,12.2,6.1,19.6,very_high,"3.1 carries/g x 3.90 YPC | 1.1 targets/g as receiver, full-PPR",3.0,10.0,7.6,4.6,76,87.9,-86.0,480,30,False,,,30,3.8,
Woody Marks,RB,Texans,11.2,5.6,17.9,very_high,"3.1 carries/g x 4.00 YPC | 1.0 targets/g as receiver, full-PPR",3.0,8.0,5.6,5.5,78,87.9,-86.1,481,31,True,9.0,138.97,30,3.8,
Kimani Vidal,RB,Chargers,10.4,5.2,16.7,very_high,"3.1 carries/g x 4.00 YPC | 0.9 targets/g as receiver, full-PPR",3.0,7.0,5.3,5.2,79,87.9,-86.5,482,31,False,,,30,3.8,
Ollie Gordon II,RB,Dolphins,9.8,4.9,15.7,very_high,"2.6 carries/g x 3.84 YPC | 1.0 targets/g as receiver, full-PPR",3.0,6.0,4.8,5.0,80,87.9,-87.0,483,31,False,,,30,3.8,
J.J. McCarthy,QB,Vikings,49.6,24.8,79.4,very_high,"28.0 pass att/g x 6.7 YPA, 3.3% TD rate (1pt/25 pass yds here, double Top Teamz's rate) | 4.0 rush att/g at 4.5 YPC",,6.0,24.8,24.8,33,123.0,-87.9,484,31,False,,,8,20.4,
Oren Burks,LB,Bengals,28.4,17.8,40.2,high,"1.6 solo + 0.0 ast tackles/g (2.5 pts/g from tackle volume alone) | 0.21 TFL/g, 0.07 sacks/g, 0.16 PD/g | Rotational/backup | listed as ILB",,6.0,14.2,14.2,62,99.4,-88.0,485,31,False,,,27,4.5,
A.J. Haulcy,DB,Colts,11.2,8.4,14.4,medium,"0.0 solo + 0.0 ast tackles/g (0.0 pts/g from tackle volume alone) | 0.10 TFL/g, 0.02 sacks/g, 0.28 PD/g | Rookie starter - strong safety | listed as S",,13.0,6.2,5.0,80,84.4,-89.6,486,31,False,,,29,1.4,
Caleb Downs,DB,Cowboys,11.2,8.4,14.4,medium,"0.0 solo + 0.0 ast tackles/g (0.0 pts/g from tackle volume alone) | 0.10 TFL/g, 0.02 sacks/g, 0.28 PD/g | Rookie starter - hybrid safety/slot | listed as S",,14.0,6.2,5.0,79,84.4,-89.9,487,31,False,,,29,1.4,
Hunter Wohler,DB,Colts,9.8,6.2,14.0,high,"0.0 solo + 0.0 ast tackles/g (0.0 pts/g from tackle volume alone) | 0.10 TFL/g, 0.02 sacks/g, 0.28 PD/g | Competing for starting SS job vs. rookie A.J. Haulcy | listed as S",,13.0,5.5,4.4,81,84.4,-90.7,488,31,False,,,29,1.4,
Devin Neal,RB,Saints,6.4,3.2,10.3,very_high,"2.0 carries/g x 3.90 YPC | 1.0 targets/g as receiver, full-PPR",2.0,8.0,3.2,3.2,81,87.9,-90.8,489,31,False,,,31,0.0,
Zonovan Knight,RB,Cardinals,6.2,3.1,9.9,very_high,"1.8 carries/g x 4.00 YPC | 0.5 targets/g as receiver, full-PPR",2.0,14.0,3.5,2.7,82,87.9,-90.9,490,31,False,,,31,0.0,
Julian Blackmon,DB,Saints,8.2,5.2,11.6,high,"0.0 solo + 0.0 ast tackles/g (0.0 pts/g from tackle volume alone) | 0.10 TFL/g, 0.02 sacks/g, 0.28 PD/g | Unsigned as of Aug 2026 -- games_proj discounted for a landing-spot/ramp-up gap even if he signs before the draft. | listed as S",,8.0,4.1,4.1,82,84.4,-92.1,491,31,False,,,30,0.0,
Danny Stutsman,LB,Saints,24.7,18.5,31.6,medium,"1.0 solo + 0.0 ast tackles/g (1.5 pts/g from tackle volume alone) | 0.21 TFL/g, 0.07 sacks/g, 0.16 PD/g | Ascending role player, core special teamer | listed as ILB",,8.0,12.4,12.4,63,99.4,-92.5,492,31,False,,,28,2.5,
Willie Gay Jr.,LB,Dolphins,22.8,14.4,32.4,high,"0.6 solo + 0.6 ast tackles/g (1.3 pts/g from tackle volume alone) | 0.21 TFL/g, 0.13 sacks/g, 0.22 PD/g | Rotational, re-signed 1yr deal for 2026 | listed as OLB",,6.0,11.4,11.4,64,99.4,-95.0,493,31,False,,,29,4.3,
Chris Board,LB,Giants,21.6,13.6,30.6,high,"1.0 solo + 0.0 ast tackles/g (1.5 pts/g from tackle volume alone) | 0.21 TFL/g, 0.07 sacks/g, 0.16 PD/g | Depth/special teams only | listed as ILB",,8.0,10.8,10.8,65,99.4,-96.2,494,31,False,,,29,4.3,
Deion Jones,LB,Saints,17.8,11.2,25.4,high,"0.6 solo + 0.0 ast tackles/g (1.0 pts/g from tackle volume alone) | 0.21 TFL/g, 0.07 sacks/g, 0.16 PD/g | Depth/rotational, journeyman role | listed as MLB",,8.0,8.9,8.9,66,99.4,-100.5,495,31,False,,,30,2.2,
Malcolm Rodriguez,LB,Lions,12.2,7.6,17.2,high,"0.0 solo + 0.0 ast tackles/g (0.0 pts/g from tackle volume alone) | 0.21 TFL/g, 0.07 sacks/g, 0.16 PD/g | Projected 2026 starter at WLB, but coming off ACL recovery | listed as WLB",,6.0,6.1,6.1,78,99.4,-102.7,496,31,False,,,31,0.0,
Smael Mondon Jr.,LB,Eagles,11.1,7.0,15.8,high,"0.0 solo + 0.0 ast tackles/g (0.0 pts/g from tackle volume alone) | 0.21 TFL/g, 0.07 sacks/g, 0.16 PD/g | Depth/rotational | listed as ILB",,10.0,6.9,4.2,82,99.4,-102.8,497,32,False,,,31,0.0,
Josh Ross,LB,MIN (practice squad),12.5,7.9,17.7,high,"0.0 solo + 0.0 ast tackles/g (0.0 pts/g from tackle volume alone) | 0.21 TFL/g, 0.07 sacks/g, 0.16 PD/g | Deep depth/practice squad | listed as ILB",,,6.9,5.6,77,99.4,-102.9,498,32,False,,,31,0.0,
Kamu Grugier-Hill,LB,Vikings,11.1,7.0,15.8,high,"0.0 solo + 0.0 ast tackles/g (0.0 pts/g from tackle volume alone) | 0.21 TFL/g, 0.07 sacks/g, 0.16 PD/g | Depth linebacker/special teams | listed as OLB",,6.0,5.6,5.6,80,99.4,-103.0,499,32,False,,,31,0.0,
Junior Colson,LB,FA,11.6,5.8,18.6,very_high,"0.0 solo + 0.0 ast tackles/g (0.0 pts/g from tackle volume alone) | 0.21 TFL/g, 0.07 sacks/g, 0.16 PD/g | Unsigned as of Aug 2026 -- games_proj discounted for a landing-spot/ramp-up gap even if he signs before the draft. | listed as ILB",,,6.5,5.2,79,99.4,-103.1,500,32,False,,,31,0.0,
Chazz Surratt,LB,Seahawks,11.1,7.0,15.8,high,"0.0 solo + 0.0 ast tackles/g (0.0 pts/g from tackle volume alone) | 0.21 TFL/g, 0.07 sacks/g, 0.16 PD/g | Special teams/depth, re-signed for 2026 | listed as ILB",,11.0,6.9,4.2,81,99.4,-103.2,501,32,False,,,31,0.0,
Troy Andersen,LB,FA,12.5,7.9,17.7,high,"0.0 solo + 0.0 ast tackles/g (0.0 pts/g from tackle volume alone) | 0.21 TFL/g, 0.07 sacks/g, 0.16 PD/g | Released by Atlanta in Aug 2026 after opening camp on PUP again and being deemed not healthy enough to practice -- recurring injury history now cost him the roster spot. | listed as ILB",,,6.9,5.6,76,99.4,-103.4,502,32,False,,,31,0.0,
Anfernee Orji,LB,Uncertain,9.8,5.0,15.8,very_high,"0.0 solo + 0.0 ast tackles/g (0.0 pts/g from tackle volume alone) | 0.21 TFL/g, 0.07 sacks/g, 0.16 PD/g | Tennessee cut ties with him in 2026; some reporting suggests a possible Giants signing (July 2026) but that destination is not independently confirmed. | listed as ILB",,,5.5,4.4,83,99.4,-103.5,503,32,False,,,31,0.0,
Curtis Jacobs,LB,"Out of NFL (DC Defenders, UFL)",12.5,7.9,17.7,high,"0.0 solo + 0.0 ast tackles/g (0.0 pts/g from tackle volume alone) | 0.21 TFL/g, 0.07 sacks/g, 0.16 PD/g | N/A -- off NFL rosters entirely for 2026 | listed as LB",,,6.9,5.6,75,99.4,-103.8,504,32,False,,,31,0.0,
Tanner Muse,LB,Depth/unclear roster status,12.5,7.9,17.7,high,"0.0 solo + 0.0 ast tackles/g (0.0 pts/g from tackle volume alone) | 0.21 TFL/g, 0.07 sacks/g, 0.16 PD/g | Deep depth/special teams, not a defensive factor | listed as LB",,,6.9,5.6,74,99.4,-104.2,505,32,False,,,31,0.0,
Nicholas Morrow,LB,PHI (unclear active status),12.5,7.9,17.7,high,"0.0 solo + 0.0 ast tackles/g (0.0 pts/g from tackle volume alone) | 0.21 TFL/g, 0.07 sacks/g, 0.16 PD/g | Deep depth/special teams only, unclear if rostered | listed as OLB",,,6.9,5.6,73,99.4,-104.6,506,32,False,,,31,0.0,
CJ Allen,LB,Colts,14.3,10.7,18.3,medium,"0.0 solo + 0.0 ast tackles/g (0.0 pts/g from tackle volume alone) | 0.21 TFL/g, 0.07 sacks/g, 0.16 PD/g | Rookie starter/committee -- 2026 2nd-round Colts pick (53rd overall) | listed as LB",,13.0,7.9,6.4,67,99.4,-104.8,507,32,False,,,31,0.0,
De'Vondre Campbell,LB,Unsigned/out of NFL,12.5,7.9,17.7,high,"0.0 solo + 0.0 ast tackles/g (0.0 pts/g from tackle volume alone) | 0.21 TFL/g, 0.07 sacks/g, 0.16 PD/g | N/A -- not on any 2025 or 2026 roster found | listed as OLB",,,6.9,5.6,72,99.4,-105.0,508,32,False,,,31,0.0,
Arvell Reese,LB,Giants,12.7,9.5,16.2,medium,"0.0 solo + 0.0 ast tackles/g (0.0 pts/g from tackle volume alone) | 0.21 TFL/g, 0.07 sacks/g, 0.16 PD/g | Day 1 starter expected (rookie) | listed as LB",,8.0,6.4,6.4,70,99.4,-105.1,509,32,False,,,31,0.0,
Josey Jewell,LB,Free agent (unsigned),12.5,7.9,17.7,high,"0.0 solo + 0.0 ast tackles/g (0.0 pts/g from tackle volume alone) | 0.21 TFL/g, 0.07 sacks/g, 0.16 PD/g | N/A -- did not play 2025, health clearance uncertain | listed as ILB",,,6.9,5.6,71,99.4,-105.4,510,32,False,,,31,0.0,
Sonny Styles,LB,Commanders,12.7,9.5,16.2,medium,"0.0 solo + 0.0 ast tackles/g (0.0 pts/g from tackle volume alone) | 0.21 TFL/g, 0.07 sacks/g, 0.16 PD/g | Day 1 starter expected (rookie) | listed as LB",,7.0,6.4,6.4,69,99.4,-105.5,511,32,False,,,31,0.0,
Jeremiah Trotter Jr.,LB,Eagles,13.7,10.2,17.6,medium,"0.0 solo + 0.0 ast tackles/g (0.0 pts/g from tackle volume alone) | 0.21 TFL/g, 0.09 sacks/g, 0.19 PD/g | Rotational, competing for snaps | listed as ILB",,10.0,8.6,5.1,68,99.4,-105.6,512,32,False,,,31,0.0,
Michael Penix Jr.,QB,Falcons,35.0,17.5,56.0,very_high,"28.6 pass att/g x 7.0 YPA, 3.6% TD rate (1pt/25 pass yds here, double Top Teamz's rate) | 2.0 rush att/g at 3.5 YPC",,11.0,21.8,13.2,34,123.0,-108.3,513,33,False,,,9,18.3,
Anthony Richardson Sr.,QB,Colts,19.1,9.5,30.5,very_high,"18.2 pass att/g x 6.5 YPA, 3.2% TD rate (1pt/25 pass yds here, double Top Teamz's rate) | 7.0 rush att/g at 5.0 YPC",,13.0,10.6,8.5,35,123.0,-126.6,514,33,False,,,10,15.1,
Justin Fields,QB,Chiefs,12.8,6.4,20.6,very_high,"18.5 pass att/g x 6.2 YPA, 3.4% TD rate (1pt/25 pass yds here, double Top Teamz's rate) | 8.0 rush att/g at 5.5 YPC",,5.0,6.2,6.7,36,123.0,-133.6,515,33,False,,,10,15.1,
Fernando Mendoza,QB,Raiders,12.4,6.2,19.9,very_high,"18.5 pass att/g x 6.5 YPA, 2.6% TD rate (1pt/25 pass yds here, double Top Teamz's rate) | 3.0 rush att/g at 4.5 YPC",,13.0,7.0,5.4,37,123.0,-134.8,516,33,False,,,10,15.1,
Russell Wilson,QB,Not on NFL roster (retired to broadcasting),0.0,0.0,0.0,very_high,"22.0 pass att/g x 6.7 YPA, 3.3% TD rate (1pt/25 pass yds here, double Top Teamz's rate) | 1.5 rush att/g at 3.0 YPC",,,0.0,0.0,38,123.0,-149.9,517,33,False,,,11,0.0,
