player_name,position,nfl_team,projected_points,floor,ceiling,risk_tier,explanation,rush_att_pg,bye_week,points_early,points_late,pos_rank,replacement_points,vor,overall_rank,vor_round,market_verified,market_round,market_overall_pick
Ja'Marr Chase,WR,Bengals,179.8,152.8,212.2,low,"10.8 targets/g, 68% catch rate, 9.2 yds/target | full-PPR: every catch worth 1.0 pt (vs 0.5 in Top Teamz)",0.0,6.0,90.8,89.0,1,39.1,177.0,1,1,True,1.0,4.0
CeeDee Lamb,WR,Cowboys,163.2,122.4,208.9,medium,"9.9 targets/g, 68% catch rate, 8.2 yds/target | full-PPR: every catch worth 1.0 pt (vs 0.5 in Top Teamz)",0.0,14.0,89.9,73.3,2,39.1,152.6,2,1,True,1.0,13.5
Justin Jefferson,WR,Vikings,157.0,133.4,185.2,low,"10.0 targets/g, 68% catch rate, 9.0 yds/target | full-PPR: every catch worth 1.0 pt (vs 0.5 in Top Teamz)",0.0,6.0,78.5,78.5,3,39.1,149.0,3,1,True,1.0,12.5
Jahmyr Gibbs,RB,Lions,179.5,152.6,211.9,low,"17.0 carries/g x 5.34 YPC | 5.0 targets/g as receiver, full-PPR",16.0,6.0,90.7,88.9,1,86.4,145.3,4,1,True,1.0,1.0
Puka Nacua,WR,Rams,155.3,116.4,198.7,medium,"10.2 targets/g, 72% catch rate, 8.5 yds/target | full-PPR: every catch worth 1.0 pt (vs 0.5 in Top Teamz)",0.0,11.0,95.7,59.5,4,39.1,137.6,5,1,True,1.0,5.0
Amon-Ra St. Brown,WR,Lions,143.1,121.6,168.8,low,"9.3 targets/g, 75% catch rate, 7.8 yds/target | full-PPR: every catch worth 1.0 pt (vs 0.5 in Top Teamz)",0.0,6.0,71.5,71.5,6,39.1,131.4,6,1,True,1.0,9.0
Christian McCaffrey,RB,49ers,170.4,127.8,218.1,medium,"19.8 carries/g x 3.99 YPC | 6.0 targets/g as receiver, full-PPR",18.3,8.0,86.9,83.4,2,86.4,130.0,7,1,True,1.0,5.8
Jaxon Smith-Njigba,WR,Seahawks,147.0,125.0,173.5,low,"9.3 targets/g, 70% catch rate, 8.5 yds/target | full-PPR: every catch worth 1.0 pt (vs 0.5 in Top Teamz)",0.0,11.0,90.6,56.4,5,39.1,127.9,8,1,True,1.0,6.0
Josh Allen,QB,Bills,218.8,185.9,258.2,low,"35.0 pass att/g x 7.6 YPA, 6.2% TD rate (1pt/25 pass yds here, double Top Teamz's rate) | 8.5 rush att/g at 5.2 YPC",,7.0,105.1,113.7,1,123.0,127.2,9,1,True,2.0,19.0
Jonathan Taylor,RB,Colts,169.6,127.2,217.1,medium,"19.0 carries/g x 4.94 YPC | 2.5 targets/g as receiver, full-PPR",19.0,13.0,92.9,76.8,3,86.4,125.1,10,1,True,1.0,7.5
Brock Bowers,TE,Raiders,124.5,93.4,159.4,medium,"9.3 targets/g, 72% catch rate, 6.5 yds/target | full-PPR: every catch worth 1.0 pt (vs 0.5 in Top Teamz)",0.0,13.0,70.3,54.2,1,28.4,117.2,11,1,True,2.0,27.6
Trey McBride,TE,Cardinals,121.9,91.4,156.1,medium,"8.5 targets/g, 75% catch rate, 6.5 yds/target | full-PPR: every catch worth 1.0 pt (vs 0.5 in Top Teamz)",0.0,14.0,66.8,55.2,2,28.4,115.2,12,1,True,2.0,27.2
A.J. Brown,WR,Patriots,133.8,84.3,190.0,high,"8.8 targets/g, 65% catch rate, 8.5 yds/target | full-PPR: every catch worth 1.0 pt (vs 0.5 in Top Teamz)",0.0,11.0,84.6,49.2,7,39.1,111.1,13,1,False,,
Nico Collins,WR,Texans,126.0,94.4,161.2,medium,"8.9 targets/g, 66% catch rate, 8.8 yds/target | full-PPR: every catch worth 1.0 pt (vs 0.5 in Top Teamz)",0.0,8.0,63.0,63.0,9,39.1,110.2,14,1,False,,
Bijan Robinson,RB,Falcons,162.4,121.8,207.9,medium,"17.3 carries/g x 4.70 YPC | 5.5 targets/g as receiver, full-PPR",18.0,11.0,101.9,60.5,4,86.4,105.6,15,1,True,1.0,2.0
Lamar Jackson,QB,Ravens,207.3,155.5,265.3,medium,"29.1 pass att/g x 7.8 YPA, 6.1% TD rate (1pt/25 pass yds here, double Top Teamz's rate) | 10.0 rush att/g at 5.8 YPC",,13.0,116.2,91.1,2,123.0,104.4,16,1,True,3.0,39.0
Drake London,WR,Falcons,127.1,95.3,162.7,medium,"9.2 targets/g, 63% catch rate, 8.0 yds/target | full-PPR: every catch worth 1.0 pt (vs 0.5 in Top Teamz)",0.0,11.0,79.1,48.0,8,39.1,103.8,17,2,True,2.0,17.0
Garrett Wilson,WR,Jets,121.6,91.2,155.6,medium,"8.8 targets/g, 60% catch rate, 7.0 yds/target | full-PPR: every catch worth 1.0 pt (vs 0.5 in Top Teamz)",0.0,13.0,66.8,54.7,10,39.1,101.6,18,2,False,,
Chase Brown,RB,Bengals,149.3,112.0,191.1,medium,"15.9 carries/g x 4.33 YPC | 5.2 targets/g as receiver, full-PPR",15.0,6.0,72.4,76.9,6,86.4,99.3,19,2,True,1.0,14.5
Marvin Harrison Jr.,WR,Cardinals,118.7,89.1,152.0,medium,"8.5 targets/g, 60% catch rate, 7.8 yds/target | full-PPR: every catch worth 1.0 pt (vs 0.5 in Top Teamz)",0.0,14.0,65.0,53.7,11,39.1,98.2,20,2,False,,
Derrick Henry,RB,Ravens,149.7,112.3,191.6,medium,"16.2 carries/g x 4.94 YPC | 1.5 targets/g as receiver, full-PPR",15.0,13.0,85.8,63.9,5,86.4,91.7,21,2,True,1.0,16.0
Brian Thomas Jr.,WR,Jaguars,110.4,82.8,141.4,medium,"8.0 targets/g, 60% catch rate, 8.5 yds/target | full-PPR: every catch worth 1.0 pt (vs 0.5 in Top Teamz)",0.0,7.0,54.7,55.8,12,39.1,91.1,22,2,False,,
Terry McLaurin,WR,Commanders,109.7,82.3,140.4,medium,"8.1 targets/g, 63% catch rate, 7.8 yds/target | full-PPR: every catch worth 1.0 pt (vs 0.5 in Top Teamz)",0.0,7.0,55.4,54.3,13,39.1,89.6,23,2,False,,
Ladd McConkey,WR,Chargers,108.8,81.6,139.3,medium,"8.0 targets/g, 68% catch rate, 7.8 yds/target | full-PPR: every catch worth 1.0 pt (vs 0.5 in Top Teamz)",0.0,7.0,53.3,55.5,14,39.1,89.2,24,2,False,,
James Cook III,RB,Bills,139.2,118.3,164.2,low,"18.0 carries/g x 4.74 YPC | 2.6 targets/g as receiver, full-PPR",17.0,7.0,68.1,71.0,7,86.4,82.7,25,2,True,1.0,11.0
DK Metcalf,WR,Steelers,108.2,81.1,138.5,medium,"8.0 targets/g, 60% catch rate, 8.2 yds/target | full-PPR: every catch worth 1.0 pt (vs 0.5 in Top Teamz)",0.0,9.0,68.3,39.9,15,39.1,80.8,26,2,False,,
DJ Moore,WR,Bills,100.0,75.0,128.0,medium,"7.7 targets/g, 62% catch rate, 7.5 yds/target | full-PPR: every catch worth 1.0 pt (vs 0.5 in Top Teamz)",0.0,7.0,48.0,52.0,19,39.1,78.7,27,2,False,,
George Pickens,WR,Cowboys,102.3,76.7,131.0,medium,"6.8 targets/g, 58% catch rate, 8.0 yds/target | full-PPR: every catch worth 1.0 pt (vs 0.5 in Top Teamz)",0.0,14.0,56.3,46.0,16,39.1,78.0,28,2,False,,
Tee Higgins,WR,Bengals,99.8,74.8,127.7,medium,"7.2 targets/g, 62% catch rate, 8.2 yds/target | full-PPR: every catch worth 1.0 pt (vs 0.5 in Top Teamz)",0.0,6.0,50.4,49.4,20,39.1,77.2,29,2,False,,
Zay Flowers,WR,Ravens,101.8,76.3,130.3,medium,"7.3 targets/g, 68% catch rate, 7.0 yds/target | full-PPR: every catch worth 1.0 pt (vs 0.5 in Top Teamz)",0.0,13.0,57.1,44.7,17,39.1,76.8,30,2,False,,
Mike Evans,WR,49ers,97.4,73.0,124.6,medium,"7.4 targets/g, 60% catch rate, 8.0 yds/target | full-PPR: every catch worth 1.0 pt (vs 0.5 in Top Teamz)",0.0,8.0,48.7,48.7,21,39.1,74.4,31,2,False,,
Tyler Warren,TE,Colts,88.5,66.4,113.3,medium,"6.6 targets/g, 68% catch rate, 6.0 yds/target | full-PPR: every catch worth 1.0 pt (vs 0.5 in Top Teamz)",0.0,13.0,49.2,39.4,3,28.4,73.8,32,2,True,4.0,55.9
Emeka Egbuka,WR,Buccaneers,101.4,76.0,129.7,medium,"7.5 targets/g, 65% catch rate, 7.5 yds/target | full-PPR: every catch worth 1.0 pt (vs 0.5 in Top Teamz)",0.0,10.0,63.0,38.4,18,39.1,73.3,33,3,False,,
Kyren Williams,RB,Rams,139.1,104.3,178.1,medium,"16.9 carries/g x 4.30 YPC | 2.6 targets/g as receiver, full-PPR",15.0,11.0,86.6,52.5,8,86.4,71.0,34,3,True,3.0,36.0
Myles Garrett,DL,Browns,119.2,101.3,140.6,low,"1.8 solo + 1.7 ast tackles/g (4.0 pts/g from tackle volume alone) | 1.94 TFL/g, 1.35 sacks/g, 0.00 PD/g | Full-time starting edge rusher, no team change [60 combined 2025 tackles found in research notes; solo/assist split estimated at this position's observed 52/48 average since the source didn't report the two separately -- not a fabricated total, just an estimated split.] | listed as DE",,11.0,74.5,44.7,1,58.0,69.8,35,3,False,,
Davante Adams,WR,Rams,95.6,71.7,122.4,medium,"7.1 targets/g, 65% catch rate, 7.2 yds/target | full-PPR: every catch worth 1.0 pt (vs 0.5 in Top Teamz)",0.0,11.0,59.0,36.7,23,39.1,66.8,36,3,False,,
Patrick Mahomes,QB,Chiefs,170.6,145.0,201.3,low,"38.1 pass att/g x 7.2 YPA, 5.1% TD rate (1pt/25 pass yds here, double Top Teamz's rate) | 4.0 rush att/g at 5.5 YPC",,5.0,81.9,88.7,6,123.0,66.6,37,3,False,,
Joe Burrow,QB,Bengals,172.3,129.2,220.5,medium,"39.1 pass att/g x 7.6 YPA, 6.1% TD rate (1pt/25 pass yds here, double Top Teamz's rate) | 2.5 rush att/g at 4.0 YPC",,6.0,87.0,85.3,4,123.0,66.6,38,3,True,4.0,51.0
Jalen Hurts,QB,Eagles,181.2,135.9,231.9,medium,"30.4 pass att/g x 7.0 YPA, 4.4% TD rate (1pt/25 pass yds here, double Top Teamz's rate) | 10.0 rush att/g at 4.0 YPC",,10.0,114.4,66.8,3,123.0,66.2,39,3,True,5.0,67.0
DeVonta Smith,WR,Eagles,95.8,71.9,122.7,medium,"7.3 targets/g, 68% catch rate, 7.0 yds/target | full-PPR: every catch worth 1.0 pt (vs 0.5 in Top Teamz)",0.0,10.0,60.5,35.3,22,39.1,66.1,40,3,False,,
Tetairoa McMillan,WR,Panthers,90.2,67.7,115.5,medium,"7.1 targets/g, 58% catch rate, 7.8 yds/target | full-PPR: every catch worth 1.0 pt (vs 0.5 in Top Teamz)",0.0,5.0,45.6,44.7,26,39.1,65.4,41,3,False,,
Jayden Daniels,QB,Commanders,171.4,128.5,219.4,medium,"32.3 pass att/g x 7.5 YPA, 4.5% TD rate (1pt/25 pass yds here, double Top Teamz's rate) | 8.0 rush att/g at 5.5 YPC",,7.0,86.5,84.8,5,123.0,65.3,42,3,True,4.0,59.0
Rome Odunze,WR,Bears,94.6,71.0,121.2,medium,"7.3 targets/g, 60% catch rate, 7.5 yds/target | full-PPR: every catch worth 1.0 pt (vs 0.5 in Top Teamz)",0.0,10.0,59.2,35.5,24,39.1,65.2,43,3,False,,
Chris Olave,WR,Saints,89.3,67.0,114.3,medium,"7.6 targets/g, 63% catch rate, 7.5 yds/target | full-PPR: every catch worth 1.0 pt (vs 0.5 in Top Teamz)",0.0,8.0,44.2,45.1,27,39.1,64.6,44,3,False,,
Saquon Barkley,RB,Eagles,133.4,100.0,170.7,medium,"18.7 carries/g x 4.10 YPC | 2.5 targets/g as receiver, full-PPR",17.0,10.0,81.5,51.9,10,86.4,63.4,45,3,True,1.0,14.3
Brian Burns,DL,Giants,107.2,91.1,126.5,low,"2.1 solo + 1.9 ast tackles/g (4.5 pts/g from tackle volume alone) | 1.29 TFL/g, 0.97 sacks/g, 0.41 PD/g | Full-time starting edge rusher, entrenched, career year in 2025 [67 combined 2025 tackles found in research notes; solo/assist split estimated at this position's observed 52/48 average since the source didn't report the two separately -- not a fabricated total, just an estimated split.] | listed as DE",,8.0,53.6,53.6,2,58.0,62.2,46,3,False,,
Josh Jacobs,RB,Packers,133.7,84.2,189.8,high,"18.0 carries/g x 4.44 YPC | 2.5 targets/g as receiver, full-PPR",17.0,11.0,86.1,47.5,9,86.4,60.9,47,3,True,3.0,35.9
Sam LaPorta,TE,Lions,75.9,57.0,97.2,medium,"5.9 targets/g, 70% catch rate, 6.0 yds/target | full-PPR: every catch worth 1.0 pt (vs 0.5 in Top Teamz)",0.0,6.0,38.0,38.0,4,28.4,60.6,48,3,False,,
Luther Burden III,WR,Bears,90.4,67.8,115.8,medium,"7.1 targets/g, 68% catch rate, 7.5 yds/target | full-PPR: every catch worth 1.0 pt (vs 0.5 in Top Teamz)",0.0,10.0,56.5,33.9,25,39.1,60.0,49,4,False,,
Maxx Crosby,DL,Raiders,106.8,90.8,126.1,low,"3.0 solo + 0.0 ast tackles/g (4.5 pts/g from tackle volume alone) | 1.87 TFL/g, 0.67 sacks/g, 0.00 PD/g | Full-time starting edge rusher, team focal point on a rebuilding roster | listed as DE",,13.0,59.3,47.5,3,58.0,58.8,50,4,False,,
De'Von Achane,RB,Dolphins,133.1,99.8,170.4,medium,"12.4 carries/g x 4.92 YPC | 5.0 targets/g as receiver, full-PPR",14.0,6.0,64.5,68.6,11,86.4,58.3,51,4,True,1.0,11.4
Xavier Worthy,WR,Chiefs,83.2,62.4,106.6,medium,"6.2 targets/g, 58% catch rate, 8.0 yds/target | full-PPR: every catch worth 1.0 pt (vs 0.5 in Top Teamz)",0.0,5.0,40.0,43.3,30,39.1,57.6,52,4,False,,
Rashee Rice,WR,Chiefs,83.0,52.3,118.0,high,"6.7 targets/g, 65% catch rate, 7.0 yds/target | full-PPR: every catch worth 1.0 pt (vs 0.5 in Top Teamz)",0.0,5.0,39.9,43.2,31,39.1,57.4,53,4,True,2.0,19.0
Jameson Williams,WR,Lions,83.9,62.9,107.4,medium,"5.9 targets/g, 58% catch rate, 8.5 yds/target | full-PPR: every catch worth 1.0 pt (vs 0.5 in Top Teamz)",0.0,6.0,41.9,41.9,28,39.1,57.4,54,4,False,,
Javonte Williams,RB,Cowboys,124.9,93.6,159.8,medium,"15.6 carries/g x 4.03 YPC | 3.2 targets/g as receiver, full-PPR",15.0,14.0,69.5,55.4,12,86.4,54.9,55,4,True,3.0,34.9
Colston Loveland,TE,Bears,75.1,56.3,96.2,medium,"6.2 targets/g, 68% catch rate, 6.5 yds/target | full-PPR: every catch worth 1.0 pt (vs 0.5 in Top Teamz)",0.0,10.0,46.9,28.2,5,28.4,54.8,56,4,False,,
Jordan Addison,WR,Vikings,80.9,60.7,103.6,medium,"6.5 targets/g, 62% catch rate, 7.5 yds/target | full-PPR: every catch worth 1.0 pt (vs 0.5 in Top Teamz)",0.0,6.0,40.5,40.5,32,39.1,54.0,57,4,False,,
Breece Hall,RB,Jets,123.0,92.2,157.4,medium,"13.5 carries/g x 4.03 YPC | 4.0 targets/g as receiver, full-PPR",15.0,13.0,67.3,55.8,13,86.4,52.9,58,4,True,2.0,29.0
Courtland Sutton,WR,Broncos,83.8,62.9,107.3,medium,"6.4 targets/g, 58% catch rate, 7.5 yds/target | full-PPR: every catch worth 1.0 pt (vs 0.5 in Top Teamz)",0.0,10.0,53.5,30.3,29,39.1,51.6,59,4,False,,
Omarion Hampton,RB,Chargers,120.2,90.2,153.9,medium,"17.3 carries/g x 4.40 YPC | 2.8 targets/g as receiver, full-PPR",17.0,7.0,60.7,59.5,15,86.4,51.5,60,4,True,2.0,17.6
Travis Kelce,TE,Chiefs,68.0,42.8,96.6,high,"6.2 targets/g, 68% catch rate, 5.5 yds/target | full-PPR: every catch worth 1.0 pt (vs 0.5 in Top Teamz)",0.0,5.0,32.6,35.4,6,28.4,51.2,61,4,False,,
Jaylen Waddle,WR,Broncos,80.4,60.3,103.0,medium,"6.4 targets/g, 65% catch rate, 7.5 yds/target | full-PPR: every catch worth 1.0 pt (vs 0.5 in Top Teamz)",0.0,10.0,51.4,29.1,33,39.1,47.8,62,4,False,,
Ashton Jeanty,RB,Raiders,120.3,90.2,154.0,medium,"15.3 carries/g x 4.13 YPC | 3.5 targets/g as receiver, full-PPR",17.0,13.0,66.9,53.3,14,86.4,47.7,63,4,True,1.0,12.7
Jordyn Brooks,LB,Dolphins,131.8,112.0,155.4,low,"5.8 solo + 4.9 ast tackles/g (12.4 pts/g from tackle volume alone) | 0.77 TFL/g, 0.21 sacks/g, 0.18 PD/g | Starter, three-down MLB, clear LB1 tier | listed as ILB",,6.0,65.9,65.9,1,95.0,47.6,64,4,False,,
Jeffery Simmons,DL,Titans,99.4,84.6,117.4,low,"2.6 solo + 1.9 ast tackles/g (5.3 pts/g from tackle volume alone) | 1.13 TFL/g, 0.73 sacks/g, 0.20 PD/g | Full-time starting 3-tech/interior rusher, paired with John Franklin-Myers in new defensive scheme | listed as DT",,9.0,62.2,37.3,4,58.0,46.4,65,5,False,,
Mark Andrews,TE,Ravens,66.1,49.6,84.6,medium,"4.8 targets/g, 65% catch rate, 6.5 yds/target | full-PPR: every catch worth 1.0 pt (vs 0.5 in Top Teamz)",0.0,13.0,37.1,29.1,7,28.4,46.3,66,5,False,,
Malik Nabers,WR,Giants,74.9,37.4,119.8,very_high,"8.6 targets/g, 65% catch rate, 8.0 yds/target | full-PPR: every catch worth 1.0 pt (vs 0.5 in Top Teamz)",0.0,8.0,37.4,37.4,34,39.1,46.2,67,5,False,,
T.J. Hockenson,TE,Vikings,63.5,47.6,81.3,medium,"5.5 targets/g, 68% catch rate, 6.0 yds/target | full-PPR: every catch worth 1.0 pt (vs 0.5 in Top Teamz)",0.0,6.0,31.7,31.7,9,28.4,44.8,68,5,False,,
Ed Oliver,DL,Bills,93.0,58.6,132.0,high,"3.3 solo + 0.7 ast tackles/g (5.5 pts/g from tackle volume alone) | 2.33 TFL/g, 1.00 sacks/g, 0.00 PD/g | Real 2025 season-ending injury on record -- games_proj discounted, not assumed fully recovered to a normal 17-game year. | listed as DT",,7.0,46.5,46.5,5,58.0,44.5,69,5,False,,
George Kittle,TE,49ers,62.3,46.7,79.8,medium,"5.4 targets/g, 68% catch rate, 7.0 yds/target | full-PPR: every catch worth 1.0 pt (vs 0.5 in Top Teamz)",0.0,8.0,31.2,31.2,10,28.4,43.6,70,5,False,,
Tucker Kraft,TE,Packers,65.0,48.8,83.2,medium,"5.4 targets/g, 68% catch rate, 6.5 yds/target | full-PPR: every catch worth 1.0 pt (vs 0.5 in Top Teamz)",0.0,11.0,41.0,24.0,8,28.4,42.6,71,5,False,,
Drake Maye,QB,Patriots,159.9,119.9,204.7,medium,"33.3 pass att/g x 7.4 YPA, 4.9% TD rate (1pt/25 pass yds here, double Top Teamz's rate) | 5.0 rush att/g at 4.8 YPC",,11.0,101.1,58.8,7,123.0,40.9,72,5,True,3.0,48.0
Jerry Jeudy,WR,Browns,74.2,46.7,105.4,high,"6.6 targets/g, 60% catch rate, 7.5 yds/target | full-PPR: every catch worth 1.0 pt (vs 0.5 in Top Teamz)",0.0,11.0,46.6,27.6,35,39.1,40.7,73,5,False,,
Bucky Irving,RB,Buccaneers,118.2,88.6,151.2,medium,"15.0 carries/g x 4.70 YPC | 3.5 targets/g as receiver, full-PPR",15.0,10.0,74.3,43.9,16,86.4,39.2,74,5,True,3.0,36.0
Travis Etienne Jr.,RB,Saints,112.2,84.1,143.6,medium,"14.7 carries/g x 4.20 YPC | 3.5 targets/g as receiver, full-PPR",15.0,8.0,56.6,55.5,18,86.4,38.9,75,5,True,3.0,41.9
Will Anderson Jr.,DL,Texans,88.4,75.1,104.2,low,"2.1 solo + 1.1 ast tackles/g (3.9 pts/g from tackle volume alone) | 1.18 TFL/g, 0.71 sacks/g, 0.18 PD/g | Full-time starting edge rusher, signed record 3yr/$150M extension | listed as DE",,8.0,44.2,44.2,6,58.0,38.8,76,5,False,,
Kenneth Walker III,RB,Chiefs,116.7,87.5,149.4,medium,"14.9 carries/g x 4.54 YPC | 3.2 targets/g as receiver, full-PPR",14.0,5.0,56.1,60.6,17,86.4,37.9,77,5,True,2.0,19.5
Josh Downs,WR,Colts,67.7,50.7,86.6,medium,"5.6 targets/g, 68% catch rate, 6.0 yds/target | full-PPR: every catch worth 1.0 pt (vs 0.5 in Top Teamz)",0.0,13.0,37.6,30.1,37,39.1,35.4,78,5,False,,
Michael Pittman Jr.,WR,Steelers,69.4,52.1,88.9,medium,"6.0 targets/g, 63% catch rate, 7.0 yds/target | full-PPR: every catch worth 1.0 pt (vs 0.5 in Top Teamz)",0.0,9.0,43.8,25.6,36,39.1,34.9,79,5,False,,
Jack Campbell,LB,Lions,121.4,103.2,143.2,low,"5.2 solo + 5.1 ast tackles/g (11.7 pts/g from tackle volume alone) | 0.00 TFL/g, 0.29 sacks/g, 0.23 PD/g | Starter (MIKE), three-down, defensive leader | listed as MLB",,6.0,60.7,60.7,2,95.0,34.6,80,5,False,,
Jared Goff,QB,Lions,145.8,123.9,172.0,low,"32.3 pass att/g x 7.6 YPA, 5.9% TD rate (1pt/25 pass yds here, double Top Teamz's rate) | pocket passer, minimal rushing equity",,6.0,72.9,72.9,8,123.0,33.8,81,6,False,,
David Montgomery,RB,Texans,107.4,80.5,137.4,medium,"15.3 carries/g x 4.30 YPC | 2.0 targets/g as receiver, full-PPR",15.0,8.0,54.2,53.1,19,86.4,31.2,82,6,True,2.0,25.0
Khalil Shakir,WR,Bills,62.3,46.7,79.7,medium,"5.1 targets/g, 68% catch rate, 6.5 yds/target | full-PPR: every catch worth 1.0 pt (vs 0.5 in Top Teamz)",0.0,7.0,29.9,32.4,40,39.1,31.2,83,6,False,,
Dak Prescott,QB,Cowboys,144.7,91.1,205.4,high,"37.4 pass att/g x 7.3 YPA, 5.1% TD rate (1pt/25 pass yds here, double Top Teamz's rate) | 2.5 rush att/g at 3.5 YPC",,14.0,79.7,65.0,10,123.0,28.8,84,6,False,,
Blake Cashman,LB,Vikings,116.5,87.4,149.1,medium,"5.9 solo + 5.2 ast tackles/g (12.7 pts/g from tackle volume alone) | 0.31 TFL/g, 0.15 sacks/g, 0.15 PD/g | Starter, three-down when healthy [144 combined 2025 tackles found in research notes; solo/assist split estimated at this position's observed 53/47 average since the source didn't report the two separately -- not a fabricated total, just an estimated split.] | listed as ILB",,6.0,58.2,58.2,5,95.0,28.3,85,6,False,,
Travis Hunter,WR,Jaguars,60.2,38.0,85.5,high,"5.5 targets/g, 62% catch rate, 6.5 yds/target | full-PPR: every catch worth 1.0 pt (vs 0.5 in Top Teamz)",0.0,7.0,29.8,30.4,41,39.1,28.1,86,6,False,,
Chris Godwin Jr.,WR,Buccaneers,63.1,47.3,80.7,medium,"5.5 targets/g, 68% catch rate, 6.5 yds/target | full-PPR: every catch worth 1.0 pt (vs 0.5 in Top Teamz)",0.0,10.0,39.2,23.9,39,39.1,27.8,87,6,False,,
Dallas Goedert,TE,Eagles,52.5,39.4,67.2,medium,"4.9 targets/g, 68% catch rate, 6.0 yds/target | full-PPR: every catch worth 1.0 pt (vs 0.5 in Top Teamz)",0.0,10.0,33.2,19.4,11,28.4,27.8,88,6,False,,
Jayden Reed,WR,Packers,63.3,47.5,81.0,medium,"5.4 targets/g, 62% catch rate, 7.0 yds/target | full-PPR: every catch worth 1.0 pt (vs 0.5 in Top Teamz)",0.0,11.0,40.0,23.3,38,39.1,27.6,89,6,False,,
Deebo Samuel,WR,49ers,59.8,44.9,76.6,medium,"5.0 targets/g, 65% catch rate, 6.5 yds/target | full-PPR: every catch worth 1.0 pt (vs 0.5 in Top Teamz)",1.5,8.0,29.9,29.9,42,39.1,27.4,90,6,False,,
Dalton Kincaid,TE,Bills,49.0,30.9,69.6,high,"4.6 targets/g, 68% catch rate, 5.5 yds/target | full-PPR: every catch worth 1.0 pt (vs 0.5 in Top Teamz)",0.0,7.0,23.5,25.5,13,28.4,27.3,91,6,False,,
David Njoku,TE,Chargers,49.2,36.9,63.0,medium,"4.7 targets/g, 68% catch rate, 6.0 yds/target | full-PPR: every catch worth 1.0 pt (vs 0.5 in Top Teamz)",0.0,7.0,24.1,25.1,12,28.4,27.3,92,6,False,,
Jamien Sherwood,LB,Jets,117.4,99.8,138.6,low,"4.2 solo + 4.9 ast tackles/g (9.9 pts/g from tackle volume alone) | 0.47 TFL/g, 0.12 sacks/g, 0.47 PD/g | Starter, three-down MLB, back-to-back 150+ tackle seasons | listed as MLB",,13.0,65.2,52.2,4,95.0,26.3,93,6,False,,
Tyreek Hill,WR,Free agent,59.7,29.9,95.6,very_high,"6.0 targets/g, 62% catch rate, 8.5 yds/target | full-PPR: every catch worth 1.0 pt (vs 0.5 in Top Teamz)",0.0,,33.2,26.6,43,39.1,25.8,94,6,False,,
Kyle Hamilton,DB,Ravens,108.2,92.0,127.6,low,"3.7 solo + 2.9 ast tackles/g (7.7 pts/g from tackle volume alone) | 0.44 TFL/g, 0.06 sacks/g, 0.38 PD/g | Starter - box/hybrid safety | listed as S",,13.0,60.1,48.1,1,85.0,25.6,95,6,False,,
Brandon Aubrey,K,Cowboys,60.8,51.6,71.7,low,"2.12 FG made/g (0.59 from 40-49, 0.65 from 50+) | 2.77 XP made/g",,14.0,33.8,27.0,1,41.8,25.5,96,6,False,,
Cedric Gray,LB,Titans,118.8,101.0,140.2,low,"6.1 solo + 4.2 ast tackles/g (12.2 pts/g from tackle volume alone) | 0.44 TFL/g, 0.06 sacks/g, 0.25 PD/g | Starter, three-down, paired with Cody Barton | listed as ILB",,9.0,74.3,44.6,3,95.0,24.0,97,7,False,,
Caleb Williams,QB,Bears,145.0,91.4,206.0,high,"35.3 pass att/g x 6.9 YPA, 4.1% TD rate (1pt/25 pass yds here, double Top Teamz's rate) | 5.0 rush att/g at 4.5 YPC",,10.0,90.7,54.4,9,123.0,23.9,98,7,False,,
Ka'imi Fairbairn,K,Texans,57.8,49.2,68.2,low,"2.93 FG made/g (1.07 from 40-49, 0.60 from 50+) | 1.87 XP made/g",,8.0,28.9,28.9,2,41.8,23.5,99,7,False,,
Evan Engram,TE,Broncos,48.6,36.5,62.2,medium,"5.0 targets/g, 65% catch rate, 5.5 yds/target | full-PPR: every catch worth 1.0 pt (vs 0.5 in Top Teamz)",0.0,10.0,31.0,17.6,14,28.4,23.0,100,7,False,,
Aidan Hutchinson,DL,Lions,74.8,63.6,88.2,low,"2.1 solo + 1.1 ast tackles/g (4.0 pts/g from tackle volume alone) | 0.00 TFL/g, 0.85 sacks/g, 0.18 PD/g | Full-time starting edge rusher, entrenched | listed as DE",,6.0,37.4,37.4,8,58.0,21.8,101,7,False,,
Quay Walker,LB,Raiders,112.8,84.6,144.5,medium,"4.1 solo + 5.0 ast tackles/g (10.0 pts/g from tackle volume alone) | 0.57 TFL/g, 0.18 sacks/g, 0.36 PD/g | Starter, new starting MLB for Raiders | listed as ILB",,13.0,62.7,50.2,7,95.0,20.8,102,7,False,,
Christian Watson,WR,Packers,56.8,42.6,72.7,medium,"4.9 targets/g, 58% catch rate, 8.0 yds/target | full-PPR: every catch worth 1.0 pt (vs 0.5 in Top Teamz)",0.0,11.0,35.9,21.0,45,39.1,20.1,103,7,False,,
Matthew Golden,WR,Packers,56.8,35.8,80.7,high,"4.9 targets/g, 60% catch rate, 7.0 yds/target | full-PPR: every catch worth 1.0 pt (vs 0.5 in Top Teamz)",0.0,11.0,35.9,21.0,44,39.1,20.1,104,7,False,,
Montez Sweat,DL,Bears,77.4,65.8,91.2,low,"2.1 solo + 1.0 ast tackles/g (3.9 pts/g from tackle volume alone) | 0.77 TFL/g, 0.59 sacks/g, 0.29 PD/g | Full-time starting edge rusher, entrenched under new coaching staff | listed as DE",,10.0,48.3,29.0,7,58.0,20.0,105,7,False,,
Cooper Kupp,WR,Seahawks,56.4,42.3,72.2,medium,"4.9 targets/g, 68% catch rate, 6.5 yds/target | full-PPR: every catch worth 1.0 pt (vs 0.5 in Top Teamz)",0.0,11.0,34.8,21.6,46,39.1,19.9,106,7,False,,
Carson Schwesinger,LB,Browns,114.4,97.2,135.0,low,"4.2 solo + 5.6 ast tackles/g (10.5 pts/g from tackle volume alone) | 0.69 TFL/g, 0.16 sacks/g, 0.19 PD/g | Entrenched three-down starter | listed as ILB",,11.0,71.5,42.9,6,95.0,18.6,107,7,False,,
Baker Mayfield,QB,Buccaneers,140.4,105.3,179.7,medium,"35.0 pass att/g x 7.2 YPA, 4.6% TD rate (1pt/25 pass yds here, double Top Teamz's rate) | 3.0 rush att/g at 4.0 YPC",,10.0,87.2,53.2,11,123.0,18.6,108,7,False,,
Jason Myers,K,Seahawks,56.5,48.0,66.6,low,"2.41 FG made/g (0.77 from 40-49, 0.53 from 50+) | 2.82 XP made/g",,11.0,35.3,21.2,3,41.8,18.4,109,7,False,,
Rashod Bateman,WR,Ravens,53.7,40.3,68.8,medium,"4.4 targets/g, 62% catch rate, 7.0 yds/target | full-PPR: every catch worth 1.0 pt (vs 0.5 in Top Teamz)",0.0,13.0,30.1,23.6,47,39.1,18.2,110,7,False,,
Hunter Henry,TE,Chargers,41.9,26.4,59.6,high,"4.2 targets/g, 68% catch rate, 5.5 yds/target | full-PPR: every catch worth 1.0 pt (vs 0.5 in Top Teamz)",0.0,7.0,20.5,21.4,15,28.4,18.2,111,7,False,,
Jauan Jennings,WR,Vikings,51.7,38.8,66.1,medium,"4.5 targets/g, 65% catch rate, 6.5 yds/target | full-PPR: every catch worth 1.0 pt (vs 0.5 in Top Teamz)",0.0,6.0,25.8,25.8,48,39.1,17.2,112,7,False,,
Danielle Hunter,DL,Texans,70.8,60.2,83.6,low,"1.7 solo + 1.5 ast tackles/g (3.6 pts/g from tackle volume alone) | 0.00 TFL/g, 0.88 sacks/g, 0.18 PD/g | Full-time starting edge rusher, bookend with Will Anderson Jr. [54 combined 2025 tackles found in research notes; solo/assist split estimated at this position's observed 52/48 average since the source didn't report the two separately -- not a fabricated total, just an estimated split.] | listed as DE",,8.0,35.4,35.4,10,58.0,16.8,113,8,False,,
TreVeyon Henderson,RB,Patriots,106.0,79.5,135.7,medium,"10.4 carries/g x 4.50 YPC | 4.5 targets/g as receiver, full-PPR",10.0,11.0,66.6,39.4,20,86.4,16.6,114,8,False,,
Tremaine Edmunds,LB,Giants,107.0,80.2,136.9,medium,"4.7 solo + 3.9 ast tackles/g (10.0 pts/g from tackle volume alone) | 0.00 TFL/g, 0.08 sacks/g, 0.69 PD/g | Expected starter, but coming off poor late-2025 stretch | listed as MLB",,8.0,53.5,53.5,9,95.0,16.5,115,8,False,,
Bo Nix,QB,Broncos,139.6,104.7,178.7,medium,"33.7 pass att/g x 7.0 YPA, 4.2% TD rate (1pt/25 pass yds here, double Top Teamz's rate) | 4.0 rush att/g at 4.5 YPC",,10.0,89.2,50.5,12,123.0,16.5,116,8,False,,
Byron Young,DL,Rams,73.6,62.6,86.9,low,"2.6 solo + 2.2 ast tackles/g (5.6 pts/g from tackle volume alone) | 0.00 TFL/g, 0.71 sacks/g, 0.00 PD/g | Full-time starting edge rusher, dominant duo with Jared Verse | listed as DE",,11.0,46.0,27.6,9,58.0,15.6,117,8,False,,
Chuba Hubbard,RB,Panthers,97.0,72.7,124.1,medium,"14.7 carries/g x 4.20 YPC | 2.5 targets/g as receiver, full-PPR",15.0,5.0,48.5,48.5,22,86.4,15.3,118,8,False,,
Harrison Mevis,K,Rams,53.8,45.8,63.6,low,"1.33 FG made/g (0.56 from 40-49, 0.11 from 50+) | 4.33 XP made/g",,11.0,33.7,20.2,4,41.8,15.2,119,8,False,,
Roquan Smith,LB,Ravens,108.1,91.9,127.5,low,"5.1 solo + 3.6 ast tackles/g (10.3 pts/g from tackle volume alone) | 0.00 TFL/g, 0.00 sacks/g, 0.00 PD/g | Starter, three-down, team captain | listed as ILB",,13.0,60.0,48.0,8,95.0,14.8,120,8,False,,
Kamari Lassiter,DB,Texans,97.1,82.6,114.6,low,"3.9 solo + 1.8 ast tackles/g (7.2 pts/g from tackle volume alone) | 0.44 TFL/g, 0.00 sacks/g, 1.06 PD/g | Starter - outside corner | listed as CB",,8.0,48.6,48.6,4,85.0,14.8,121,8,False,,
Calvin Ridley,WR,Titans,51.6,32.5,73.3,high,"4.8 targets/g, 60% catch rate, 7.5 yds/target | full-PPR: every catch worth 1.0 pt (vs 0.5 in Top Teamz)",0.0,9.0,32.0,19.5,49,39.1,14.0,122,8,False,,
Cam Little,K,Jaguars,49.5,42.0,58.4,low,"1.76 FG made/g (0.47 from 40-49, 0.47 from 50+) | 2.94 XP made/g",,7.0,24.8,24.8,5,41.8,13.2,123,8,False,,
Marlon Humphrey,DB,Ravens,97.4,82.8,115.0,low,"3.5 solo + 1.0 ast tackles/g (6.0 pts/g from tackle volume alone) | 0.20 TFL/g, 0.07 sacks/g, 0.87 PD/g | Starter - outside corner | listed as CB",,13.0,54.1,43.3,2,85.0,12.4,124,8,False,,
Nick Cross,DB,Colts,97.3,82.7,114.8,low,"4.2 solo + 2.8 ast tackles/g (8.5 pts/g from tackle volume alone) | 0.00 TFL/g, 0.15 sacks/g, 0.29 PD/g | Starter - box safety | listed as S",,13.0,54.1,43.2,3,85.0,12.2,125,8,False,,
Eddy Pineiro,K,49ers,48.0,40.8,56.6,low,"2.00 FG made/g (0.71 from 40-49, 0.43 from 50+) | 2.43 XP made/g",,8.0,24.0,24.0,6,41.8,11.2,126,8,False,,
Justin Madubuike,DL,Ravens,66.9,42.2,95.1,high,"2.5 solo + 1.0 ast tackles/g (4.5 pts/g from tackle volume alone) | 0.00 TFL/g, 1.00 sacks/g, 0.00 PD/g | Real 2025 season-ending injury on record, but the same research confirms he's cleared/fully healthy for 2026 -- games_proj uses the real 'high risk' games count instead of the harsher unrecovered discount, since there's no specific 2026 games-missed signal left, just residual uncertainty until proven in game action. | listed as DT",,13.0,37.2,29.8,12,58.0,10.2,127,8,False,,
Tre'von Moehrig,DB,Panthers,93.0,79.0,109.7,low,"4.1 solo + 2.4 ast tackles/g (7.9 pts/g from tackle volume alone) | 0.88 TFL/g, 0.19 sacks/g, 0.12 PD/g | Starter - box safety | listed as S",,5.0,46.5,46.5,5,85.0,9.6,128,8,False,,
Justin Herbert,QB,Chargers,125.8,107.0,148.5,low,"32.9 pass att/g x 7.3 YPA, 4.6% TD rate (1pt/25 pass yds here, double Top Teamz's rate) | 3.0 rush att/g at 4.0 YPC",,7.0,61.6,64.2,14,123.0,9.5,129,9,False,,
Wan'Dale Robinson,WR,Titans,47.7,35.7,61.0,medium,"4.8 targets/g, 68% catch rate, 6.0 yds/target | full-PPR: every catch worth 1.0 pt (vs 0.5 in Top Teamz)",0.0,9.0,29.6,18.1,50,39.1,9.4,130,9,False,,
D'Andre Swift,RB,Bears,99.2,74.4,127.0,medium,"13.3 carries/g x 4.30 YPC | 3.7 targets/g as receiver, full-PPR",13.0,10.0,61.7,37.6,21,86.4,9.0,131,9,True,4.0,49.5
T.J. Watt,DL,Steelers,67.7,50.8,86.6,medium,"1.6 solo + 2.3 ast tackles/g (4.2 pts/g from tackle volume alone) | 0.00 TFL/g, 0.50 sacks/g, 0.57 PD/g | Expected starting edge rusher again if healthy | listed as DE",,9.0,42.3,25.4,11,58.0,8.6,132,9,False,,
Will Reichard,K,Vikings,45.5,38.6,53.7,low,"1.94 FG made/g (0.41 from 40-49, 0.65 from 50+) | 1.82 XP made/g",,6.0,22.8,22.8,7,41.8,8.2,133,9,False,,
Charlie Smyth,K,Saints,45.4,38.6,53.5,low,"2.00 FG made/g (0.50 from 40-49, 0.67 from 50+) | 2.17 XP made/g",,8.0,22.7,22.7,9,41.8,8.0,134,9,False,,
Ernest Jones IV,LB,Seahawks,105.2,89.4,124.2,low,"4.5 solo + 3.9 ast tackles/g (9.6 pts/g from tackle volume alone) | 0.00 TFL/g, 0.03 sacks/g, 0.47 PD/g | Starter, three-down [126 combined 2025 tackles found in research notes; solo/assist split estimated at this position's observed 53/47 average since the source didn't report the two separately -- not a fabricated total, just an estimated split.] | listed as ILB",,11.0,65.8,39.4,10,95.0,7.7,135,9,False,,
Jordan Battle,DB,Bengals,91.4,77.7,107.8,low,"3.5 solo + 3.8 ast tackles/g (8.2 pts/g from tackle volume alone) | 0.12 TFL/g, 0.00 sacks/g, 0.35 PD/g | Starter - safety | listed as S",,6.0,45.7,45.7,7,85.0,7.6,136,9,False,,
Cameron Dicker,K,Chargers,45.0,38.2,53.1,low,"2.23 FG made/g (0.71 from 40-49, 0.29 from 50+) | 2.00 XP made/g",,7.0,22.5,22.5,10,41.8,7.5,137,9,False,,
Jake Bates,K,Lions,44.5,37.8,52.5,low,"1.59 FG made/g (0.53 from 40-49, 0.23 from 50+) | 3.18 XP made/g",,6.0,22.2,22.2,11,41.8,6.8,138,9,False,,
Matthew Stafford,QB,Rams,130.2,97.7,166.7,medium,"33.6 pass att/g x 7.4 YPA, 5.9% TD rate (1pt/25 pass yds here, double Top Teamz's rate) | pocket passer, minimal rushing equity",,11.0,80.3,49.9,13,123.0,6.8,139,9,False,,
C.J. Stroud,QB,Texans,123.4,92.5,157.9,medium,"34.6 pass att/g x 6.8 YPA, 4.2% TD rate (1pt/25 pass yds here, double Top Teamz's rate) | 3.0 rush att/g at 4.5 YPC",,8.0,61.7,61.7,15,123.0,5.9,140,9,False,,
Marvin Mims Jr.,WR,Broncos,44.8,28.2,63.6,high,"4.0 targets/g, 60% catch rate, 7.5 yds/target | full-PPR: every catch worth 1.0 pt (vs 0.5 in Top Teamz)",0.0,10.0,28.6,16.2,51,39.1,5.6,141,9,False,,
Cade Otton,TE,Buccaneers,33.6,25.1,43.0,medium,"3.5 targets/g, 65% catch rate, 5.5 yds/target | full-PPR: every catch worth 1.0 pt (vs 0.5 in Top Teamz)",0.0,10.0,20.8,12.7,16,28.4,5.4,142,9,False,,
Tyrone Tracy Jr.,RB,Giants,92.0,58.0,130.6,high,"13.2 carries/g x 4.23 YPC | 3.0 targets/g as receiver, full-PPR",14.0,8.0,46.9,45.0,23,86.4,5.3,143,9,False,,
Chris Boswell,K,Steelers,45.5,38.6,53.7,low,"1.59 FG made/g (0.59 from 40-49, 0.53 from 50+) | 2.47 XP made/g",,9.0,28.4,17.1,8,41.8,5.3,144,9,False,,
Pat Freiermuth,TE,Steelers,33.3,24.9,42.6,medium,"3.5 targets/g, 65% catch rate, 5.5 yds/target | full-PPR: every catch worth 1.0 pt (vs 0.5 in Top Teamz)",0.0,9.0,21.0,12.3,17,28.4,5.0,145,10,False,,
Spencer Shrader,K,Colts,43.9,32.9,56.1,medium,"2.60 FG made/g (0.40 from 40-49, 0.20 from 50+) | 2.80 XP made/g",,13.0,24.4,19.5,13,41.8,4.9,146,10,False,,
Nick Bolton,LB,Chiefs,97.6,83.0,115.2,low,"4.3 solo + 4.8 ast tackles/g (10.0 pts/g from tackle volume alone) | 0.00 TFL/g, 0.06 sacks/g, 0.35 PD/g | Starter, three-down | listed as ILB",,5.0,48.8,48.8,13,95.0,4.8,147,10,False,,
Demario Davis,LB,Jets,99.6,74.7,127.5,medium,"4.5 solo + 3.9 ast tackles/g (9.7 pts/g from tackle volume alone) | 0.29 TFL/g, 0.00 sacks/g, 0.12 PD/g | Expected starter/leader for Jets defense [143 combined 2025 tackles found in research notes; solo/assist split estimated at this position's observed 53/47 average since the source didn't report the two separately -- not a fabricated total, just an estimated split.] | listed as MLB",,13.0,55.3,44.3,11,95.0,4.6,148,10,False,,
Budda Baker,DB,Cardinals,90.6,77.0,106.9,low,"3.6 solo + 3.9 ast tackles/g (8.3 pts/g from tackle volume alone) | 0.00 TFL/g, 0.03 sacks/g, 0.31 PD/g | Starter - box safety | listed as S",,14.0,50.3,40.3,8,85.0,4.1,149,10,False,,
Andy Borregales,K,Patriots,44.0,37.4,51.9,low,"1.59 FG made/g (0.41 from 40-49, 0.23 from 50+) | 3.12 XP made/g",,11.0,27.5,16.5,12,41.8,3.5,150,10,False,,
Josh Hines-Allen,DL,Jaguars,59.9,50.9,70.7,low,"1.6 solo + 1.2 ast tackles/g (3.4 pts/g from tackle volume alone) | 0.71 TFL/g, 0.47 sacks/g, 0.18 PD/g | Full-time starting edge rusher, team sack leader | listed as DE",,7.0,30.0,30.0,15,58.0,3.3,151,10,False,,
Cairo Santos,K,Bears,43.6,37.1,51.5,low,"1.67 FG made/g (0.67 from 40-49, 0.27 from 50+) | 2.60 XP made/g",,10.0,27.3,16.4,14,41.8,3.2,152,10,False,,
Brock Purdy,QB,49ers,120.8,90.6,154.6,medium,"30.7 pass att/g x 7.8 YPA, 5.3% TD rate (1pt/25 pass yds here, double Top Teamz's rate) | 2.5 rush att/g at 4.0 YPC",,8.0,60.4,60.4,17,123.0,2.6,153,10,False,,
Jeremy Chinn,DB,Raiders,89.3,66.9,114.2,medium,"4.2 solo + 3.4 ast tackles/g (8.9 pts/g from tackle volume alone) | 0.00 TFL/g, 0.07 sacks/g, 0.13 PD/g | Starter - box/hybrid safety | listed as S",,13.0,49.6,39.7,9,85.0,2.5,154,10,False,,
Derwin James Jr.,DB,Chargers,87.2,74.1,102.8,low,"3.1 solo + 2.8 ast tackles/g (6.8 pts/g from tackle volume alone) | 0.47 TFL/g, 0.12 sacks/g, 0.44 PD/g | Starter - box/blitzing safety | listed as S",,7.0,43.6,43.6,11,85.0,2.4,155,10,False,,
Nick Folk,K,Jets,41.8,35.6,49.4,low,"1.75 FG made/g (0.44 from 40-49, 0.44 from 50+) | 1.38 XP made/g",,13.0,23.2,18.6,16,41.8,2.4,156,10,False,,
Daniel Jones,QB,Colts,123.0,77.5,174.7,high,"30.3 pass att/g x 6.8 YPA, 3.2% TD rate (1pt/25 pass yds here, double Top Teamz's rate) | 6.0 rush att/g at 4.5 YPC",,13.0,68.3,54.7,16,123.0,2.0,157,10,False,,
Kam Curl,DB,Rams,91.4,77.7,107.8,low,"4.6 solo + 2.5 ast tackles/g (8.9 pts/g from tackle volume alone) | 0.00 TFL/g, 0.12 sacks/g, 0.29 PD/g | Starter - box safety | listed as S",,11.0,57.1,34.3,6,85.0,1.9,158,10,False,,
Nik Bonitto,DL,Broncos,61.9,52.6,73.0,low,"1.8 solo + 0.9 ast tackles/g (3.4 pts/g from tackle volume alone) | 0.00 TFL/g, 0.82 sacks/g, 0.06 PD/g | Full-time starting edge rusher, elite pass rusher | listed as DE",,10.0,38.7,23.2,13,58.0,1.8,159,10,False,,
Christian Kirk,WR,Texans,39.1,29.4,50.0,medium,"4.0 targets/g, 65% catch rate, 6.5 yds/target | full-PPR: every catch worth 1.0 pt (vs 0.5 in Top Teamz)",0.0,8.0,19.6,19.6,53,39.1,1.7,160,10,False,,
Chase McLaughlin,K,Buccaneers,42.5,36.1,50.2,low,"1.88 FG made/g (0.35 from 40-49, 0.65 from 50+) | 1.88 XP made/g",,10.0,26.6,15.9,15,41.8,1.7,161,11,False,,
Romeo Doubs,WR,Patriots,41.4,31.0,52.9,medium,"3.9 targets/g, 60% catch rate, 6.5 yds/target | full-PPR: every catch worth 1.0 pt (vs 0.5 in Top Teamz)",0.0,11.0,26.2,15.2,52,39.1,1.7,162,11,False,,
Chig Okonkwo,TE,Titans,30.3,19.1,43.1,high,"3.4 targets/g, 65% catch rate, 6.0 yds/target | full-PPR: every catch worth 1.0 pt (vs 0.5 in Top Teamz)",0.0,9.0,18.8,11.5,18,28.4,1.6,163,11,False,,
Evan McPherson,K,Bengals,40.0,34.0,47.2,low,"1.47 FG made/g (0.59 from 40-49, 0.29 from 50+) | 2.41 XP made/g",,6.0,20.0,20.0,17,41.8,1.3,164,11,False,,
Jordan Davis,DL,Eagles,61.5,52.2,72.6,low,"1.9 solo + 2.1 ast tackles/g (4.4 pts/g from tackle volume alone) | 0.53 TFL/g, 0.27 sacks/g, 0.35 PD/g | Full-time nose tackle, run anchor with growing pass rush | listed as NT",,10.0,38.4,23.1,14,58.0,1.3,165,11,False,,
Juwan Johnson,TE,Saints,28.4,17.9,40.3,high,"3.5 targets/g, 62% catch rate, 5.5 yds/target | full-PPR: every catch worth 1.0 pt (vs 0.5 in Top Teamz)",0.0,8.0,14.1,14.4,19,28.4,1.2,166,11,False,,
Mack Wilson Sr.,LB,Cardinals,96.2,60.6,136.7,high,"5.6 solo + 1.9 ast tackles/g (9.8 pts/g from tackle volume alone) | 0.00 TFL/g, 0.00 sacks/g, 0.62 PD/g | Starter (Mike LB, team captain) when healthy, season cut short by injury | listed as ILB",,14.0,53.5,42.8,14,95.0,0.5,167,11,False,,
Jalen Thompson,DB,Cowboys,87.2,74.1,102.9,low,"3.9 solo + 2.5 ast tackles/g (7.7 pts/g from tackle volume alone) | 0.07 TFL/g, 0.07 sacks/g, 0.40 PD/g | Starter - safety | listed as S",,14.0,48.5,38.8,13,85.0,0.1,168,11,False,,
Tyson Campbell,DB,CLE/JAX,87.1,74.0,102.8,low,"3.2 solo + 1.9 ast tackles/g (6.2 pts/g from tackle volume alone) | 0.00 TFL/g, 0.00 sacks/g, 1.06 PD/g | Starter - outside corner | listed as CB",,,48.4,38.7,14,85.0,-0.2,169,11,False,,
Dane Belton,DB,Giants,85.0,72.2,100.3,low,"3.5 solo + 3.5 ast tackles/g (7.9 pts/g from tackle volume alone) | 0.00 TFL/g, 0.12 sacks/g, 0.29 PD/g | Starter - box safety | listed as S",,8.0,42.5,42.5,16,85.0,-0.4,170,11,False,,
Germaine Pratt,LB,Colts,95.5,71.6,122.2,medium,"4.2 solo + 3.7 ast tackles/g (9.0 pts/g from tackle volume alone) | 0.00 TFL/g, 0.00 sacks/g, 0.38 PD/g | Starter, reunited with DC in Indianapolis | listed as ILB",,13.0,53.0,42.4,15,95.0,-0.6,171,11,False,,
Tykee Smith,DB,Buccaneers,89.1,75.8,105.2,low,"3.8 solo + 2.4 ast tackles/g (7.5 pts/g from tackle volume alone) | 0.00 TFL/g, 0.12 sacks/g, 0.81 PD/g | Starter - deep safety | listed as S",,10.0,55.7,33.4,10,85.0,-0.8,172,11,False,,
DeForest Buckner,DL,Colts,58.0,36.6,82.4,high,"3.0 solo + 1.7 ast tackles/g (5.8 pts/g from tackle volume alone) | 0.00 TFL/g, 0.40 sacks/g, 0.00 PD/g | Real 2025 season-ending injury on record, but the same research confirms he's cleared/fully healthy for 2026 -- games_proj uses the real 'high risk' games count instead of the harsher unrecovered discount, since there's no specific 2026 games-missed signal left, just residual uncertainty until proven in game action. | listed as DT",,13.0,32.2,25.8,16,58.0,-0.8,173,11,False,,
Zack Baun,LB,Eagles,97.9,83.2,115.5,low,"4.0 solo + 3.7 ast tackles/g (8.8 pts/g from tackle volume alone) | 0.00 TFL/g, 0.22 sacks/g, 0.44 PD/g | Starter, three-down, elite coverage LB | listed as ILB",,10.0,61.2,36.7,12,95.0,-0.9,174,11,False,,
Zach Sieler,DL,Dolphins,56.6,48.0,66.8,low,"1.7 solo + 1.1 ast tackles/g (3.4 pts/g from tackle volume alone) | 0.71 TFL/g, 0.32 sacks/g, 0.12 PD/g | Team captain, full-time starting interior DL/run anchor | listed as DT",,6.0,28.3,28.3,18,58.0,-1.0,175,11,False,,
Matt Prater,K,Bills,38.0,32.3,44.8,low,"1.20 FG made/g (0.40 from 40-49, 0.07 from 50+) | 3.07 XP made/g",,7.0,19.0,19.0,19,41.8,-1.2,176,11,False,,
Bhayshul Tuten,RB,Jaguars,85.8,54.0,121.8,high,"14.0 carries/g x 4.20 YPC | 2.5 targets/g as receiver, full-PPR",14.0,7.0,42.0,43.8,25,86.4,-1.4,177,12,False,,
Cole Kmet,TE,Bears,27.4,17.3,39.0,high,"3.1 targets/g, 62% catch rate, 5.5 yds/target | full-PPR: every catch worth 1.0 pt (vs 0.5 in Top Teamz)",0.0,10.0,17.2,10.3,20,28.4,-1.8,178,12,False,,
Trevor Lawrence,QB,Jaguars,116.9,87.7,149.6,medium,"34.0 pass att/g x 6.9 YPA, 3.9% TD rate (1pt/25 pass yds here, double Top Teamz's rate) | 3.0 rush att/g at 4.0 YPC",,7.0,57.8,59.0,21,123.0,-2.1,179,12,False,,
Harrison Butker,K,Chiefs,37.0,31.4,43.6,low,"1.94 FG made/g (0.53 from 40-49, 0.29 from 50+) | 1.82 XP made/g",,5.0,18.5,18.5,21,41.8,-2.5,180,12,False,,
Zane Gonzalez,K,Falcons,39.0,29.2,49.9,medium,"2.11 FG made/g (0.89 from 40-49, 0.78 from 50+) | 1.89 XP made/g",,11.0,24.4,14.6,18,41.8,-2.5,181,12,False,,
Foyesade Oluokun,LB,Jaguars,91.6,77.8,108.1,low,"4.5 solo + 3.9 ast tackles/g (9.7 pts/g from tackle volume alone) | 0.00 TFL/g, 0.06 sacks/g, 0.00 PD/g | Starter, three-down, iron man [143 combined 2025 tackles found in research notes; solo/assist split estimated at this position's observed 53/47 average since the source didn't report the two separately -- not a fabricated total, just an estimated split.] | listed as MLB",,7.0,45.8,45.8,19,95.0,-2.7,182,12,False,,
Adonai Mitchell,WR,Jets,36.4,22.9,51.7,high,"3.6 targets/g, 58% catch rate, 7.0 yds/target | full-PPR: every catch worth 1.0 pt (vs 0.5 in Top Teamz)",0.0,13.0,20.0,16.4,55,39.1,-2.7,183,12,False,,
Kevin Byard III,DB,Patriots,87.2,74.2,103.0,low,"3.6 solo + 1.9 ast tackles/g (6.8 pts/g from tackle volume alone) | 0.23 TFL/g, 0.00 sacks/g, 0.47 PD/g | Starter - free safety | listed as S",,11.0,54.5,32.7,12,85.0,-3.1,184,12,False,,
Camryn Bynum,DB,Colts,84.5,71.9,99.8,low,"2.9 solo + 1.8 ast tackles/g (5.8 pts/g from tackle volume alone) | 0.18 TFL/g, 0.06 sacks/g, 0.47 PD/g | Starter - safety | listed as S",,13.0,47.0,37.6,18,85.0,-3.2,185,12,False,,
Bobby Wagner,LB,Free agent (unsigned),93.3,58.8,132.4,high,"4.6 solo + 4.9 ast tackles/g (10.6 pts/g from tackle volume alone) | 0.00 TFL/g, 0.27 sacks/g, 0.23 PD/g | Unsigned as of Aug 2026 -- games_proj discounted for a landing-spot/ramp-up gap even if he signs before the draft. | listed as MLB",,,51.8,41.4,17,95.0,-3.3,186,12,False,,
Rashid Shaheed,WR,Seahawks,36.8,23.2,52.3,high,"3.4 targets/g, 62% catch rate, 7.5 yds/target | full-PPR: every catch worth 1.0 pt (vs 0.5 in Top Teamz)",0.0,11.0,22.7,14.1,54,39.1,-3.4,187,12,False,,
Quinnen Williams,DL,Cowboys,55.6,47.3,65.6,low,"1.7 solo + 1.8 ast tackles/g (3.9 pts/g from tackle volume alone) | 0.20 TFL/g, 0.17 sacks/g, 0.00 PD/g | Full-time starter, anchors Cowboys DL alongside Kenny Clark | listed as DT",,14.0,30.9,24.7,19,58.0,-3.8,188,12,False,,
Joey Slye,K,Titans,37.7,32.0,44.5,low,"1.75 FG made/g (0.44 from 40-49, 0.56 from 50+) | 1.62 XP made/g",,9.0,23.6,14.1,20,41.8,-4.0,189,12,False,,
Jared Verse,DL,Rams,56.8,48.3,67.1,low,"2.1 solo + 1.4 ast tackles/g (4.1 pts/g from tackle volume alone) | 0.00 TFL/g, 0.44 sacks/g, 0.06 PD/g | Full-time starting edge rusher, dominant duo with Byron Young | listed as DE",,11.0,35.5,21.3,17,58.0,-4.3,190,12,False,,
Nate Landman,LB,Rams,95.0,80.8,112.1,low,"3.8 solo + 4.0 ast tackles/g (8.6 pts/g from tackle volume alone) | 0.00 TFL/g, 0.15 sacks/g, 0.35 PD/g | Starter, leading tackler for Rams | listed as ILB",,11.0,59.4,35.6,16,95.0,-4.4,191,12,False,,
DaRon Bland,DB,Cowboys,83.6,62.7,107.0,medium,"3.8 solo + 2.3 ast tackles/g (7.4 pts/g from tackle volume alone) | 0.25 TFL/g, 0.00 sacks/g, 0.50 PD/g | Starter - outside corner | listed as CB",,14.0,46.4,37.2,20,85.0,-4.4,192,12,False,,
Geno Smith,QB,Jets,117.4,88.1,150.3,medium,"34.0 pass att/g x 6.8 YPA, 3.0% TD rate (1pt/25 pass yds here, double Top Teamz's rate) | 2.0 rush att/g at 3.5 YPC",,13.0,64.5,52.9,19,123.0,-4.6,193,13,False,,
Wil Lutz,K,Broncos,37.0,31.4,43.6,low,"1.65 FG made/g (0.18 from 40-49, 0.23 from 50+) | 2.29 XP made/g",,10.0,23.1,13.9,22,41.8,-4.8,194,13,False,,
Isaiah Likely,TE,Ravens,23.9,15.1,33.9,high,"2.4 targets/g, 65% catch rate, 6.0 yds/target | full-PPR: every catch worth 1.0 pt (vs 0.5 in Top Teamz)",0.0,13.0,13.4,10.5,21,28.4,-5.3,195,13,False,,
Quentin Lake,DB,Rams,85.2,63.9,109.0,medium,"3.7 solo + 2.4 ast tackles/g (7.4 pts/g from tackle volume alone) | 0.00 TFL/g, 0.10 sacks/g, 1.00 PD/g | Starter, injury-shortened season but healthy for playoffs/2026 | listed as S",,11.0,53.2,32.0,15,85.0,-5.5,196,13,False,,
Ben Sauls,K,Giants,34.6,26.0,44.4,medium,"2.67 FG made/g (0.33 from 40-49, 0.00 from 50+) | 2.33 XP made/g",,8.0,17.3,17.3,24,41.8,-5.5,197,13,False,,
Tyrel Dodson,LB,Dolphins,89.1,75.8,105.2,low,"4.5 solo + 3.6 ast tackles/g (9.4 pts/g from tackle volume alone) | 0.00 TFL/g, 0.00 sacks/g, 0.19 PD/g | Starter, three-down | listed as ILB",,6.0,44.6,44.6,21,95.0,-5.7,198,13,False,,
Cooper DeJean,DB,Eagles,84.8,72.1,100.1,low,"4.0 solo + 1.8 ast tackles/g (7.4 pts/g from tackle volume alone) | 0.00 TFL/g, 0.00 sacks/g, 1.00 PD/g | Starter - slot/outside corner | listed as CB",,10.0,53.0,31.8,17,85.0,-6.0,199,13,False,,
Darnell Mooney,WR,Giants,32.9,20.8,46.8,high,"3.5 targets/g, 60% catch rate, 6.5 yds/target | full-PPR: every catch worth 1.0 pt (vs 0.5 in Top Teamz)",0.0,8.0,16.5,16.5,57,39.1,-6.0,200,13,False,,
Graham Gano,K,Giants,34.0,28.9,40.1,low,"1.80 FG made/g (0.20 from 40-49, 0.20 from 50+) | 1.80 XP made/g",,8.0,17.0,17.0,26,41.8,-6.2,201,13,False,,
J.K. Dobbins,RB,Broncos,86.4,54.4,122.7,high,"15.1 carries/g x 4.61 YPC | 2.0 targets/g as receiver, full-PPR",14.0,10.0,54.0,32.4,24,86.4,-6.5,202,13,False,,
Bobby Okereke,LB,Free agent (unsigned),90.6,57.0,128.6,high,"6.1 solo + 2.4 ast tackles/g (10.9 pts/g from tackle volume alone) | 0.00 TFL/g, 0.06 sacks/g, 0.35 PD/g | Unsigned as of Aug 2026 -- games_proj discounted for a landing-spot/ramp-up gap even if he signs before the draft. | listed as ILB",,,50.3,40.2,20,95.0,-6.6,203,13,False,,
Brandon McManus,K,Packers,35.2,29.9,41.6,low,"1.71 FG made/g (0.21 from 40-49, 0.21 from 50+) | 2.29 XP made/g",,11.0,22.0,13.2,23,41.8,-7.0,204,13,False,,
Leonard Williams,DL,Seahawks,54.5,46.3,64.3,low,"2.2 solo + 1.5 ast tackles/g (4.4 pts/g from tackle volume alone) | 0.00 TFL/g, 0.41 sacks/g, 0.06 PD/g | Every-down starting interior/edge lineman; ESPN's No. 1 ranked DT entering 2026 | listed as DE",,11.0,34.1,20.4,20,58.0,-7.0,205,13,False,,
Marquise Brown,WR,Eagles,33.9,21.3,48.1,high,"3.4 targets/g, 60% catch rate, 7.0 yds/target | full-PPR: every catch worth 1.0 pt (vs 0.5 in Top Teamz)",0.0,10.0,21.4,12.5,56,39.1,-7.2,206,13,False,,
Talanoa Hufanga,DB,Broncos,83.8,71.2,99.0,low,"3.9 solo + 2.3 ast tackles/g (7.6 pts/g from tackle volume alone) | 0.00 TFL/g, 0.18 sacks/g, 0.65 PD/g | Starter - box/blitzing safety | listed as S",,10.0,52.4,31.4,19,85.0,-7.2,207,13,False,,
Chamarri Conner,DB,Chiefs,79.6,59.6,101.8,medium,"4.4 solo + 2.5 ast tackles/g (8.5 pts/g from tackle volume alone) | 0.00 TFL/g, 0.12 sacks/g, 0.12 PD/g | Starter - strong safety | listed as S",,5.0,39.8,39.8,23,85.0,-7.2,208,13,False,,
Tyler Loop,K,Ravens,33.6,25.2,43.0,medium,"1.76 FG made/g (0.47 from 40-49, 0.06 from 50+) | 2.59 XP made/g",,13.0,18.7,14.9,27,41.8,-7.7,209,14,False,,
Robert Spillane,LB,Patriots,92.0,69.0,117.8,medium,"5.0 solo + 2.5 ast tackles/g (9.3 pts/g from tackle volume alone) | 0.00 TFL/g, 0.08 sacks/g, 0.39 PD/g | Starter, three-down, defensive signal-caller (green dot) | listed as ILB",,11.0,57.5,34.5,18,95.0,-8.0,210,14,False,,
Jalen Pitre,DB,Texans,78.7,59.0,100.8,medium,"3.1 solo + 2.2 ast tackles/g (6.3 pts/g from tackle volume alone) | 0.21 TFL/g, 0.00 sacks/g, 0.86 PD/g | Starter - box/slot safety | listed as S",,8.0,39.4,39.4,26,85.0,-8.1,211,14,False,,
Jake Elliott,K,Eagles,34.0,28.9,40.1,low,"1.18 FG made/g (0.41 from 40-49, 0.23 from 50+) | 2.41 XP made/g",,10.0,21.2,12.8,25,41.8,-8.4,212,14,False,,
Nate Wiggins,DB,Ravens,80.3,68.2,94.7,low,"3.4 solo + 1.1 ast tackles/g (5.9 pts/g from tackle volume alone) | 0.00 TFL/g, 0.00 sacks/g, 0.82 PD/g | Starter - outside corner | listed as CB",,13.0,44.6,35.7,22,85.0,-8.5,213,14,False,,
Xavier Watts,DB,Falcons,82.6,70.2,97.4,low,"3.5 solo + 2.2 ast tackles/g (6.8 pts/g from tackle volume alone) | 0.00 TFL/g, 0.00 sacks/g, 0.65 PD/g | Starter - safety | listed as S",,11.0,51.6,31.0,21,85.0,-8.6,214,14,False,,
Paulson Adebo,DB,Giants,78.5,58.9,100.5,medium,"4.7 solo + 1.4 ast tackles/g (8.1 pts/g from tackle volume alone) | 0.00 TFL/g, 0.00 sacks/g, 0.67 PD/g | Starter - outside corner | listed as CB",,8.0,39.2,39.2,27,85.0,-8.6,215,14,False,,
Fred Warner,LB,49ers,86.9,54.8,123.4,high,"4.7 solo + 3.7 ast tackles/g (9.8 pts/g from tackle volume alone) | 0.00 TFL/g, 0.00 sacks/g, 0.50 PD/g | Real 2025 season-ending injury on record, but the same research confirms he's cleared/fully healthy for 2026 -- games_proj uses the real 'high risk' games count instead of the harsher unrecovered discount, since there's no specific 2026 games-missed signal left, just residual uncertainty until proven in game action. | listed as MLB",,8.0,43.4,43.4,23,95.0,-8.7,216,14,False,,
Michael Badgley,K,Bills,32.1,27.3,37.9,low,"1.22 FG made/g (0.56 from 40-49, 0.22 from 50+) | 2.22 XP made/g",,7.0,16.0,16.0,28,41.8,-8.8,217,14,False,,
Sam Darnold,QB,Seahawks,117.1,87.9,149.9,medium,"31.4 pass att/g x 7.1 YPA, 4.7% TD rate (1pt/25 pass yds here, double Top Teamz's rate) | 2.0 rush att/g at 3.5 YPC",,11.0,72.2,44.9,20,123.0,-8.8,218,14,False,,
Eric Wilson,LB,Vikings,86.6,73.6,102.2,low,"3.5 solo + 3.2 ast tackles/g (7.7 pts/g from tackle volume alone) | 0.00 TFL/g, 0.38 sacks/g, 0.00 PD/g | Starter, three-down alongside Blake Cashman | listed as ILB",,6.0,43.3,43.3,24,95.0,-9.0,219,14,False,,
Nick Bosa,DL,49ers,50.2,31.6,71.3,high,"3.0 solo + 0.0 ast tackles/g (4.5 pts/g from tackle volume alone) | 0.00 TFL/g, 0.67 sacks/g, 0.00 PD/g | Real 2025 season-ending injury on record, but the same research confirms he's cleared/fully healthy for 2026 -- games_proj uses the real 'high risk' games count instead of the harsher unrecovered discount, since there's no specific 2026 games-missed signal left, just residual uncertainty until proven in game action. | listed as DE",,8.0,25.1,25.1,23,58.0,-9.0,220,14,False,,
Jaylen Warren,RB,Steelers,84.5,63.4,108.2,medium,"12.0 carries/g x 4.30 YPC | 3.0 targets/g as receiver, full-PPR",12.0,9.0,53.3,31.2,26,86.4,-9.0,221,14,False,,
Jacory Croskey-Merritt,RB,Commanders,79.9,50.3,113.4,high,"12.7 carries/g x 4.10 YPC | 2.5 targets/g as receiver, full-PPR",13.0,7.0,39.6,40.3,27,86.4,-9.0,222,14,False,,
Jordan Love,QB,Packers,117.5,88.1,150.3,medium,"32.3 pass att/g x 7.2 YPA, 4.9% TD rate (1pt/25 pass yds here, double Top Teamz's rate) | 3.0 rush att/g at 4.0 YPC",,11.0,74.2,43.3,18,123.0,-9.2,223,14,False,,
Kool-Aid McKinstry,DB,Saints,78.1,66.4,92.2,low,"3.5 solo + 1.0 ast tackles/g (6.0 pts/g from tackle volume alone) | 0.18 TFL/g, 0.00 sacks/g, 1.00 PD/g | Starter - outside corner | listed as CB",,8.0,39.0,39.0,28,85.0,-9.2,224,14,False,,
Keenan Allen,WR,Free agent,31.2,15.6,49.8,very_high,"4.5 targets/g, 68% catch rate, 6.5 yds/target | full-PPR: every catch worth 1.0 pt (vs 0.5 in Top Teamz)",0.0,,17.3,13.8,58,39.1,-9.3,225,15,False,,
Dee Winters,LB,Cowboys,88.3,75.0,104.2,low,"3.9 solo + 2.0 ast tackles/g (7.4 pts/g from tackle volume alone) | 0.47 TFL/g, 0.00 sacks/g, 0.29 PD/g | Starter, traded from SF to Dallas in 2026 NFL Draft (Day 2 trade) | listed as ILB",,14.0,49.1,39.2,22,95.0,-9.3,226,15,False,,
Minkah Fitzpatrick,DB,Dolphins,77.0,57.7,98.5,medium,"4.2 solo + 1.6 ast tackles/g (7.6 pts/g from tackle volume alone) | 0.00 TFL/g, 0.07 sacks/g, 0.43 PD/g | Starter - free safety | listed as S",,6.0,38.5,38.5,30,85.0,-10.4,227,15,False,,
Mike Jackson,DB,Panthers,76.8,65.2,90.6,low,"3.2 solo + 0.8 ast tackles/g (5.4 pts/g from tackle volume alone) | 0.00 TFL/g, 0.00 sacks/g, 1.12 PD/g | Starter - outside corner | listed as CB",,5.0,38.4,38.4,32,85.0,-10.6,228,15,False,,
Chad Ryland,K,Cardinals,31.0,23.2,39.7,medium,"1.47 FG made/g (0.41 from 40-49, 0.35 from 50+) | 2.12 XP made/g",,14.0,17.2,13.8,29,41.8,-10.8,229,15,False,,
Rashan Gary,DL,Packers,51.2,38.4,65.6,medium,"1.6 solo + 1.2 ast tackles/g (3.3 pts/g from tackle volume alone) | 0.44 TFL/g, 0.47 sacks/g, 0.00 PD/g | Uncertain -- reported a farewell message to the Packers organization, 2026 team destination not clearly confirmed in research | listed as DE",,11.0,32.0,19.2,21,58.0,-11.0,230,15,False,,
Geno Stone,DB,Bengals,76.4,65.0,90.2,low,"3.8 solo + 2.3 ast tackles/g (7.5 pts/g from tackle volume alone) | 0.00 TFL/g, 0.12 sacks/g, 0.23 PD/g | Starter - single-high/box hybrid | listed as S",,6.0,38.2,38.2,33,85.0,-11.2,231,15,False,,
Zach Ertz,TE,Free agent,19.0,9.5,30.4,very_high,"3.0 targets/g, 68% catch rate, 5.5 yds/target | full-PPR: every catch worth 1.0 pt (vs 0.5 in Top Teamz)",0.0,,10.6,8.4,22,28.4,-11.2,232,15,False,,
Byron Murphy II,DL,Seahawks,50.5,42.9,59.6,low,"1.3 solo + 1.9 ast tackles/g (3.4 pts/g from tackle volume alone) | 0.41 TFL/g, 0.41 sacks/g, 0.00 PD/g | Emerging full-time 3-tech pass rusher; PFF All-Breakout Team | listed as DT",,11.0,31.6,18.9,22,58.0,-11.8,233,15,False,,
Bradley Chubb,DL,Free agent (unsigned),48.7,30.7,69.2,high,"1.4 solo + 1.4 ast tackles/g (3.1 pts/g from tackle volume alone) | 0.47 TFL/g, 0.50 sacks/g, 0.00 PD/g | Unsigned as of Aug 2026 -- games_proj discounted for a landing-spot/ramp-up gap even if he signs before the draft. | listed as DE",,,27.1,21.6,26,58.0,-12.2,234,15,False,,
Harold Landry,DL,Patriots,50.1,37.6,64.2,medium,"1.7 solo + 1.6 ast tackles/g (3.7 pts/g from tackle volume alone) | 0.00 TFL/g, 0.57 sacks/g, 0.00 PD/g | Starting edge rusher, signed 3yr/$43.5M deal in 2025 [49 combined 2025 tackles found in research notes; solo/assist split estimated at this position's observed 52/48 average since the source didn't report the two separately -- not a fabricated total, just an estimated split.] | listed as DE",,11.0,31.3,18.8,24,58.0,-12.2,235,15,False,,
Xavier McKinney,DB,Packers,79.4,59.5,101.6,medium,"3.4 solo + 3.3 ast tackles/g (7.5 pts/g from tackle volume alone) | 0.00 TFL/g, 0.06 sacks/g, 0.62 PD/g | Starter - single-high/box hybrid safety | listed as S",,11.0,49.6,29.8,24,85.0,-12.4,236,15,False,,
Jalen Carter,DL,Eagles,49.6,37.2,63.6,medium,"1.8 solo + 1.0 ast tackles/g (3.4 pts/g from tackle volume alone) | 0.33 TFL/g, 0.25 sacks/g, 0.58 PD/g | Full-time interior starter under Vic Fangio, 3-tech pass-rush emphasis | listed as DT",,10.0,31.0,18.6,25,58.0,-12.8,237,15,False,,
Riley Patterson,K,Dolphins,28.6,21.5,36.6,medium,"1.59 FG made/g (0.65 from 40-49, 0.18 from 50+) | 2.00 XP made/g",,6.0,14.3,14.3,32,41.8,-13.0,238,15,False,,
Khalil Mack,DL,Chargers,47.0,35.2,60.2,medium,"1.4 solo + 1.3 ast tackles/g (3.0 pts/g from tackle volume alone) | 0.00 TFL/g, 0.46 sacks/g, 0.00 PD/g | Starting edge rusher when healthy, but missed real time in 2025 [32 combined 2025 tackles found in research notes; solo/assist split estimated at this position's observed 52/48 average since the source didn't report the two separately -- not a fabricated total, just an estimated split.] | listed as DE",,7.0,23.5,23.5,27,58.0,-13.0,239,15,False,,
Jack Bech,WR,Raiders,28.1,17.7,39.9,high,"3.1 targets/g, 60% catch rate, 6.0 yds/target | full-PPR: every catch worth 1.0 pt (vs 0.5 in Top Teamz)",0.0,13.0,15.9,12.2,59,39.1,-13.1,240,15,False,,
Andre Szmyt,K,Browns,30.0,25.5,35.4,low,"1.41 FG made/g (0.29 from 40-49, 0.29 from 50+) | 1.47 XP made/g",,11.0,18.8,11.2,30,41.8,-13.2,241,16,False,,
Trent McDuffie,DB,Rams,78.8,59.0,100.8,medium,"3.5 solo + 1.4 ast tackles/g (6.2 pts/g from tackle volume alone) | 0.08 TFL/g, 0.08 sacks/g, 0.00 PD/g | Starter - outside corner | listed as CB",,11.0,49.2,29.5,25,85.0,-13.2,242,16,False,,
Noah Fant,TE,Saints,16.6,8.3,26.5,very_high,"2.5 targets/g, 62% catch rate, 5.5 yds/target | full-PPR: every catch worth 1.0 pt (vs 0.5 in Top Teamz)",0.0,8.0,8.2,8.4,24,28.4,-13.6,243,16,False,,
Ja'Tavion Sanders,TE,Panthers,16.7,10.5,23.8,high,"2.5 targets/g, 62% catch rate, 5.5 yds/target | full-PPR: every catch worth 1.0 pt (vs 0.5 in Top Teamz)",0.0,5.0,8.4,8.3,23,28.4,-13.6,244,16,False,,
Blake Grupe,K,Colts,28.8,21.6,36.8,medium,"1.81 FG made/g (0.19 from 40-49, 0.44 from 50+) | 1.56 XP made/g",,13.0,16.0,12.8,31,41.8,-13.6,245,16,False,,
Dee Alford,DB,Falcons,77.8,66.2,91.8,low,"3.4 solo + 0.8 ast tackles/g (5.7 pts/g from tackle volume alone) | 0.00 TFL/g, 0.12 sacks/g, 0.81 PD/g | Starter - slot/outside corner | listed as CB",,11.0,48.6,29.2,29,85.0,-14.2,246,16,False,,
Ryan Fitzgerald,K,Panthers,27.5,23.4,32.4,low,"1.41 FG made/g (0.47 from 40-49, 0.12 from 50+) | 1.59 XP made/g",,5.0,13.8,13.8,33,41.8,-14.2,247,16,False,,
Jake Moody,K,Commanders,27.4,20.6,35.2,medium,"2.11 FG made/g (0.56 from 40-49, 0.22 from 50+) | 1.67 XP made/g",,7.0,13.7,13.7,34,41.8,-14.5,248,16,False,,
Isaiah Pola-Mao,DB,Raiders,75.4,56.6,96.5,medium,"3.4 solo + 2.0 ast tackles/g (6.6 pts/g from tackle volume alone) | 0.35 TFL/g, 0.00 sacks/g, 0.23 PD/g | Starter - safety | listed as S",,13.0,41.9,33.5,34,85.0,-14.5,249,16,False,,
Jaxson Dart,QB,Giants,106.9,53.4,171.1,very_high,"30.3 pass att/g x 6.5 YPA, 3.0% TD rate (1pt/25 pass yds here, double Top Teamz's rate) | 6.0 rush att/g at 5.0 YPC",,8.0,53.4,53.4,22,123.0,-14.9,250,16,False,,
Alontae Taylor,DB,Saints,73.3,62.3,86.5,low,"3.5 solo + 1.4 ast tackles/g (6.3 pts/g from tackle volume alone) | 0.00 TFL/g, 0.12 sacks/g, 0.65 PD/g | Starter - outside corner | listed as CB",,8.0,36.6,36.6,42,85.0,-15.2,251,16,False,,
Joshua Karty,K,Cardinals,27.4,20.6,35.2,medium,"1.25 FG made/g (0.38 from 40-49, 0.12 from 50+) | 2.88 XP made/g",,14.0,15.2,12.2,35,41.8,-15.2,252,16,False,,
Jayden Higgins,WR,Texans,25.6,16.2,36.4,high,"3.0 targets/g, 60% catch rate, 6.5 yds/target | full-PPR: every catch worth 1.0 pt (vs 0.5 in Top Teamz)",0.0,8.0,12.8,12.8,60,39.1,-15.3,253,16,False,,
Antoine Winfield Jr.,DB,Buccaneers,76.8,65.3,90.6,low,"3.1 solo + 2.4 ast tackles/g (6.4 pts/g from tackle volume alone) | 0.23 TFL/g, 0.06 sacks/g, 0.47 PD/g | Starter - box/slot hybrid safety | listed as S",,10.0,48.0,28.8,31,85.0,-15.4,254,16,False,,
Andrew Wingard,DB,Cardinals,74.6,56.0,95.6,medium,"2.8 solo + 2.4 ast tackles/g (6.0 pts/g from tackle volume alone) | 0.34 TFL/g, 0.00 sacks/g, 0.56 PD/g | Competing for starting job | listed as S",,14.0,41.5,33.2,38,85.0,-15.4,255,16,False,,
Derrick Brown,DL,Panthers,45.0,33.8,57.6,medium,"1.9 solo + 2.4 ast tackles/g (4.7 pts/g from tackle volume alone) | 0.29 TFL/g, 0.29 sacks/g, 0.41 PD/g | Real 2025 season-ending injury on record -- games_proj discounted, not assumed fully recovered to a normal 17-game year. | listed as DT",,5.0,22.5,22.5,28,58.0,-15.5,256,16,False,,
Keon Coleman,WR,Bills,25.0,15.8,35.5,high,"3.1 targets/g, 58% catch rate, 6.5 yds/target | full-PPR: every catch worth 1.0 pt (vs 0.5 in Top Teamz)",0.0,7.0,12.0,13.0,61,39.1,-15.8,257,17,False,,
Brian Branch,DB,Lions,72.4,45.6,102.9,high,"4.0 solo + 2.2 ast tackles/g (7.7 pts/g from tackle volume alone) | 0.00 TFL/g, 0.21 sacks/g, 0.75 PD/g | Real 2025 season-ending injury on record, but the same research confirms he's cleared/fully healthy for 2026 -- games_proj uses the real 'high risk' games count instead of the harsher unrecovered discount, since there's no specific 2026 games-missed signal left, just residual uncertainty until proven in game action. | listed as S/CB",,6.0,36.2,36.2,43,85.0,-16.2,258,17,False,,
Nick Scott,DB,Panthers,72.2,61.4,85.2,low,"3.8 solo + 2.8 ast tackles/g (7.7 pts/g from tackle volume alone) | 0.00 TFL/g, 0.00 sacks/g, 0.18 PD/g | Starter - box safety | listed as S",,5.0,36.1,36.1,44,85.0,-16.4,259,17,False,,
Matthew Wright,K,Texans,25.5,21.7,30.1,low,"1.25 FG made/g (0.75 from 40-49, 0.00 from 50+) | 1.00 XP made/g",,8.0,12.8,12.8,37,41.8,-16.8,260,17,False,,
Rhamondre Stevenson,RB,Patriots,77.7,58.3,99.5,medium,"11.4 carries/g x 4.00 YPC | 2.5 targets/g as receiver, full-PPR",11.0,11.0,48.9,28.9,29,86.4,-16.8,261,17,False,,
Parker Romo,K,Falcons,26.7,22.7,31.5,low,"1.57 FG made/g (0.14 from 40-49, 0.14 from 50+) | 1.71 XP made/g",,11.0,16.7,10.0,36,41.8,-17.0,262,17,False,,
Nick Emmanwori,DB,Seahawks,75.4,47.5,107.0,high,"4.0 solo + 1.8 ast tackles/g (7.3 pts/g from tackle volume alone) | 0.39 TFL/g, 0.18 sacks/g, 0.79 PD/g | Starter - hybrid box/rookie standout | listed as S",,11.0,47.1,28.3,35,85.0,-17.1,263,17,False,,
Devon Witherspoon,DB,Seahawks,75.3,56.4,96.4,medium,"4.0 solo + 2.0 ast tackles/g (7.5 pts/g from tackle volume alone) | 0.00 TFL/g, 0.04 sacks/g, 0.58 PD/g | Starter - outside corner | listed as CB",,11.0,47.1,28.2,36,85.0,-17.2,264,17,False,,
Jonnu Smith,TE,Free agent,14.0,7.0,22.3,very_high,"3.0 targets/g, 65% catch rate, 5.5 yds/target | full-PPR: every catch worth 1.0 pt (vs 0.5 in Top Teamz)",0.0,,7.8,6.2,25,28.4,-17.4,265,17,False,,
Mike Sainristil,DB,Commanders,71.2,60.5,84.0,low,"2.7 solo + 1.8 ast tackles/g (5.4 pts/g from tackle volume alone) | 0.06 TFL/g, 0.00 sacks/g, 0.71 PD/g | Starter - slot corner | listed as CB",,7.0,35.6,35.6,45,85.0,-17.6,266,17,False,,
Riley Moss,DB,Broncos,74.9,63.6,88.4,low,"3.4 solo + 1.4 ast tackles/g (6.0 pts/g from tackle volume alone) | 0.00 TFL/g, 0.06 sacks/g, 1.12 PD/g | Starter - outside corner | listed as CB",,10.0,46.8,28.1,37,85.0,-17.7,267,17,False,,
Jessie Bates III,DB,Falcons,74.6,63.4,88.0,low,"3.4 solo + 2.4 ast tackles/g (6.8 pts/g from tackle volume alone) | 0.06 TFL/g, 0.00 sacks/g, 0.35 PD/g | Starter - free safety | listed as S",,11.0,46.6,28.0,39,85.0,-18.0,268,17,False,,
Grant Delpit,DB,Browns,74.4,63.2,87.8,low,"2.8 solo + 2.4 ast tackles/g (6.0 pts/g from tackle volume alone) | 0.27 TFL/g, 0.18 sacks/g, 0.23 PD/g | Starter - safety | listed as S",,11.0,46.5,27.9,40,85.0,-18.3,269,17,False,,
Quinshon Judkins,RB,Browns,79.6,59.7,101.9,medium,"14.7 carries/g x 3.65 YPC | 2.6 targets/g as receiver, full-PPR",17.0,11.0,50.0,29.7,28,86.4,-18.4,270,17,False,,
Nakobe Dean,LB,Raiders,80.8,60.6,103.4,medium,"3.0 solo + 2.5 ast tackles/g (6.4 pts/g from tackle volume alone) | 0.00 TFL/g, 0.40 sacks/g, 0.10 PD/g | Starter, paired with Quay Walker | listed as ILB",,13.0,44.9,35.9,29,95.0,-18.5,271,17,False,,
Patrick Queen,LB,Steelers,83.0,70.6,98.0,low,"3.3 solo + 3.8 ast tackles/g (7.8 pts/g from tackle volume alone) | 0.47 TFL/g, 0.06 sacks/g, 0.23 PD/g | Starter, three-down | listed as ILB",,9.0,51.9,31.1,25,95.0,-18.6,272,17,False,,
Xavier Legette,WR,Panthers,23.1,14.6,32.8,high,"3.0 targets/g, 58% catch rate, 6.5 yds/target | full-PPR: every catch worth 1.0 pt (vs 0.5 in Top Teamz)",0.0,5.0,11.6,11.4,64,39.1,-18.6,273,18,False,,
Tony Pollard,RB,Titans,76.3,57.2,97.6,medium,"11.2 carries/g x 3.84 YPC | 2.8 targets/g as receiver, full-PPR",13.0,9.0,48.1,28.2,30,86.4,-18.7,274,18,False,,
Quentin Johnston,WR,Chargers,22.7,14.3,32.3,high,"2.8 targets/g, 58% catch rate, 7.0 yds/target | full-PPR: every catch worth 1.0 pt (vs 0.5 in Top Teamz)",0.0,7.0,11.1,11.6,65,39.1,-18.8,275,18,False,,
Stefon Diggs,WR,Free agent,23.3,11.6,37.2,very_high,"4.0 targets/g, 62% catch rate, 6.5 yds/target | full-PPR: every catch worth 1.0 pt (vs 0.5 in Top Teamz)",0.0,,12.9,10.4,63,39.1,-18.8,276,18,False,,
Edgerrin Cooper,LB,Packers,82.8,70.4,97.6,low,"3.9 solo + 3.4 ast tackles/g (8.5 pts/g from tackle volume alone) | 0.00 TFL/g, 0.03 sacks/g, 0.25 PD/g | Starter, second on team in tackles behind Quay Walker | listed as ILB",,11.0,51.7,31.0,26,95.0,-19.0,277,18,False,,
DeShon Elliott,DB,Steelers,73.8,46.5,104.8,high,"4.0 solo + 3.6 ast tackles/g (8.7 pts/g from tackle volume alone) | 0.10 TFL/g, 0.20 sacks/g, 0.40 PD/g | Real 2025 season-ending injury on record -- games_proj discounted, not assumed fully recovered to a normal 17-game year. | listed as S",,9.0,46.1,27.7,41,85.0,-19.0,278,18,False,,
Elic Ayomanor,WR,Titans,23.7,14.9,33.6,high,"2.9 targets/g, 58% catch rate, 6.5 yds/target | full-PPR: every catch worth 1.0 pt (vs 0.5 in Top Teamz)",0.0,9.0,14.7,9.0,62,39.1,-19.1,279,18,False,,
Luke Musgrave,TE,Packers,12.7,6.3,20.3,very_high,"2.0 targets/g, 60% catch rate, 5.5 yds/target | full-PPR: every catch worth 1.0 pt (vs 0.5 in Top Teamz)",0.0,11.0,8.0,4.7,26,28.4,-19.4,280,18,False,,
Mason Taylor,TE,Giants,11.9,6.0,19.0,very_high,"2.0 targets/g, 60% catch rate, 5.5 yds/target | full-PPR: every catch worth 1.0 pt (vs 0.5 in Top Teamz)",0.0,8.0,5.9,5.9,27,28.4,-19.7,281,18,False,,
Devin Lloyd,LB,Panthers,77.8,58.4,99.6,medium,"2.3 solo + 3.1 ast tackles/g (5.8 pts/g from tackle volume alone) | 0.40 TFL/g, 0.10 sacks/g, 0.47 PD/g | New starter for Panthers, coming off best season | listed as ILB",,5.0,38.9,38.9,30,95.0,-20.0,282,18,False,,
Brenton Strange,TE,Jaguars,11.5,5.8,18.5,very_high,"2.0 targets/g, 60% catch rate, 5.5 yds/target | full-PPR: every catch worth 1.0 pt (vs 0.5 in Top Teamz)",0.0,7.0,5.7,5.8,28,28.4,-20.0,283,18,False,,
Andrew Van Ginkel,LB,Vikings,77.6,58.2,99.4,medium,"2.3 solo + 2.2 ast tackles/g (5.1 pts/g from tackle volume alone) | 0.00 TFL/g, 0.58 sacks/g, 0.75 PD/g | Starter, edge/OLB pass rusher | listed as OLB",,6.0,38.8,38.8,31,95.0,-20.2,284,18,False,,
Payton Wilson,LB,Steelers,81.5,69.2,96.2,low,"4.4 solo + 3.1 ast tackles/g (8.8 pts/g from tackle volume alone) | 0.00 TFL/g, 0.00 sacks/g, 0.12 PD/g | Starter, three-down | listed as ILB",,9.0,50.9,30.6,27,95.0,-20.4,285,18,False,,
Harold Fannin Jr.,TE,Browns,11.5,5.7,18.3,very_high,"2.0 targets/g, 60% catch rate, 5.5 yds/target | full-PPR: every catch worth 1.0 pt (vs 0.5 in Top Teamz)",0.0,11.0,7.2,4.3,29,28.4,-20.8,286,18,False,,
Bryce Young,QB,Panthers,102.2,64.4,145.1,high,"31.3 pass att/g x 6.5 YPA, 3.3% TD rate (1pt/25 pass yds here, double Top Teamz's rate) | 4.0 rush att/g at 4.0 YPC",,5.0,51.6,50.6,23,123.0,-20.9,287,18,False,,
Josh Metellus,DB,Vikings,68.6,51.4,87.8,medium,"3.0 solo + 3.1 ast tackles/g (6.9 pts/g from tackle volume alone) | 0.00 TFL/g, 0.04 sacks/g, 0.43 PD/g | Starter - box safety | listed as S",,6.0,34.3,34.3,46,85.0,-20.9,288,18,False,,
Devin Bush,LB,Bears,81.0,60.7,103.6,medium,"3.7 solo + 3.6 ast tackles/g (8.3 pts/g from tackle volume alone) | 0.00 TFL/g, 0.12 sacks/g, 0.00 PD/g | Expected starter | listed as ILB",,10.0,50.6,30.4,28,95.0,-21.0,289,19,False,,
Matt Gay,K,Raiders,22.6,16.9,28.9,medium,"1.42 FG made/g (0.00 from 40-49, 0.00 from 50+) | 2.17 XP made/g",,13.0,12.5,10.0,38,41.8,-21.2,290,19,False,,
Daiyan Henley,LB,Chargers,75.9,64.5,89.6,low,"3.2 solo + 2.9 ast tackles/g (6.9 pts/g from tackle volume alone) | 0.29 TFL/g, 0.21 sacks/g, 0.00 PD/g | Starter, three-down, elite tier | listed as ILB",,7.0,38.0,38.0,34,95.0,-22.2,291,19,False,,
Dadrion Taylor-Demerson,DB,Cardinals,68.5,51.4,87.6,medium,"2.7 solo + 2.2 ast tackles/g (5.7 pts/g from tackle volume alone) | 0.04 TFL/g, 0.00 sacks/g, 0.50 PD/g | Competing for starting job | listed as S",,14.0,38.0,30.4,47,85.0,-23.0,292,19,False,,
Kaden Elliss,LB,Saints,75.1,56.3,96.2,medium,"3.5 solo + 2.8 ast tackles/g (7.3 pts/g from tackle volume alone) | 0.00 TFL/g, 0.21 sacks/g, 0.35 PD/g | Expected starter/defensive play-caller, replacing Demario Davis | listed as OLB",,8.0,37.6,37.6,35,95.0,-23.2,293,19,False,,
Younghoe Koo,K,Jets,20.7,15.5,26.5,medium,"1.00 FG made/g (0.33 from 40-49, 0.00 from 50+) | 2.17 XP made/g",,13.0,11.5,9.2,39,41.8,-23.4,294,19,False,,
Quan Martin,DB,Commanders,65.6,55.8,77.4,low,"3.1 solo + 2.8 ast tackles/g (6.7 pts/g from tackle volume alone) | 0.23 TFL/g, 0.00 sacks/g, 0.18 PD/g | Starter - box safety | listed as S",,7.0,32.8,32.8,49,85.0,-24.7,295,19,False,,
Tre Harris,WR,Chargers,17.9,9.0,28.7,very_high,"2.4 targets/g, 58% catch rate, 6.5 yds/target | full-PPR: every catch worth 1.0 pt (vs 0.5 in Top Teamz)",0.0,7.0,8.8,9.2,68,39.1,-24.7,296,19,False,,
Terrance Ferguson,TE,Rams,8.0,4.0,12.9,very_high,"1.5 targets/g, 58% catch rate, 5.5 yds/target | full-PPR: every catch worth 1.0 pt (vs 0.5 in Top Teamz)",0.0,11.0,5.0,3.1,30,28.4,-24.8,297,19,False,,
Kyle Williams,WR,Patriots,18.9,9.5,30.3,very_high,"2.5 targets/g, 58% catch rate, 6.0 yds/target | full-PPR: every catch worth 1.0 pt (vs 0.5 in Top Teamz)",0.0,11.0,12.0,7.0,67,39.1,-24.8,298,19,False,,
Dontayvion Wicks,WR,Eagles,19.1,12.0,27.1,high,"2.5 targets/g, 58% catch rate, 6.5 yds/target | full-PPR: every catch worth 1.0 pt (vs 0.5 in Top Teamz)",0.0,10.0,12.0,7.0,66,39.1,-24.8,299,19,False,,
Kirk Cousins,QB,Raiders,101.4,63.9,144.0,high,"34.0 pass att/g x 6.8 YPA, 2.9% TD rate (1pt/25 pass yds here, double Top Teamz's rate) | pocket passer, minimal rushing equity",,13.0,57.2,44.2,24,123.0,-24.9,300,19,False,,
Azeez Al-Shaair,LB,Texans,73.6,55.2,94.2,medium,"3.0 solo + 3.4 ast tackles/g (7.1 pts/g from tackle volume alone) | 0.00 TFL/g, 0.00 sacks/g, 0.56 PD/g | Starter, three-down, Pro Bowl 2025 | listed as ILB",,8.0,36.8,36.8,36,95.0,-25.2,301,19,False,,
Elijah Arroyo,TE,Seahawks,7.7,3.9,12.3,very_high,"1.5 targets/g, 58% catch rate, 5.5 yds/target | full-PPR: every catch worth 1.0 pt (vs 0.5 in Top Teamz)",0.0,11.0,4.7,2.9,31,28.4,-25.4,302,19,False,,
Gunnar Helm,TE,Titans,7.0,3.5,11.2,very_high,"1.5 targets/g, 58% catch rate, 5.5 yds/target | full-PPR: every catch worth 1.0 pt (vs 0.5 in Top Teamz)",0.0,9.0,4.4,2.7,32,28.4,-26.0,303,19,False,,
Trey Hendrickson,DL,Bengals,36.2,22.8,51.4,high,"1.6 solo + 0.7 ast tackles/g (2.9 pts/g from tackle volume alone) | 0.00 TFL/g, 0.57 sacks/g, 0.00 PD/g | Expected starter if healthy, but real recent injury history | listed as DE",,6.0,18.1,18.1,29,58.0,-26.5,304,19,False,,
Zaire Franklin,LB,Packers,76.4,57.2,97.8,medium,"3.6 solo + 3.7 ast tackles/g (8.2 pts/g from tackle volume alone) | 0.00 TFL/g, 0.12 sacks/g, 0.29 PD/g | Starter at MLB, replacing Quay Walker | listed as ILB",,11.0,47.7,28.6,32,95.0,-26.6,305,20,False,,
Quincy Williams,LB,Browns,76.3,57.2,97.6,medium,"3.5 solo + 2.9 ast tackles/g (7.4 pts/g from tackle volume alone) | 0.00 TFL/g, 0.27 sacks/g, 0.54 PD/g | Expected starter, taking over Devin Bush's vacated spot | listed as ILB",,11.0,47.7,28.6,33,95.0,-26.6,306,20,False,,
Daniel Carlson,K,Raiders,17.6,11.1,24.9,high,"1.29 FG made/g (0.35 from 40-49, 0.29 from 50+) | 1.24 XP made/g",,13.0,9.8,7.8,40,41.8,-27.2,307,20,False,,
Eric Murray,DB,Jaguars,63.6,47.8,81.4,medium,"2.7 solo + 1.8 ast tackles/g (5.4 pts/g from tackle volume alone) | 0.17 TFL/g, 0.08 sacks/g, 0.50 PD/g | Starter - safety | listed as S",,7.0,31.8,31.8,52,85.0,-27.2,308,20,False,,
Rasul Douglas,DB,Dolphins,63.1,47.4,80.8,medium,"2.5 solo + 1.7 ast tackles/g (5.0 pts/g from tackle volume alone) | 0.00 TFL/g, 0.07 sacks/g, 0.87 PD/g | Starter - outside corner | listed as CB",,6.0,31.6,31.6,53,85.0,-27.6,309,20,False,,
Alex Anzalone,LB,Lions,71.6,53.7,91.6,medium,"3.2 solo + 2.7 ast tackles/g (6.9 pts/g from tackle volume alone) | 0.00 TFL/g, 0.16 sacks/g, 0.56 PD/g | Starter, defensive signal-caller | listed as MLB",,6.0,35.8,35.8,37,95.0,-27.7,310,20,False,,
Amani Hooker,DB,Titans,66.0,56.1,77.9,low,"3.6 solo + 1.4 ast tackles/g (6.5 pts/g from tackle volume alone) | 0.00 TFL/g, 0.06 sacks/g, 0.50 PD/g | Starter - safety | listed as S",,9.0,41.2,24.8,48,85.0,-28.2,311,20,False,,
Tyler Shough,QB,Saints,96.0,60.5,136.4,high,"32.3 pass att/g x 6.8 YPA, 3.3% TD rate (1pt/25 pass yds here, double Top Teamz's rate) | 3.0 rush att/g at 4.0 YPC",,8.0,47.5,48.5,25,123.0,-28.2,312,20,False,,
Isaac TeSlaa,WR,Lions,15.1,7.5,24.2,very_high,"2.0 targets/g, 60% catch rate, 6.0 yds/target | full-PPR: every catch worth 1.0 pt (vs 0.5 in Top Teamz)",0.0,6.0,7.6,7.6,69,39.1,-28.3,313,20,False,,
Calen Bullock,DB,Texans,62.5,53.1,73.8,low,"2.6 solo + 1.2 ast tackles/g (4.8 pts/g from tackle volume alone) | 0.00 TFL/g, 0.00 sacks/g, 0.59 PD/g | Starter - free safety | listed as S",,8.0,31.2,31.2,54,85.0,-28.6,314,20,False,,
Coby Bryant,DB,Bears,65.4,55.6,77.1,low,"2.6 solo + 1.7 ast tackles/g (5.2 pts/g from tackle volume alone) | 0.00 TFL/g, 0.00 sacks/g, 0.47 PD/g | Starter - slot/hybrid DB | listed as S/CB",,10.0,40.8,24.5,50,85.0,-29.1,315,20,False,,
Christian Gonzalez,DB,Patriots,65.2,49.0,83.5,medium,"3.9 solo + 1.1 ast tackles/g (6.6 pts/g from tackle volume alone) | 0.07 TFL/g, 0.00 sacks/g, 0.71 PD/g | Starter - outside corner | listed as CB",,11.0,40.8,24.5,51,85.0,-29.1,316,20,False,,
Jalen Coker,WR,Panthers,14.5,7.3,23.2,very_high,"2.0 targets/g, 58% catch rate, 6.0 yds/target | full-PPR: every catch worth 1.0 pt (vs 0.5 in Top Teamz)",0.0,5.0,7.3,7.2,70,39.1,-29.2,317,20,False,,
Jeremiyah Love,RB,Cardinals,65.6,32.8,104.9,very_high,"8.6 carries/g x 4.40 YPC | 2.8 targets/g as receiver, full-PPR",9.5,14.0,37.1,28.5,31,86.4,-29.2,318,20,False,,
Dre'Mont Jones,DL,Patriots,35.8,26.8,45.8,medium,"1.1 solo + 1.3 ast tackles/g (2.6 pts/g from tackle volume alone) | 0.00 TFL/g, 0.39 sacks/g, 0.06 PD/g | Signed 3-yr/$39M FA deal with Patriots for 2026; expected interior/edge rotational-to-starting pass rusher | listed as DE",,11.0,22.4,13.4,30,58.0,-29.2,319,20,False,,
Diontae Johnson,WR,Free agent,14.2,7.1,22.7,very_high,"3.0 targets/g, 62% catch rate, 6.0 yds/target | full-PPR: every catch worth 1.0 pt (vs 0.5 in Top Teamz)",0.0,,7.9,6.3,71,39.1,-30.0,320,20,False,,
Kris Jenkins,DL,Bengals,33.4,25.0,42.8,medium,"1.3 solo + 1.3 ast tackles/g (2.9 pts/g from tackle volume alone) | 0.36 TFL/g, 0.11 sacks/g, 0.07 PD/g | Third-year DT expected to take a leap, full participant in same scheme for first time; part of DL rotation with Shemar Stewart, Myles Murphy, B.J. Hill | listed as DT",,6.0,16.7,16.7,33,58.0,-30.0,321,21,False,,
Dru Phillips,DB,Giants,61.2,52.0,72.2,low,"2.9 solo + 1.0 ast tackles/g (5.1 pts/g from tackle volume alone) | 0.00 TFL/g, 0.00 sacks/g, 0.71 PD/g | Starter - slot corner | listed as CB",,8.0,30.6,30.6,56,85.0,-30.2,322,21,False,,
Javon Hargrave,DL,Packers,34.7,26.0,44.4,medium,"1.1 solo + 2.1 ast tackles/g (3.3 pts/g from tackle volume alone) | 0.28 TFL/g, 0.06 sacks/g, 0.00 PD/g | Projected primary nose tackle in new 3-4 scheme reunited with DC Jonathan Gannon; Wyatt at DT, McClellan depth NT | listed as DT",,11.0,21.7,13.0,31,58.0,-30.6,323,21,False,,
Josh Reynolds,WR,Uncertain,13.4,6.8,21.5,very_high,"2.0 targets/g, 58% catch rate, 6.0 yds/target | full-PPR: every catch worth 1.0 pt (vs 0.5 in Top Teamz)",0.0,,7.5,6.0,72,39.1,-30.8,324,21,False,,
Chris Jones,DL,Chiefs,32.5,27.6,38.4,low,"0.9 solo + 0.8 ast tackles/g (1.9 pts/g from tackle volume alone) | 0.00 TFL/g, 0.41 sacks/g, 0.12 PD/g | Full-time 3-tech/interior pass rusher, every-down starter | listed as DT",,5.0,16.2,16.2,34,58.0,-31.2,325,21,False,,
Grady Jarrett,DL,Bears,33.6,25.2,43.0,medium,"1.0 solo + 1.8 ast tackles/g (2.8 pts/g from tackle volume alone) | 0.25 TFL/g, 0.11 sacks/g, 0.21 PD/g | Rotational interior DT / DT3-type role behind Dexter and rookie Shemar Turner; run-stuffing veteran depth | listed as DT",,10.0,21.0,12.6,32,58.0,-31.8,326,21,False,,
Tank Dell,WR,Texans,12.1,6.0,19.4,very_high,"2.0 targets/g, 60% catch rate, 6.0 yds/target | full-PPR: every catch worth 1.0 pt (vs 0.5 in Top Teamz)",0.0,8.0,6.0,6.0,73,39.1,-32.3,327,21,False,,
Tyrique Stevenson,DB,Bears,62.0,46.5,79.4,medium,"2.8 solo + 1.0 ast tackles/g (4.9 pts/g from tackle volume alone) | 0.00 TFL/g, 0.00 sacks/g, 0.77 PD/g | Starter - outside corner | listed as CB",,10.0,38.8,23.2,55,85.0,-33.0,328,21,False,,
Demario Douglas,WR,Patriots,11.8,5.9,18.9,very_high,"2.0 targets/g, 60% catch rate, 5.5 yds/target | full-PPR: every catch worth 1.0 pt (vs 0.5 in Top Teamz)",0.0,11.0,7.5,4.4,74,39.1,-33.2,329,21,False,,
Drue Tranquill,LB,Chiefs,67.2,57.2,79.4,low,"3.2 solo + 2.8 ast tackles/g (7.0 pts/g from tackle volume alone) | 0.00 TFL/g, 0.12 sacks/g, 0.06 PD/g | Starter, three-down role | listed as OLB",,5.0,33.6,33.6,38,95.0,-33.2,330,21,False,,
Vita Vea,DL,Buccaneers,31.8,23.8,40.6,medium,"0.9 solo + 1.1 ast tackles/g (2.2 pts/g from tackle volume alone) | 0.18 TFL/g, 0.27 sacks/g, 0.12 PD/g | Full-time nose/interior run-stuffer if he stays; trade destination unresolved as of Aug 2026 | listed as DT",,10.0,19.8,11.9,35,58.0,-34.1,331,21,False,,
Tank Bigsby,RB,Eagles,62.7,47.0,80.3,medium,"9.9 carries/g x 4.40 YPC | 1.0 targets/g as receiver, full-PPR",9.0,10.0,38.3,24.4,32,86.4,-34.2,332,21,False,,
Antonio Johnson,DB,Jaguars,57.8,49.1,68.2,low,"2.0 solo + 1.1 ast tackles/g (3.8 pts/g from tackle volume alone) | 0.00 TFL/g, 0.12 sacks/g, 0.53 PD/g | Starter - safety | listed as S",,7.0,28.9,28.9,58,85.0,-34.4,333,21,False,,
John Franklin-Myers,DL,Titans,30.7,26.1,36.2,low,"0.8 solo + 0.8 ast tackles/g (1.7 pts/g from tackle volume alone) | 0.00 TFL/g, 0.47 sacks/g, 0.00 PD/g | Signed 3yr/$63M with Titans Mar 2026 FA, reunites with HC Robert Saleh from Jets tenure; full-time interior/edge rusher paired with Jeffery Simmons | listed as DE",,9.0,19.2,11.5,36,58.0,-35.3,334,21,False,,
Andre Cisco,DB,Jets,58.3,36.7,82.9,high,"3.2 solo + 1.9 ast tackles/g (6.3 pts/g from tackle volume alone) | 0.31 TFL/g, 0.00 sacks/g, 0.12 PD/g | Starter/rotational safety | listed as S",,13.0,32.4,25.9,57,85.0,-35.4,335,21,False,,
Kyler Murray,QB,Vikings,90.0,45.0,144.0,very_high,"30.0 pass att/g x 6.9 YPA, 3.8% TD rate (1pt/25 pass yds here, double Top Teamz's rate) | 6.0 rush att/g at 5.0 YPC",,6.0,45.0,45.0,27,123.0,-35.9,336,21,False,,
Curtis Samuel,WR,Free agent,9.1,4.6,14.6,very_high,"2.5 targets/g, 60% catch rate, 5.5 yds/target | full-PPR: every catch worth 1.0 pt (vs 0.5 in Top Teamz)",0.0,,5.1,4.0,75,39.1,-36.2,337,22,False,,
Cam Ward,QB,Titans,94.0,47.0,150.5,very_high,"31.0 pass att/g x 6.5 YPA, 2.7% TD rate (1pt/25 pass yds here, double Top Teamz's rate) | 4.0 rush att/g at 4.5 YPC",,9.0,58.4,35.6,26,123.0,-36.6,338,22,False,,
Jalin Hyatt,WR,Uncertain,8.8,4.4,14.1,very_high,"1.5 targets/g, 58% catch rate, 6.0 yds/target | full-PPR: every catch worth 1.0 pt (vs 0.5 in Top Teamz)",0.0,,4.9,3.9,76,39.1,-36.6,339,22,False,,
Ricky Pearsall,WR,49ers,8.4,4.2,13.4,very_high,"3.0 targets/g, 60% catch rate, 6.5 yds/target | full-PPR: every catch worth 1.0 pt (vs 0.5 in Top Teamz)",0.0,8.0,4.2,4.2,77,39.1,-36.8,340,22,False,,
Foley Fatukasi,DL,Texans,27.6,17.4,39.1,high,"1.2 solo + 0.8 ast tackles/g (2.4 pts/g from tackle volume alone) | 0.00 TFL/g, 0.38 sacks/g, 0.00 PD/g | Depth/rotational run-stuffing NT-DT; not a lock for major snaps | listed as DT",,8.0,13.8,13.8,37,58.0,-37.2,341,22,False,,
T.J. Edwards,LB,Bears,67.2,42.4,95.4,high,"3.3 solo + 3.4 ast tackles/g (7.5 pts/g from tackle volume alone) | 0.20 TFL/g, 0.05 sacks/g, 0.50 PD/g | Starter when healthy, missed time to injury | listed as ILB",,10.0,42.0,25.2,39,95.0,-37.4,342,22,False,,
Sheldon Rankins,DL,Texans,27.4,20.6,35.0,medium,"1.1 solo + 1.4 ast tackles/g (2.6 pts/g from tackle volume alone) | 0.00 TFL/g, 0.18 sacks/g, 0.00 PD/g | Rotational interior DT, run-stuffing/pass-rush depth | listed as DT",,8.0,13.7,13.7,38,58.0,-37.5,343,22,False,,
Kerby Joseph,DB,Lions,54.8,34.6,77.9,high,"2.3 solo + 0.7 ast tackles/g (4.0 pts/g from tackle volume alone) | 0.00 TFL/g, 0.00 sacks/g, 0.67 PD/g | Starter - single-high safety (if healthy) | listed as S",,6.0,27.4,27.4,60,85.0,-38.2,344,22,False,,
Skyy Moore,WR,Packers,7.3,3.7,11.7,very_high,"1.5 targets/g, 58% catch rate, 5.5 yds/target | full-PPR: every catch worth 1.0 pt (vs 0.5 in Top Teamz)",0.0,11.0,4.6,2.7,78,39.1,-38.6,345,22,False,,
Osa Odighizuwa,DL,49ers,26.2,19.7,33.6,medium,"1.0 solo + 1.6 ast tackles/g (2.7 pts/g from tackle volume alone) | 0.00 TFL/g, 0.15 sacks/g, 0.00 PD/g | Projected starting interior pass rusher for SF after trade; led DTs in QB hits (23) | listed as DT",,8.0,13.1,13.1,39,58.0,-39.0,346,22,False,,
Barrett Carter,LB,Bengals,62.2,46.7,79.7,medium,"3.1 solo + 3.1 ast tackles/g (7.0 pts/g from tackle volume alone) | 0.00 TFL/g, 0.00 sacks/g, 0.23 PD/g | Starter, strong rookie campaign | listed as LB",,6.0,31.1,31.1,43,95.0,-39.4,347,22,False,,
Emmanuel Forbes Jr.,DB,Rams,56.4,47.9,66.5,low,"1.9 solo + 0.8 ast tackles/g (3.4 pts/g from tackle volume alone) | 0.00 TFL/g, 0.00 sacks/g, 1.06 PD/g | Starter - outside corner | listed as CB",,11.0,35.2,21.1,59,85.0,-39.8,348,22,False,,
Alex Singleton,LB,Denver Broncos (pending 2026 FA),63.2,47.4,80.8,medium,"3.4 solo + 5.1 ast tackles/g (8.9 pts/g from tackle volume alone) | 0.00 TFL/g, 0.06 sacks/g, 0.00 PD/g | Real 2025 season-ending injury on record -- games_proj discounted, not assumed fully recovered to a normal 17-game year. | listed as ILB",,,35.1,28.1,41,95.0,-39.9,349,22,False,,
Terrel Bernard,LB,Bills,61.8,46.4,79.1,medium,"3.7 solo + 1.8 ast tackles/g (6.8 pts/g from tackle volume alone) | 0.00 TFL/g, 0.00 sacks/g, 0.25 PD/g | Starter when healthy, but recent injury history | listed as MLB",,7.0,30.9,30.9,44,95.0,-40.0,350,22,False,,
Tyler Allgeier,RB,Cardinals,56.5,35.6,80.3,high,"10.8 carries/g x 4.10 YPC | 0.9 targets/g as receiver, full-PPR",12.0,14.0,32.0,24.6,33,86.4,-40.2,351,22,False,,
Henry To'oTo'o,LB,Texans,61.4,52.2,72.4,low,"2.5 solo + 3.1 ast tackles/g (6.0 pts/g from tackle volume alone) | 0.00 TFL/g, 0.15 sacks/g, 0.23 PD/g | Starter, three-down, paired with Azeez Al-Shaair | listed as ILB",,8.0,30.7,30.7,45,95.0,-40.4,352,22,False,,
Sauce Gardner,DB,Colts,54.0,40.5,69.1,medium,"2.5 solo + 0.7 ast tackles/g (4.4 pts/g from tackle volume alone) | 0.00 TFL/g, 0.00 sacks/g, 0.82 PD/g | Starter - outside corner | listed as CB",,13.0,30.0,24.0,61,85.0,-40.6,353,23,False,,
Dexter Lawrence,DL,Bengals,24.4,18.2,31.2,medium,"0.8 solo + 1.0 ast tackles/g (2.0 pts/g from tackle volume alone) | 0.23 TFL/g, 0.03 sacks/g, 0.23 PD/g | Starting nose tackle, Bengals depth chart | listed as NT",,6.0,12.2,12.2,40,58.0,-41.2,354,23,False,,
Charvarius Ward,DB,Colts,53.4,33.7,75.9,high,"2.4 solo + 1.1 ast tackles/g (4.5 pts/g from tackle volume alone) | 0.00 TFL/g, 0.00 sacks/g, 1.00 PD/g | Starter - outside corner (if healthy) | listed as CB",,13.0,29.7,23.8,62,85.0,-41.2,355,23,False,,
Jihaad Campbell,LB,Eagles,63.8,54.2,75.2,low,"3.6 solo + 1.1 ast tackles/g (6.3 pts/g from tackle volume alone) | 0.12 TFL/g, 0.00 sacks/g, 0.18 PD/g | Entrenched starter, ascending | listed as ILB",,10.0,39.8,23.9,40,95.0,-41.6,356,23,False,,
Christian Benford,DB,Bills,51.6,38.7,66.0,medium,"2.3 solo + 0.8 ast tackles/g (4.0 pts/g from tackle volume alone) | 0.14 TFL/g, 0.14 sacks/g, 0.29 PD/g | Starter - outside corner | listed as CB",,7.0,25.8,25.8,65,85.0,-42.2,357,23,False,,
Malik Hooker,DB,Cowboys,52.5,39.4,67.2,medium,"2.3 solo + 2.0 ast tackles/g (5.0 pts/g from tackle volume alone) | 0.33 TFL/g, 0.00 sacks/g, 0.08 PD/g | Starter/rotational safety | listed as S",,14.0,29.2,23.3,64,85.0,-42.5,358,23,False,,
Elandon Roberts,LB,Raiders,60.9,45.7,78.0,medium,"2.5 solo + 2.8 ast tackles/g (5.8 pts/g from tackle volume alone) | 0.35 TFL/g, 0.00 sacks/g, 0.06 PD/g | Starter/thumper role | listed as OLB",,13.0,33.8,27.1,46,95.0,-42.8,359,23,False,,
Divine Deablo,LB,Falcons,62.3,46.7,79.8,medium,"2.9 solo + 2.7 ast tackles/g (6.4 pts/g from tackle volume alone) | 0.00 TFL/g, 0.08 sacks/g, 0.54 PD/g | Starter | listed as ILB",,11.0,38.9,23.4,42,95.0,-43.2,360,23,False,,
Zach Charbonnet,RB,Seahawks,54.7,27.4,87.6,very_high,"12.7 carries/g x 4.44 YPC | 2.5 targets/g as receiver, full-PPR",12.0,11.0,33.9,20.9,34,86.4,-43.8,361,23,False,,
Patrick Surtain II,DB,Broncos,52.6,39.4,67.2,medium,"2.6 solo + 0.7 ast tackles/g (4.5 pts/g from tackle volume alone) | 0.00 TFL/g, 0.00 sacks/g, 0.86 PD/g | Starter - outside corner | listed as CB",,10.0,32.8,19.7,63,85.0,-44.3,362,23,False,,
Jevon Holland,DB,Giants,49.6,37.2,63.4,medium,"2.7 solo + 1.8 ast tackles/g (5.4 pts/g from tackle volume alone) | 0.04 TFL/g, 0.00 sacks/g, 0.36 PD/g | Starter - safety | listed as S",,8.0,24.8,24.8,66,85.0,-44.7,363,23,False,,
Jacoby Brissett,QB,Cardinals,84.5,53.2,119.9,high,"30.9 pass att/g x 6.4 YPA, 2.4% TD rate (1pt/25 pass yds here, double Top Teamz's rate) | 3.0 rush att/g at 3.5 YPC",,14.0,46.3,38.2,28,123.0,-44.8,364,23,False,,
Cam Skattebo,RB,Giants,51.6,38.7,66.1,medium,"7.5 carries/g x 4.23 YPC | 2.5 targets/g as receiver, full-PPR",8.0,8.0,26.3,25.3,36,86.4,-44.8,365,23,True,3.0,41.4
Matt Milano,LB,Free agent (unsigned),58.0,36.6,82.4,high,"3.0 solo + 2.6 ast tackles/g (6.4 pts/g from tackle volume alone) | 0.00 TFL/g, 0.29 sacks/g, 0.00 PD/g | Unsigned as of Aug 2026 -- games_proj discounted for a landing-spot/ramp-up gap even if he signs before the draft. | listed as OLB",,,32.2,25.8,47,95.0,-46.3,366,23,False,,
RJ Harvey,RB,Broncos,52.0,32.8,73.9,high,"7.6 carries/g x 4.30 YPC | 2.5 targets/g as receiver, full-PPR",7.0,10.0,32.5,19.5,35,86.4,-47.3,367,23,False,,
Derek Stingley Jr.,DB,Texans,47.3,35.4,60.6,medium,"1.5 solo + 0.6 ast tackles/g (2.7 pts/g from tackle volume alone) | 0.00 TFL/g, 0.00 sacks/g, 0.88 PD/g | Starter - outside corner | listed as CB",,8.0,23.6,23.6,69,85.0,-47.6,368,23,False,,
Quinyon Mitchell,DB,Eagles,49.0,36.8,62.7,medium,"2.2 solo + 0.6 ast tackles/g (3.8 pts/g from tackle volume alone) | 0.00 TFL/g, 0.00 sacks/g, 1.06 PD/g | Starter - outside corner | listed as CB",,10.0,30.6,18.4,67,85.0,-48.4,369,24,False,,
Alim McNeill,DL,Lions,17.2,10.8,24.4,high,"0.5 solo + 0.4 ast tackles/g (1.1 pts/g from tackle volume alone) | 0.20 TFL/g, 0.10 sacks/g, 0.10 PD/g | Starting DT alongside Tyleik Williams; aiming for full 3-down role after incomplete ACL recovery | listed as DT",,6.0,8.6,8.6,41,58.0,-50.2,370,24,False,,
Kevin Winston Jr.,DB,Titans,47.4,35.6,60.6,medium,"2.1 solo + 1.3 ast tackles/g (4.1 pts/g from tackle volume alone) | 0.50 TFL/g, 0.10 sacks/g, 0.20 PD/g | Starter - safety (2026) | listed as S",,9.0,29.6,17.8,68,85.0,-50.3,371,24,False,,
Aaron Rodgers,QB,Steelers,82.3,51.9,116.9,high,"32.0 pass att/g x 6.9 YPA, 4.0% TD rate (1pt/25 pass yds here, double Top Teamz's rate) | pocket passer, minimal rushing equity",,9.0,52.0,30.3,29,123.0,-51.0,372,24,False,,
Najee Harris,RB,Chargers,46.6,29.4,66.2,high,"8.2 carries/g x 4.00 YPC | 1.9 targets/g as receiver, full-PPR",8.0,7.0,23.5,23.1,37,86.4,-51.0,373,24,False,,
Frankie Luvu,LB,Commanders,52.7,33.2,74.8,high,"2.5 solo + 2.6 ast tackles/g (5.6 pts/g from tackle volume alone) | 0.00 TFL/g, 0.18 sacks/g, 0.35 PD/g | Uncertain -- Commanders reportedly considering cutting him pre-2026 | listed as OLB",,7.0,26.4,26.4,50,95.0,-51.2,374,24,False,,
Cody Simon,LB,Cardinals,53.8,40.4,68.9,medium,"2.6 solo + 2.2 ast tackles/g (5.5 pts/g from tackle volume alone) | 0.00 TFL/g, 0.03 sacks/g, 0.12 PD/g | Starter, ascending role | listed as ILB",,14.0,29.9,23.9,48,95.0,-51.4,375,24,False,,
Jack Sanborn,LB,Cowboys,51.9,32.7,73.6,high,"2.7 solo + 3.0 ast tackles/g (6.3 pts/g from tackle volume alone) | 0.17 TFL/g, 0.00 sacks/g, 0.00 PD/g | Rotational/injury recovery | listed as ILB",,14.0,28.8,23.0,51,95.0,-53.9,376,24,False,,
Dre Greenlaw,LB,Broncos,53.0,33.4,75.2,high,"1.9 solo + 3.5 ast tackles/g (5.4 pts/g from tackle volume alone) | 0.00 TFL/g, 0.12 sacks/g, 0.25 PD/g | Starter when healthy, but significant injury risk | listed as OLB",,10.0,33.1,19.9,49,95.0,-54.2,377,24,False,,
Tua Tagovailoa,QB,Falcons,78.5,49.5,111.4,high,"31.6 pass att/g x 7.2 YPA, 3.6% TD rate (1pt/25 pass yds here, double Top Teamz's rate) | 1.5 rush att/g at 3.0 YPC",,11.0,48.9,29.6,30,123.0,-55.1,378,24,False,,
Marshon Lattimore,DB,Commanders,39.8,25.1,56.6,high,"1.8 solo + 1.2 ast tackles/g (3.6 pts/g from tackle volume alone) | 0.17 TFL/g, 0.00 sacks/g, 0.78 PD/g | Starter - outside corner (if healthy) | listed as CB",,7.0,19.9,19.9,71,85.0,-56.9,379,24,False,,
Alvin Kamara,RB,Saints,41.5,20.8,66.4,very_high,"5.9 carries/g x 4.00 YPC | 3.5 targets/g as receiver, full-PPR",6.0,8.0,21.0,20.6,39,86.4,-57.2,380,24,False,,
Denzel Ward,DB,Browns,40.6,30.4,51.9,medium,"1.9 solo + 0.7 ast tackles/g (3.4 pts/g from tackle volume alone) | 0.07 TFL/g, 0.00 sacks/g, 0.60 PD/g | Starter - outside corner | listed as CB",,11.0,25.3,15.2,70,85.0,-58.6,381,24,False,,
Rachaad White,RB,Commanders,40.1,25.3,57.0,high,"5.9 carries/g x 3.90 YPC | 2.5 targets/g as receiver, full-PPR",6.0,7.0,19.9,20.3,40,86.4,-58.8,382,24,False,,
Brian Robinson,RB,Falcons,41.8,26.3,59.3,high,"7.7 carries/g x 4.00 YPC | 1.5 targets/g as receiver, full-PPR",8.0,11.0,26.2,15.6,38,86.4,-59.5,383,24,False,,
Isiah Pacheco,RB,Lions,38.5,24.3,54.7,high,"8.5 carries/g x 4.13 YPC | 1.5 targets/g as receiver, full-PPR",8.0,6.0,19.4,19.1,41,86.4,-61.0,384,24,False,,
Denzel Perryman,LB,Chargers,44.6,28.1,63.4,high,"3.0 solo + 1.7 ast tackles/g (5.8 pts/g from tackle volume alone) | 0.00 TFL/g, 0.00 sacks/g, 0.30 PD/g | Expected starter alongside Daiyan Henley in 3-4 defense | listed as MLB",,7.0,22.3,22.3,53,95.0,-61.4,385,25,False,,
DeMarvion Overshown,LB,Cowboys,44.8,28.2,63.7,high,"2.5 solo + 2.2 ast tackles/g (5.4 pts/g from tackle volume alone) | 0.17 TFL/g, 0.00 sacks/g, 0.00 PD/g | Real 2025 season-ending injury on record, but the same research confirms he's cleared/fully healthy for 2026 -- games_proj uses the real 'high risk' games count instead of the harsher unrecovered discount, since there's no specific 2026 games-missed signal left, just residual uncertainty until proven in game action. [28 combined 2025 tackles found in research notes; solo/assist split estimated at this position's observed 53/47 average since the source didn't report the two separately -- not a fabricated total, just an estimated split.] | listed as ILB",,14.0,24.9,19.9,52,95.0,-62.4,386,25,False,,
Jaylon Johnson,DB,Bears,37.0,23.3,52.6,high,"2.1 solo + 0.3 ast tackles/g (3.4 pts/g from tackle volume alone) | 0.29 TFL/g, 0.00 sacks/g, 0.29 PD/g | Starter - outside corner (if healthy) | listed as CB",,10.0,23.1,13.9,72,85.0,-62.7,387,25,False,,
Cody Barton,LB,Titans,44.2,27.9,62.8,high,"2.2 solo + 2.6 ast tackles/g (5.2 pts/g from tackle volume alone) | 0.00 TFL/g, 0.06 sacks/g, 0.00 PD/g | Uncertain -- competition emerging from Cedric Gray | listed as ILB",,9.0,27.7,16.6,54,95.0,-64.6,388,25,False,,
Kenneth Murray Jr.,LB,Free agent (unsigned),42.7,26.9,60.6,high,"2.2 solo + 2.5 ast tackles/g (5.2 pts/g from tackle volume alone) | 0.00 TFL/g, 0.06 sacks/g, 0.12 PD/g | Unsigned as of Aug 2026 -- games_proj discounted for a landing-spot/ramp-up gap even if he signs before the draft. | listed as ILB",,,23.7,19.0,55,95.0,-65.0,389,25,False,,
Chidobe Awuzie,DB,Ravens,32.3,24.2,41.4,medium,"1.8 solo + 0.0 ast tackles/g (2.7 pts/g from tackle volume alone) | 0.00 TFL/g, 0.00 sacks/g, 0.44 PD/g | Starter/rotational corner | listed as CB",,13.0,18.0,14.4,73,85.0,-67.1,390,25,False,,
Deshaun Watson,QB,Browns,67.0,33.5,107.3,very_high,"31.6 pass att/g x 6.5 YPA, 2.9% TD rate (1pt/25 pass yds here, double Top Teamz's rate) | 4.0 rush att/g at 4.0 YPC",,11.0,42.1,25.0,31,123.0,-68.8,391,25,False,,
Baron Browning,LB,Cardinals,38.4,28.8,49.2,medium,"1.2 solo + 1.1 ast tackles/g (2.6 pts/g from tackle volume alone) | 0.27 TFL/g, 0.13 sacks/g, 0.07 PD/g | Rotational/situational pass rusher [34 combined 2025 tackles found in research notes; solo/assist split estimated at this position's observed 53/47 average since the source didn't report the two separately -- not a fabricated total, just an estimated split.] | listed as OLB",,14.0,21.3,17.1,56,95.0,-70.2,392,25,False,,
Rico Dowdle,RB,Steelers,32.1,20.2,45.6,high,"6.0 carries/g x 4.10 YPC | 1.5 targets/g as receiver, full-PPR",6.0,9.0,20.3,11.8,42,86.4,-71.1,393,25,False,,
Christian Wilkins,DL,Free agent (unsigned),0.0,0.0,0.0,high,"0.0 solo + 0.0 ast tackles/g (0.0 pts/g from tackle volume alone) | 0.00 TFL/g, 0.00 sacks/g, 0.00 PD/g | Unsigned as of Aug 2026 -- games_proj discounted for a landing-spot/ramp-up gap even if he signs before the draft. | listed as DT",,,0.0,0.0,42,58.0,-71.8,394,25,False,,
Micah Parsons,DL,Packers,0.0,0.0,0.0,high,"0.0 solo + 0.0 ast tackles/g (0.0 pts/g from tackle volume alone) | 0.00 TFL/g, 0.00 sacks/g, 0.00 PD/g | Real 2025 season-ending injury on record -- games_proj discounted, not assumed fully recovered to a normal 17-game year. | listed as DE",,11.0,0.0,0.0,43,58.0,-71.8,395,25,False,,
Ivan Pace Jr.,LB,Vikings,35.8,26.8,45.8,medium,"2.0 solo + 1.6 ast tackles/g (4.2 pts/g from tackle volume alone) | 0.00 TFL/g, 0.06 sacks/g, 0.00 PD/g | MLB2/rotational -- Eric Wilson listed ahead at MLB1 on 2026 depth chart | listed as MLB",,6.0,17.9,17.9,57,95.0,-72.4,396,25,False,,
Devin Singletary,RB,Giants,29.2,18.4,41.4,high,"4.7 carries/g x 3.84 YPC | 2.0 targets/g as receiver, full-PPR",5.0,8.0,14.9,14.3,44,86.4,-72.8,397,25,False,,
Austin Ekeler,RB,Free agent,29.2,14.6,46.8,very_high,"4.0 carries/g x 3.80 YPC | 3.0 targets/g as receiver, full-PPR",4.0,,16.2,13.0,43,86.4,-73.4,398,25,False,,
Trevon Diggs,DB,Packers,27.4,17.2,38.9,high,"2.2 solo + 0.8 ast tackles/g (3.9 pts/g from tackle volume alone) | 0.00 TFL/g, 0.00 sacks/g, 0.00 PD/g | Rotational/depth corner | listed as CB",,11.0,17.1,10.3,74,85.0,-74.1,399,25,False,,
Blake Corum,RB,Rams,28.2,17.7,40.0,high,"5.6 carries/g x 4.10 YPC | 1.1 targets/g as receiver, full-PPR",5.0,11.0,17.5,10.6,45,86.4,-75.7,400,25,False,,
Julian Love,DB,Seahawks,25.8,21.9,30.4,low,"1.4 solo + 0.0 ast tackles/g (2.0 pts/g from tackle volume alone) | 0.00 TFL/g, 0.00 sacks/g, 0.35 PD/g | Starter - safety | listed as S",,11.0,16.1,9.7,75,85.0,-76.0,401,26,False,,
Kaiir Elam,DB,Titans,25.6,16.2,36.4,high,"1.6 solo + 0.8 ast tackles/g (2.9 pts/g from tackle volume alone) | 0.07 TFL/g, 0.00 sacks/g, 0.14 PD/g | Rotational/depth corner | listed as CB",,9.0,16.0,9.6,76,85.0,-76.2,402,26,False,,
Ray Davis,RB,Bills,24.1,15.2,34.2,high,"5.3 carries/g x 4.03 YPC | 1.1 targets/g as receiver, full-PPR",5.0,7.0,11.8,12.3,47,86.4,-78.9,403,26,False,,
Tyjae Spears,RB,Titans,24.3,15.3,34.5,high,"4.3 carries/g x 3.84 YPC | 1.9 targets/g as receiver, full-PPR",5.0,9.0,15.3,9.0,46,86.4,-80.3,404,26,False,,
Jaydon Blue,RB,Cowboys,23.2,11.6,37.1,very_high,"4.2 carries/g x 4.03 YPC | 1.6 targets/g as receiver, full-PPR",4.0,14.0,12.9,10.3,48,86.4,-80.8,405,26,False,,
Zamir White,RB,Raiders,22.7,14.3,32.3,high,"4.5 carries/g x 3.94 YPC | 1.0 targets/g as receiver, full-PPR",5.0,13.0,12.6,10.1,50,86.4,-81.4,406,26,False,,
Jerome Ford,RB,Browns,22.8,14.4,32.3,high,"4.3 carries/g x 3.65 YPC | 2.0 targets/g as receiver, full-PPR",5.0,11.0,14.3,8.5,49,86.4,-82.0,407,26,False,,
Jaylen Reed,DB,Texans,19.2,12.2,27.4,high,"1.3 solo + 0.7 ast tackles/g (2.5 pts/g from tackle volume alone) | 0.00 TFL/g, 0.00 sacks/g, 0.00 PD/g | Rotational/depth safety | listed as S",,8.0,9.6,9.6,77,85.0,-82.6,408,26,False,,
Justice Hill,RB,Ravens,20.7,10.4,33.1,very_high,"3.2 carries/g x 4.03 YPC | 1.5 targets/g as receiver, full-PPR",3.0,13.0,11.9,8.8,51,86.4,-84.0,409,26,False,,
Jaylen Wright,RB,Dolphins,20.0,12.6,28.4,high,"4.4 carries/g x 3.94 YPC | 1.0 targets/g as receiver, full-PPR",5.0,6.0,9.7,10.3,52,86.4,-84.0,410,26,False,,
Kenneth Gainwell,RB,Buccaneers,19.8,9.9,31.8,very_high,"4.0 carries/g x 3.90 YPC | 1.5 targets/g as receiver, full-PPR",4.0,10.0,12.5,7.4,53,86.4,-85.5,411,26,False,,
Isaac Guerendo,RB,49ers,18.4,9.2,29.5,very_high,"4.3 carries/g x 4.30 YPC | 1.0 targets/g as receiver, full-PPR",4.0,8.0,9.4,9.0,54,86.4,-86.2,412,26,False,,
J.J. McCarthy,QB,Vikings,49.6,24.8,79.4,very_high,"28.0 pass att/g x 6.7 YPA, 3.3% TD rate (1pt/25 pass yds here, double Top Teamz's rate) | 4.0 rush att/g at 4.5 YPC",,6.0,24.8,24.8,32,123.0,-86.4,413,26,False,,
Jihad Ward,LB,Titans,25.6,19.2,32.8,medium,"0.9 solo + 0.9 ast tackles/g (2.0 pts/g from tackle volume alone) | 0.00 TFL/g, 0.29 sacks/g, 0.00 PD/g | Rotational pass rusher -- borderline off-ball LB classification | listed as OLB",,9.0,16.0,9.6,58,95.0,-86.8,414,26,False,,
Jonathon Brooks,RB,Panthers,17.5,8.8,28.1,very_high,"4.9 carries/g x 3.90 YPC | 1.5 targets/g as receiver, full-PPR",5.0,5.0,8.8,8.8,55,86.4,-87.1,415,26,False,,
Braelon Allen,RB,Jets,17.3,8.7,27.7,very_high,"3.6 carries/g x 3.94 YPC | 1.0 targets/g as receiver, full-PPR",4.0,13.0,9.5,7.9,56,86.4,-87.8,416,26,False,,
James Conner,RB,Cardinals,17.1,10.8,24.3,high,"4.0 carries/g x 4.00 YPC | 0.9 targets/g as receiver, full-PPR",4.5,14.0,9.7,7.4,57,86.4,-88.3,417,27,False,,
Jerome Baker,LB,Browns,24.3,15.3,34.5,high,"1.2 solo + 1.2 ast tackles/g (2.6 pts/g from tackle volume alone) | 0.00 TFL/g, 0.09 sacks/g, 0.00 PD/g | Backup/rotational, primarily special teams | listed as OLB",,11.0,15.2,9.1,59,95.0,-88.4,418,27,False,,
Gus Edwards,RB,Uncertain,16.4,8.2,26.3,very_high,"4.0 carries/g x 4.10 YPC | 0.5 targets/g as receiver, full-PPR",4.0,,9.1,7.3,58,86.4,-89.1,419,27,False,,
Kaleb Johnson,RB,Steelers,16.2,8.1,25.9,very_high,"4.0 carries/g x 4.00 YPC | 1.0 targets/g as receiver, full-PPR",4.0,9.0,10.2,6.0,59,86.4,-89.9,420,27,False,,
Cole Holcomb,LB,Steelers,22.8,14.4,32.4,high,"1.7 solo + 0.9 ast tackles/g (3.3 pts/g from tackle volume alone) | 0.00 TFL/g, 0.00 sacks/g, 0.00 PD/g | Depth/rotational, 3 starts only | listed as ILB",,9.0,14.3,8.6,60,95.0,-90.0,421,27,False,,
Trey Benson,RB,Cardinals,14.5,7.2,23.1,very_high,"3.6 carries/g x 4.00 YPC | 0.9 targets/g as receiver, full-PPR",4.0,14.0,8.2,6.3,60,86.4,-91.4,422,27,False,,
Ty Chandler,RB,Vikings,12.6,6.3,20.2,very_high,"3.0 carries/g x 4.00 YPC | 1.0 targets/g as receiver, full-PPR",3.0,6.0,6.2,6.4,61,86.4,-93.3,423,27,False,,
Miles Sanders,RB,Cowboys,12.4,6.2,19.8,very_high,"3.1 carries/g x 3.93 YPC | 1.1 targets/g as receiver, full-PPR",3.0,14.0,6.9,5.5,62,86.4,-93.9,424,27,False,,
Emmett Johnson,RB,Chiefs,12.1,6.0,19.3,very_high,"3.2 carries/g x 3.93 YPC | 1.1 targets/g as receiver, full-PPR",3.0,5.0,5.8,6.3,64,86.4,-93.9,425,27,False,,
Roschon Johnson,RB,Bears,12.2,6.1,19.6,very_high,"3.1 carries/g x 3.90 YPC | 1.1 targets/g as receiver, full-PPR",3.0,10.0,7.6,4.6,63,86.4,-94.6,426,27,False,,
Woody Marks,RB,Texans,11.2,5.6,17.9,very_high,"3.1 carries/g x 4.00 YPC | 1.0 targets/g as receiver, full-PPR",3.0,8.0,5.6,5.5,65,86.4,-95.2,427,27,False,,
Oren Burks,LB,Bengals,17.2,10.8,24.5,high,"1.6 solo + 0.0 ast tackles/g (2.5 pts/g from tackle volume alone) | 0.00 TFL/g, 0.00 sacks/g, 0.00 PD/g | Rotational/backup | listed as ILB",,6.0,8.6,8.6,61,95.0,-95.7,428,27,False,,
Kimani Vidal,RB,Chargers,10.4,5.2,16.7,very_high,"3.1 carries/g x 4.00 YPC | 0.9 targets/g as receiver, full-PPR",3.0,7.0,5.3,5.2,66,86.4,-96.0,429,27,False,,
Ollie Gordon II,RB,Dolphins,9.8,4.9,15.7,very_high,"2.6 carries/g x 3.84 YPC | 1.0 targets/g as receiver, full-PPR",3.0,6.0,4.8,5.0,67,86.4,-96.8,430,27,False,,
Dylan Sampson,RB,Browns,9.6,4.8,15.4,very_high,"2.6 carries/g x 3.84 YPC | 1.0 targets/g as receiver, full-PPR",3.0,11.0,6.0,3.6,68,86.4,-97.7,431,27,False,,
Jordan Mason,RB,Vikings,8.7,4.4,14.0,very_high,"3.0 carries/g x 4.10 YPC | 0.5 targets/g as receiver, full-PPR",3.0,6.0,4.3,4.4,69,86.4,-98.2,432,27,False,,
Willie Gay Jr.,LB,Dolphins,14.2,9.0,20.2,high,"0.6 solo + 0.6 ast tackles/g (1.3 pts/g from tackle volume alone) | 0.00 TFL/g, 0.12 sacks/g, 0.12 PD/g | Rotational, re-signed 1yr deal for 2026 | listed as OLB",,6.0,7.1,7.1,62,95.0,-99.4,433,28,False,,
Devin Neal,RB,Uncertain,7.3,3.7,11.7,very_high,"2.0 carries/g x 3.90 YPC | 1.0 targets/g as receiver, full-PPR",2.0,,4.1,3.2,70,86.4,-100.2,434,28,False,,
Danny Stutsman,LB,Saints,12.0,9.0,15.4,medium,"1.0 solo + 0.0 ast tackles/g (1.5 pts/g from tackle volume alone) | 0.00 TFL/g, 0.00 sacks/g, 0.00 PD/g | Ascending role player, core special teamer | listed as ILB",,8.0,6.0,6.0,63,95.0,-102.2,435,28,False,,
Chris Board,LB,Giants,10.5,6.6,14.9,high,"1.0 solo + 0.0 ast tackles/g (1.5 pts/g from tackle volume alone) | 0.00 TFL/g, 0.00 sacks/g, 0.00 PD/g | Depth/special teams only | listed as ILB",,8.0,5.2,5.2,64,95.0,-104.2,436,28,False,,
A.J. Haulcy,DB,Colts,0.0,0.0,0.0,medium,"0.0 solo + 0.0 ast tackles/g (0.0 pts/g from tackle volume alone) | 0.00 TFL/g, 0.00 sacks/g, 0.00 PD/g | Rookie starter - strong safety | listed as S",,13.0,0.0,0.0,79,85.0,-106.6,437,28,False,,
Caleb Downs,DB,Cowboys,0.0,0.0,0.0,medium,"0.0 solo + 0.0 ast tackles/g (0.0 pts/g from tackle volume alone) | 0.00 TFL/g, 0.00 sacks/g, 0.00 PD/g | Rookie starter - hybrid safety/slot | listed as S",,14.0,0.0,0.0,78,85.0,-106.6,438,28,False,,
Julian Blackmon,DB,FA,0.0,0.0,0.0,high,"0.0 solo + 0.0 ast tackles/g (0.0 pts/g from tackle volume alone) | 0.00 TFL/g, 0.00 sacks/g, 0.00 PD/g | Unsigned as of Aug 2026 -- games_proj discounted for a landing-spot/ramp-up gap even if he signs before the draft. | listed as S",,,0.0,0.0,80,85.0,-106.6,439,28,False,,
Hunter Wohler,DB,Colts,0.0,0.0,0.0,high,"0.0 solo + 0.0 ast tackles/g (0.0 pts/g from tackle volume alone) | 0.00 TFL/g, 0.00 sacks/g, 0.00 PD/g | Real 2025 season-ending injury on record -- games_proj discounted, not assumed fully recovered to a normal 17-game year. | listed as S",,13.0,0.0,0.0,81,85.0,-106.6,440,28,False,,
Michael Penix Jr.,QB,Falcons,35.0,17.5,56.0,very_high,"28.6 pass att/g x 7.0 YPA, 3.6% TD rate (1pt/25 pass yds here, double Top Teamz's rate) | 2.0 rush att/g at 3.5 YPC",,11.0,21.8,13.2,33,123.0,-106.8,441,28,False,,
Deion Jones,LB,Saints,6.8,4.2,9.6,high,"0.6 solo + 0.0 ast tackles/g (1.0 pts/g from tackle volume alone) | 0.00 TFL/g, 0.00 sacks/g, 0.00 PD/g | Depth/rotational, journeyman role | listed as MLB",,8.0,3.4,3.4,65,95.0,-108.7,442,28,False,,
Malcolm Rodriguez,LB,Lions,2.0,1.2,2.8,high,"0.0 solo + 0.0 ast tackles/g (0.0 pts/g from tackle volume alone) | 0.00 TFL/g, 0.00 sacks/g, 0.00 PD/g | Projected 2026 starter at WLB, but coming off ACL recovery | listed as WLB",,6.0,1.0,1.0,66,95.0,-114.7,443,28,False,,
Jeremiah Trotter Jr.,LB,Eagles,2.0,1.5,2.6,medium,"0.0 solo + 0.0 ast tackles/g (0.0 pts/g from tackle volume alone) | 0.00 TFL/g, 0.03 sacks/g, 0.06 PD/g | Rotational, competing for snaps | listed as ILB",,10.0,1.2,0.8,67,95.0,-114.8,444,28,False,,
Josey Jewell,LB,Free agent (unsigned),0.0,0.0,0.0,high,"0.0 solo + 0.0 ast tackles/g (0.0 pts/g from tackle volume alone) | 0.00 TFL/g, 0.00 sacks/g, 0.00 PD/g | N/A -- did not play 2025, health clearance uncertain | listed as ILB",,,0.0,0.0,68,95.0,-117.2,445,28,False,,
Curtis Jacobs,LB,"Out of NFL (DC Defenders, UFL)",0.0,0.0,0.0,high,"0.0 solo + 0.0 ast tackles/g (0.0 pts/g from tackle volume alone) | 0.00 TFL/g, 0.00 sacks/g, 0.00 PD/g | N/A -- off NFL rosters entirely for 2026 | listed as LB",,,0.0,0.0,72,95.0,-117.2,446,28,False,,
De'Vondre Campbell,LB,Unsigned/out of NFL,0.0,0.0,0.0,high,"0.0 solo + 0.0 ast tackles/g (0.0 pts/g from tackle volume alone) | 0.00 TFL/g, 0.00 sacks/g, 0.00 PD/g | N/A -- not on any 2025 or 2026 roster found | listed as OLB",,,0.0,0.0,69,95.0,-117.2,447,28,False,,
Smael Mondon Jr.,LB,Eagles,0.0,0.0,0.0,high,"0.0 solo + 0.0 ast tackles/g (0.0 pts/g from tackle volume alone) | 0.00 TFL/g, 0.00 sacks/g, 0.00 PD/g | Depth/rotational | listed as ILB",,10.0,0.0,0.0,79,95.0,-117.2,448,28,False,,
Arvell Reese,LB,Giants,0.0,0.0,0.0,medium,"0.0 solo + 0.0 ast tackles/g (0.0 pts/g from tackle volume alone) | 0.00 TFL/g, 0.00 sacks/g, 0.00 PD/g | Day 1 starter expected (rookie) | listed as LB",,8.0,0.0,0.0,81,95.0,-117.2,449,29,False,,
Anfernee Orji,LB,Titans,0.0,0.0,0.0,high,"0.0 solo + 0.0 ast tackles/g (0.0 pts/g from tackle volume alone) | 0.00 TFL/g, 0.00 sacks/g, 0.00 PD/g | Uncertain -- recovering from ACL | listed as ILB",,9.0,0.0,0.0,77,95.0,-117.2,450,29,False,,
Chazz Surratt,LB,Seahawks,0.0,0.0,0.0,high,"0.0 solo + 0.0 ast tackles/g (0.0 pts/g from tackle volume alone) | 0.00 TFL/g, 0.00 sacks/g, 0.00 PD/g | Special teams/depth, re-signed for 2026 | listed as ILB",,11.0,0.0,0.0,78,95.0,-117.2,451,29,False,,
Tanner Muse,LB,Depth/unclear roster status,0.0,0.0,0.0,high,"0.0 solo + 0.0 ast tackles/g (0.0 pts/g from tackle volume alone) | 0.00 TFL/g, 0.00 sacks/g, 0.00 PD/g | Deep depth/special teams, not a defensive factor | listed as LB",,,0.0,0.0,71,95.0,-117.2,452,29,False,,
Nicholas Morrow,LB,PHI (unclear active status),0.0,0.0,0.0,high,"0.0 solo + 0.0 ast tackles/g (0.0 pts/g from tackle volume alone) | 0.00 TFL/g, 0.00 sacks/g, 0.00 PD/g | Deep depth/special teams only, unclear if rostered | listed as OLB",,,0.0,0.0,70,95.0,-117.2,453,29,False,,
CJ Allen,LB,Colts,0.0,0.0,0.0,medium,"0.0 solo + 0.0 ast tackles/g (0.0 pts/g from tackle volume alone) | 0.00 TFL/g, 0.00 sacks/g, 0.00 PD/g | Rookie starter/committee -- 2026 2nd-round Colts pick (53rd overall) | listed as LB",,13.0,0.0,0.0,82,95.0,-117.2,454,29,False,,
Josh Ross,LB,MIN (practice squad),0.0,0.0,0.0,high,"0.0 solo + 0.0 ast tackles/g (0.0 pts/g from tackle volume alone) | 0.00 TFL/g, 0.00 sacks/g, 0.00 PD/g | Deep depth/practice squad | listed as ILB",,,0.0,0.0,76,95.0,-117.2,455,29,False,,
Junior Colson,LB,Chargers,0.0,0.0,0.0,high,"0.0 solo + 0.0 ast tackles/g (0.0 pts/g from tackle volume alone) | 0.00 TFL/g, 0.00 sacks/g, 0.00 PD/g | Real 2025 season-ending injury on record -- games_proj discounted, not assumed fully recovered to a normal 17-game year. | listed as ILB",,7.0,0.0,0.0,74,95.0,-117.2,456,29,False,,
Troy Andersen,LB,Falcons,0.0,0.0,0.0,high,"0.0 solo + 0.0 ast tackles/g (0.0 pts/g from tackle volume alone) | 0.00 TFL/g, 0.00 sacks/g, 0.00 PD/g | Depth/injury question mark | listed as ILB",,11.0,0.0,0.0,73,95.0,-117.2,457,29,False,,
Sonny Styles,LB,Commanders,0.0,0.0,0.0,medium,"0.0 solo + 0.0 ast tackles/g (0.0 pts/g from tackle volume alone) | 0.00 TFL/g, 0.00 sacks/g, 0.00 PD/g | Day 1 starter expected (rookie) | listed as LB",,7.0,0.0,0.0,80,95.0,-117.2,458,29,False,,
Kamu Grugier-Hill,LB,Vikings,0.0,0.0,0.0,high,"0.0 solo + 0.0 ast tackles/g (0.0 pts/g from tackle volume alone) | 0.00 TFL/g, 0.00 sacks/g, 0.00 PD/g | Depth linebacker/special teams | listed as OLB",,6.0,0.0,0.0,75,95.0,-117.2,459,29,False,,
Anthony Richardson Sr.,QB,Colts,19.1,9.5,30.5,very_high,"18.2 pass att/g x 6.5 YPA, 3.2% TD rate (1pt/25 pass yds here, double Top Teamz's rate) | 7.0 rush att/g at 5.0 YPC",,13.0,10.6,8.5,34,123.0,-125.0,460,29,False,,
Russell Wilson,QB,Giants,16.5,8.3,26.4,very_high,"22.2 pass att/g x 6.7 YPA, 2.9% TD rate (1pt/25 pass yds here, double Top Teamz's rate) | 1.5 rush att/g at 3.0 YPC",,8.0,8.3,8.3,35,123.0,-127.6,461,29,False,,
Justin Fields,QB,Chiefs,12.8,6.4,20.6,very_high,"18.5 pass att/g x 6.2 YPA, 3.4% TD rate (1pt/25 pass yds here, double Top Teamz's rate) | 8.0 rush att/g at 5.5 YPC",,5.0,6.2,6.7,36,123.0,-132.2,462,29,False,,
Fernando Mendoza,QB,Raiders,12.4,6.2,19.9,very_high,"18.5 pass att/g x 6.5 YPA, 2.6% TD rate (1pt/25 pass yds here, double Top Teamz's rate) | 3.0 rush att/g at 4.5 YPC",,13.0,7.0,5.4,37,123.0,-133.3,463,29,False,,
